<?xml version="1.0" encoding="UTF-8"?>
<!DOCTYPE plist PUBLIC "-//Apple//DTD PLIST 1.0//EN" "http://www.apple.com/DTDs/PropertyList-1.0.dtd"/>

<plist version="1.0">
    <dict>
        <key>ROOT</key>
        <array>
            <dict>
                <key>id</key>
                <string>344</string>
                <key>className</key>
                <string>PTModelObjectEventObserver</string>
                <key>Name</key>
                <dict>
                    <key>value</key>
                    <string>Game Over</string>
                </dict>
                <key>Position</key>
                <dict>
                    <key>value</key>
                    <string>{-71.367,1101.304}</string>
                </dict>
                <key>Scale</key>
                <dict>
                    <key>value</key>
                    <string>{1.000,1.000}</string>
                </dict>
                <key>Hidden</key>
                <dict>
                    <key>visible</key>
                    <string>0</string>
                </dict>
                <key>Locked</key>
                <dict>
                    <key>visible</key>
                    <string>0</string>
                </dict>
                <key>Event Type</key>
                <dict>
                    <key>selectedStringValue</key>
                    <string>kGameOver</string>
                </dict>
                <key>Limit Number</key>
                <dict>
                    <key>visible</key>
                    <string>0</string>
                </dict>
                <key>Plays Before Redirect</key>
                <dict>
                    <key>visible</key>
                    <string>0</string>
                </dict>
                <key>Function</key>
                <dict>
                    <key>selectedStringValue</key>
                    <string>kNoAction</string>
                </dict>
                <key>zDepth</key>
                <string>1</string>
            </dict>
            <dict>
                <key>id</key>
                <string>1317</string>
                <key>className</key>
                <string>PTModelObjectEventObserver</string>
                <key>Name</key>
                <dict>
                    <key>value</key>
                    <string>Game Over</string>
                </dict>
                <key>Position</key>
                <dict>
                    <key>value</key>
                    <string>{-65.327,1121.436}</string>
                </dict>
                <key>Scale</key>
                <dict>
                    <key>value</key>
                    <string>{1.000,1.000}</string>
                </dict>
                <key>Hidden</key>
                <dict>
                    <key>visible</key>
                    <string>0</string>
                </dict>
                <key>Locked</key>
                <dict>
                    <key>visible</key>
                    <string>0</string>
                </dict>
                <key>Event Type</key>
                <dict>
                    <key>selectedStringValue</key>
                    <string>kGameOver</string>
                </dict>
                <key>Limit Number</key>
                <dict>
                    <key>visible</key>
                    <string>0</string>
                </dict>
                <key>Plays Before Redirect</key>
                <dict>
                    <key>visible</key>
                    <string>0</string>
                </dict>
                <key>Function</key>
                <dict>
                    <key>selectedStringValue</key>
                    <string>kNoAction</string>
                </dict>
                <key>zDepth</key>
                <string>1</string>
            </dict>
            <dict>
                <key>id</key>
                <string>1959</string>
                <key>className</key>
                <string>PTModelObjectEventObserver</string>
                <key>Name</key>
                <dict>
                    <key>value</key>
                    <string>You win</string>
                </dict>
                <key>Position</key>
                <dict>
                    <key>value</key>
                    <string>{702.595,1111.267}</string>
                </dict>
                <key>Scale</key>
                <dict>
                    <key>value</key>
                    <string>{1.000,1.000}</string>
                </dict>
                <key>Hidden</key>
                <dict>
                    <key>visible</key>
                    <string>0</string>
                </dict>
                <key>Locked</key>
                <dict>
                    <key>visible</key>
                    <string>0</string>
                </dict>
                <key>Event Type</key>
                <dict>
                    <key>selectedStringValue</key>
                    <string>kScoreSessionPoints</string>
                </dict>
                <key>Limit Number</key>
                <dict>
                    <key>value</key>
                    <string>50.000000</string>
                </dict>
                <key>Plays Before Redirect</key>
                <dict>
                    <key>visible</key>
                    <string>0</string>
                </dict>
                <key>Function</key>
                <dict>
                    <key>selectedStringValue</key>
                    <string>kNoAction</string>
                </dict>
                <key>zDepth</key>
                <string>14</string>
            </dict>
            <dict>
                <key>id</key>
                <string>2593</string>
                <key>className</key>
                <string>PTModelObjectEventObserver</string>
                <key>Name</key>
                <dict>
                    <key>value</key>
                    <string>You win</string>
                </dict>
                <key>Position</key>
                <dict>
                    <key>value</key>
                    <string>{702.595,1111.267}</string>
                </dict>
                <key>Scale</key>
                <dict>
                    <key>value</key>
                    <string>{1.000,1.000}</string>
                </dict>
                <key>Hidden</key>
                <dict>
                    <key>visible</key>
                    <string>0</string>
                </dict>
                <key>Locked</key>
                <dict>
                    <key>visible</key>
                    <string>0</string>
                </dict>
                <key>Event Type</key>
                <dict>
                    <key>selectedStringValue</key>
                    <string>kScoreSessionPoints</string>
                </dict>
                <key>Limit Number</key>
                <dict>
                    <key>value</key>
                    <string>50.000000</string>
                </dict>
                <key>Plays Before Redirect</key>
                <dict>
                    <key>visible</key>
                    <string>0</string>
                </dict>
                <key>Function</key>
                <dict>
                    <key>selectedStringValue</key>
                    <string>kNoAction</string>
                </dict>
                <key>zDepth</key>
                <string>13</string>
            </dict>
            <dict>
                <key>id</key>
                <string>2596</string>
                <key>className</key>
                <string>PTModelObjectEventObserver</string>
                <key>Name</key>
                <dict>
                    <key>value</key>
                    <string>You win</string>
                </dict>
                <key>Position</key>
                <dict>
                    <key>value</key>
                    <string>{702.595,1111.267}</string>
                </dict>
                <key>Scale</key>
                <dict>
                    <key>value</key>
                    <string>{1.000,1.000}</string>
                </dict>
                <key>Hidden</key>
                <dict>
                    <key>visible</key>
                    <string>0</string>
                </dict>
                <key>Locked</key>
                <dict>
                    <key>visible</key>
                    <string>0</string>
                </dict>
                <key>Event Type</key>
                <dict>
                    <key>selectedStringValue</key>
                    <string>kScoreSessionPoints</string>
                </dict>
                <key>Limit Number</key>
                <dict>
                    <key>value</key>
                    <string>50.000000</string>
                </dict>
                <key>Plays Before Redirect</key>
                <dict>
                    <key>visible</key>
                    <string>0</string>
                </dict>
                <key>Function</key>
                <dict>
                    <key>selectedStringValue</key>
                    <string>kNoAction</string>
                </dict>
                <key>zDepth</key>
                <string>14</string>
            </dict>
            <dict>
                <key>id</key>
                <string>9204</string>
                <key>className</key>
                <string>PTModelObjectEventObserver</string>
                <key>Name</key>
                <dict>
                    <key>value</key>
                    <string>Game Over</string>
                </dict>
                <key>Position</key>
                <dict>
                    <key>value</key>
                    <string>{-65.327,1121.436}</string>
                </dict>
                <key>Scale</key>
                <dict>
                    <key>value</key>
                    <string>{1.000,1.000}</string>
                </dict>
                <key>Hidden</key>
                <dict>
                    <key>visible</key>
                    <string>0</string>
                </dict>
                <key>Locked</key>
                <dict>
                    <key>visible</key>
                    <string>0</string>
                </dict>
                <key>Event Type</key>
                <dict>
                    <key>selectedStringValue</key>
                    <string>kGameOver</string>
                </dict>
                <key>Limit Number</key>
                <dict>
                    <key>visible</key>
                    <string>0</string>
                </dict>
                <key>Plays Before Redirect</key>
                <dict>
                    <key>visible</key>
                    <string>0</string>
                </dict>
                <key>Function</key>
                <dict>
                    <key>selectedStringValue</key>
                    <string>kNoAction</string>
                </dict>
                <key>zDepth</key>
                <string>1</string>
            </dict>
            <dict>
                <key>id</key>
                <string>9216</string>
                <key>className</key>
                <string>PTModelObjectEventObserver</string>
                <key>Name</key>
                <dict>
                    <key>value</key>
                    <string>You win</string>
                </dict>
                <key>Position</key>
                <dict>
                    <key>value</key>
                    <string>{702.595,1111.267}</string>
                </dict>
                <key>Scale</key>
                <dict>
                    <key>value</key>
                    <string>{1.000,1.000}</string>
                </dict>
                <key>Hidden</key>
                <dict>
                    <key>visible</key>
                    <string>0</string>
                </dict>
                <key>Locked</key>
                <dict>
                    <key>visible</key>
                    <string>0</string>
                </dict>
                <key>Event Type</key>
                <dict>
                    <key>selectedStringValue</key>
                    <string>kScoreSessionPoints</string>
                </dict>
                <key>Limit Number</key>
                <dict>
                    <key>value</key>
                    <string>100.000000</string>
                </dict>
                <key>Plays Before Redirect</key>
                <dict>
                    <key>visible</key>
                    <string>0</string>
                </dict>
                <key>Function</key>
                <dict>
                    <key>selectedStringValue</key>
                    <string>kNoAction</string>
                </dict>
                <key>zDepth</key>
                <string>14</string>
            </dict>
            <dict>
                <key>id</key>
                <string>9221</string>
                <key>className</key>
                <string>PTModelObjectEventObserver</string>
                <key>Name</key>
                <dict>
                    <key>value</key>
                    <string>Game Over</string>
                </dict>
                <key>Position</key>
                <dict>
                    <key>value</key>
                    <string>{-65.327,1121.436}</string>
                </dict>
                <key>Scale</key>
                <dict>
                    <key>value</key>
                    <string>{1.000,1.000}</string>
                </dict>
                <key>Hidden</key>
                <dict>
                    <key>visible</key>
                    <string>0</string>
                </dict>
                <key>Locked</key>
                <dict>
                    <key>visible</key>
                    <string>0</string>
                </dict>
                <key>Event Type</key>
                <dict>
                    <key>selectedStringValue</key>
                    <string>kGameOver</string>
                </dict>
                <key>Limit Number</key>
                <dict>
                    <key>visible</key>
                    <string>0</string>
                </dict>
                <key>Plays Before Redirect</key>
                <dict>
                    <key>visible</key>
                    <string>0</string>
                </dict>
                <key>Function</key>
                <dict>
                    <key>selectedStringValue</key>
                    <string>kNoAction</string>
                </dict>
                <key>zDepth</key>
                <string>1</string>
            </dict>
            <dict>
                <key>id</key>
                <string>9233</string>
                <key>className</key>
                <string>PTModelObjectEventObserver</string>
                <key>Name</key>
                <dict>
                    <key>value</key>
                    <string>You win</string>
                </dict>
                <key>Position</key>
                <dict>
                    <key>value</key>
                    <string>{702.595,1111.267}</string>
                </dict>
                <key>Scale</key>
                <dict>
                    <key>value</key>
                    <string>{1.000,1.000}</string>
                </dict>
                <key>Hidden</key>
                <dict>
                    <key>visible</key>
                    <string>0</string>
                </dict>
                <key>Locked</key>
                <dict>
                    <key>visible</key>
                    <string>0</string>
                </dict>
                <key>Event Type</key>
                <dict>
                    <key>selectedStringValue</key>
                    <string>kScoreSessionPoints</string>
                </dict>
                <key>Limit Number</key>
                <dict>
                    <key>value</key>
                    <string>50.000000</string>
                </dict>
                <key>Plays Before Redirect</key>
                <dict>
                    <key>visible</key>
                    <string>0</string>
                </dict>
                <key>Function</key>
                <dict>
                    <key>selectedStringValue</key>
                    <string>kNoAction</string>
                </dict>
                <key>zDepth</key>
                <string>14</string>
            </dict>
            <dict>
                <key>id</key>
                <string>9238</string>
                <key>className</key>
                <string>PTModelObjectEventObserver</string>
                <key>Name</key>
                <dict>
                    <key>value</key>
                    <string>Game Over</string>
                </dict>
                <key>Position</key>
                <dict>
                    <key>value</key>
                    <string>{-71.367,1101.304}</string>
                </dict>
                <key>Scale</key>
                <dict>
                    <key>value</key>
                    <string>{1.000,1.000}</string>
                </dict>
                <key>Hidden</key>
                <dict>
                    <key>visible</key>
                    <string>0</string>
                </dict>
                <key>Locked</key>
                <dict>
                    <key>visible</key>
                    <string>0</string>
                </dict>
                <key>Event Type</key>
                <dict>
                    <key>selectedStringValue</key>
                    <string>kGameOver</string>
                </dict>
                <key>Limit Number</key>
                <dict>
                    <key>visible</key>
                    <string>0</string>
                </dict>
                <key>Plays Before Redirect</key>
                <dict>
                    <key>visible</key>
                    <string>0</string>
                </dict>
                <key>Function</key>
                <dict>
                    <key>selectedStringValue</key>
                    <string>kNoAction</string>
                </dict>
                <key>zDepth</key>
                <string>1</string>
            </dict>
            <dict>
                <key>id</key>
                <string>9251</string>
                <key>className</key>
                <string>PTModelObjectEventObserver</string>
                <key>Name</key>
                <dict>
                    <key>value</key>
                    <string>You win</string>
                </dict>
                <key>Position</key>
                <dict>
                    <key>value</key>
                    <string>{702.595,1111.267}</string>
                </dict>
                <key>Scale</key>
                <dict>
                    <key>value</key>
                    <string>{1.000,1.000}</string>
                </dict>
                <key>Hidden</key>
                <dict>
                    <key>visible</key>
                    <string>0</string>
                </dict>
                <key>Locked</key>
                <dict>
                    <key>visible</key>
                    <string>0</string>
                </dict>
                <key>Event Type</key>
                <dict>
                    <key>selectedStringValue</key>
                    <string>kScoreSessionPoints</string>
                </dict>
                <key>Limit Number</key>
                <dict>
                    <key>value</key>
                    <string>100.000000</string>
                </dict>
                <key>Plays Before Redirect</key>
                <dict>
                    <key>visible</key>
                    <string>0</string>
                </dict>
                <key>Function</key>
                <dict>
                    <key>selectedStringValue</key>
                    <string>kNoAction</string>
                </dict>
                <key>zDepth</key>
                <string>14</string>
            </dict>
            <dict>
                <key>id</key>
                <string>11289</string>
                <key>className</key>
                <string>PTModelObjectEventObserver</string>
                <key>Name</key>
                <dict>
                    <key>value</key>
                    <string>Game Over</string>
                </dict>
                <key>Position</key>
                <dict>
                    <key>value</key>
                    <string>{-65.327,1121.436}</string>
                </dict>
                <key>Scale</key>
                <dict>
                    <key>value</key>
                    <string>{1.000,1.000}</string>
                </dict>
                <key>Hidden</key>
                <dict>
                    <key>visible</key>
                    <string>0</string>
                </dict>
                <key>Locked</key>
                <dict>
                    <key>visible</key>
                    <string>0</string>
                </dict>
                <key>Event Type</key>
                <dict>
                    <key>selectedStringValue</key>
                    <string>kGameOver</string>
                </dict>
                <key>Limit Number</key>
                <dict>
                    <key>visible</key>
                    <string>0</string>
                </dict>
                <key>Plays Before Redirect</key>
                <dict>
                    <key>visible</key>
                    <string>0</string>
                </dict>
                <key>Function</key>
                <dict>
                    <key>selectedStringValue</key>
                    <string>kNoAction</string>
                </dict>
                <key>zDepth</key>
                <string>1</string>
            </dict>
            <dict>
                <key>id</key>
                <string>11301</string>
                <key>className</key>
                <string>PTModelObjectEventObserver</string>
                <key>Name</key>
                <dict>
                    <key>value</key>
                    <string>You win</string>
                </dict>
                <key>Position</key>
                <dict>
                    <key>value</key>
                    <string>{702.595,1111.267}</string>
                </dict>
                <key>Scale</key>
                <dict>
                    <key>value</key>
                    <string>{1.000,1.000}</string>
                </dict>
                <key>Hidden</key>
                <dict>
                    <key>visible</key>
                    <string>0</string>
                </dict>
                <key>Locked</key>
                <dict>
                    <key>visible</key>
                    <string>0</string>
                </dict>
                <key>Event Type</key>
                <dict>
                    <key>selectedStringValue</key>
                    <string>kScoreSessionPoints</string>
                </dict>
                <key>Limit Number</key>
                <dict>
                    <key>value</key>
                    <string>150.000000</string>
                </dict>
                <key>Plays Before Redirect</key>
                <dict>
                    <key>visible</key>
                    <string>0</string>
                </dict>
                <key>Function</key>
                <dict>
                    <key>selectedStringValue</key>
                    <string>kNoAction</string>
                </dict>
                <key>zDepth</key>
                <string>14</string>
            </dict>
            <dict>
                <key>id</key>
                <string>11306</string>
                <key>className</key>
                <string>PTModelObjectEventObserver</string>
                <key>Name</key>
                <dict>
                    <key>value</key>
                    <string>Game Over</string>
                </dict>
                <key>Position</key>
                <dict>
                    <key>value</key>
                    <string>{-65.327,1121.436}</string>
                </dict>
                <key>Scale</key>
                <dict>
                    <key>value</key>
                    <string>{1.000,1.000}</string>
                </dict>
                <key>Hidden</key>
                <dict>
                    <key>visible</key>
                    <string>0</string>
                </dict>
                <key>Locked</key>
                <dict>
                    <key>visible</key>
                    <string>0</string>
                </dict>
                <key>Event Type</key>
                <dict>
                    <key>selectedStringValue</key>
                    <string>kGameOver</string>
                </dict>
                <key>Limit Number</key>
                <dict>
                    <key>visible</key>
                    <string>0</string>
                </dict>
                <key>Plays Before Redirect</key>
                <dict>
                    <key>visible</key>
                    <string>0</string>
                </dict>
                <key>Function</key>
                <dict>
                    <key>selectedStringValue</key>
                    <string>kNoAction</string>
                </dict>
                <key>zDepth</key>
                <string>1</string>
            </dict>
            <dict>
                <key>id</key>
                <string>11318</string>
                <key>className</key>
                <string>PTModelObjectEventObserver</string>
                <key>Name</key>
                <dict>
                    <key>value</key>
                    <string>You win</string>
                </dict>
                <key>Position</key>
                <dict>
                    <key>value</key>
                    <string>{702.595,1111.267}</string>
                </dict>
                <key>Scale</key>
                <dict>
                    <key>value</key>
                    <string>{1.000,1.000}</string>
                </dict>
                <key>Hidden</key>
                <dict>
                    <key>visible</key>
                    <string>0</string>
                </dict>
                <key>Locked</key>
                <dict>
                    <key>visible</key>
                    <string>0</string>
                </dict>
                <key>Event Type</key>
                <dict>
                    <key>selectedStringValue</key>
                    <string>kScoreSessionPoints</string>
                </dict>
                <key>Limit Number</key>
                <dict>
                    <key>value</key>
                    <string>50.000000</string>
                </dict>
                <key>Plays Before Redirect</key>
                <dict>
                    <key>visible</key>
                    <string>0</string>
                </dict>
                <key>Function</key>
                <dict>
                    <key>selectedStringValue</key>
                    <string>kNoAction</string>
                </dict>
                <key>zDepth</key>
                <string>14</string>
            </dict>
            <dict>
                <key>id</key>
                <string>11323</string>
                <key>className</key>
                <string>PTModelObjectEventObserver</string>
                <key>Name</key>
                <dict>
                    <key>value</key>
                    <string>Game Over</string>
                </dict>
                <key>Position</key>
                <dict>
                    <key>value</key>
                    <string>{-71.367,1101.304}</string>
                </dict>
                <key>Scale</key>
                <dict>
                    <key>value</key>
                    <string>{1.000,1.000}</string>
                </dict>
                <key>Hidden</key>
                <dict>
                    <key>visible</key>
                    <string>0</string>
                </dict>
                <key>Locked</key>
                <dict>
                    <key>visible</key>
                    <string>0</string>
                </dict>
                <key>Event Type</key>
                <dict>
                    <key>selectedStringValue</key>
                    <string>kGameOver</string>
                </dict>
                <key>Limit Number</key>
                <dict>
                    <key>visible</key>
                    <string>0</string>
                </dict>
                <key>Plays Before Redirect</key>
                <dict>
                    <key>visible</key>
                    <string>0</string>
                </dict>
                <key>Function</key>
                <dict>
                    <key>selectedStringValue</key>
                    <string>kNoAction</string>
                </dict>
                <key>zDepth</key>
                <string>1</string>
            </dict>
            <dict>
                <key>id</key>
                <string>11336</string>
                <key>className</key>
                <string>PTModelObjectEventObserver</string>
                <key>Name</key>
                <dict>
                    <key>value</key>
                    <string>You win</string>
                </dict>
                <key>Position</key>
                <dict>
                    <key>value</key>
                    <string>{702.595,1111.267}</string>
                </dict>
                <key>Scale</key>
                <dict>
                    <key>value</key>
                    <string>{1.000,1.000}</string>
                </dict>
                <key>Hidden</key>
                <dict>
                    <key>visible</key>
                    <string>0</string>
                </dict>
                <key>Locked</key>
                <dict>
                    <key>visible</key>
                    <string>0</string>
                </dict>
                <key>Event Type</key>
                <dict>
                    <key>selectedStringValue</key>
                    <string>kScoreSessionPoints</string>
                </dict>
                <key>Limit Number</key>
                <dict>
                    <key>value</key>
                    <string>150.000000</string>
                </dict>
                <key>Plays Before Redirect</key>
                <dict>
                    <key>visible</key>
                    <string>0</string>
                </dict>
                <key>Function</key>
                <dict>
                    <key>selectedStringValue</key>
                    <string>kNoAction</string>
                </dict>
                <key>zDepth</key>
                <string>14</string>
            </dict>
            <dict>
                <key>id</key>
                <string>11342</string>
                <key>className</key>
                <string>PTModelObjectEventObserver</string>
                <key>Name</key>
                <dict>
                    <key>value</key>
                    <string>Game Over</string>
                </dict>
                <key>Position</key>
                <dict>
                    <key>value</key>
                    <string>{-65.327,1121.436}</string>
                </dict>
                <key>Scale</key>
                <dict>
                    <key>value</key>
                    <string>{1.000,1.000}</string>
                </dict>
                <key>Hidden</key>
                <dict>
                    <key>visible</key>
                    <string>0</string>
                </dict>
                <key>Locked</key>
                <dict>
                    <key>visible</key>
                    <string>0</string>
                </dict>
                <key>Event Type</key>
                <dict>
                    <key>selectedStringValue</key>
                    <string>kGameOver</string>
                </dict>
                <key>Limit Number</key>
                <dict>
                    <key>visible</key>
                    <string>0</string>
                </dict>
                <key>Plays Before Redirect</key>
                <dict>
                    <key>visible</key>
                    <string>0</string>
                </dict>
                <key>Function</key>
                <dict>
                    <key>selectedStringValue</key>
                    <string>kNoAction</string>
                </dict>
                <key>zDepth</key>
                <string>1</string>
            </dict>
            <dict>
                <key>id</key>
                <string>11354</string>
                <key>className</key>
                <string>PTModelObjectEventObserver</string>
                <key>Name</key>
                <dict>
                    <key>value</key>
                    <string>You win</string>
                </dict>
                <key>Position</key>
                <dict>
                    <key>value</key>
                    <string>{702.595,1111.267}</string>
                </dict>
                <key>Scale</key>
                <dict>
                    <key>value</key>
                    <string>{1.000,1.000}</string>
                </dict>
                <key>Hidden</key>
                <dict>
                    <key>visible</key>
                    <string>0</string>
                </dict>
                <key>Locked</key>
                <dict>
                    <key>visible</key>
                    <string>0</string>
                </dict>
                <key>Event Type</key>
                <dict>
                    <key>selectedStringValue</key>
                    <string>kScoreSessionPoints</string>
                </dict>
                <key>Limit Number</key>
                <dict>
                    <key>value</key>
                    <string>200.000000</string>
                </dict>
                <key>Plays Before Redirect</key>
                <dict>
                    <key>visible</key>
                    <string>0</string>
                </dict>
                <key>Function</key>
                <dict>
                    <key>selectedStringValue</key>
                    <string>kNoAction</string>
                </dict>
                <key>zDepth</key>
                <string>14</string>
            </dict>
            <dict>
                <key>id</key>
                <string>11359</string>
                <key>className</key>
                <string>PTModelObjectEventObserver</string>
                <key>Name</key>
                <dict>
                    <key>value</key>
                    <string>Game Over</string>
                </dict>
                <key>Position</key>
                <dict>
                    <key>value</key>
                    <string>{-71.367,1101.304}</string>
                </dict>
                <key>Scale</key>
                <dict>
                    <key>value</key>
                    <string>{1.000,1.000}</string>
                </dict>
                <key>Hidden</key>
                <dict>
                    <key>visible</key>
                    <string>0</string>
                </dict>
                <key>Locked</key>
                <dict>
                    <key>visible</key>
                    <string>0</string>
                </dict>
                <key>Event Type</key>
                <dict>
                    <key>selectedStringValue</key>
                    <string>kGameOver</string>
                </dict>
                <key>Limit Number</key>
                <dict>
                    <key>visible</key>
                    <string>0</string>
                </dict>
                <key>Plays Before Redirect</key>
                <dict>
                    <key>visible</key>
                    <string>0</string>
                </dict>
                <key>Function</key>
                <dict>
                    <key>selectedStringValue</key>
                    <string>kNoAction</string>
                </dict>
                <key>zDepth</key>
                <string>1</string>
            </dict>
            <dict>
                <key>id</key>
                <string>11372</string>
                <key>className</key>
                <string>PTModelObjectEventObserver</string>
                <key>Name</key>
                <dict>
                    <key>value</key>
                    <string>You win</string>
                </dict>
                <key>Position</key>
                <dict>
                    <key>value</key>
                    <string>{702.595,1111.267}</string>
                </dict>
                <key>Scale</key>
                <dict>
                    <key>value</key>
                    <string>{1.000,1.000}</string>
                </dict>
                <key>Hidden</key>
                <dict>
                    <key>visible</key>
                    <string>0</string>
                </dict>
                <key>Locked</key>
                <dict>
                    <key>visible</key>
                    <string>0</string>
                </dict>
                <key>Event Type</key>
                <dict>
                    <key>selectedStringValue</key>
                    <string>kScoreSessionPoints</string>
                </dict>
                <key>Limit Number</key>
                <dict>
                    <key>value</key>
                    <string>200.000000</string>
                </dict>
                <key>Plays Before Redirect</key>
                <dict>
                    <key>visible</key>
                    <string>0</string>
                </dict>
                <key>Function</key>
                <dict>
                    <key>selectedStringValue</key>
                    <string>kNoAction</string>
                </dict>
                <key>zDepth</key>
                <string>14</string>
            </dict>
        </array>
    </dict>
</plist>
