<?xml version="1.0" encoding="UTF-8"?>
<!DOCTYPE plist PUBLIC "-//Apple//DTD PLIST 1.0//EN" "http://www.apple.com/DTDs/PropertyList-1.0.dtd"/>

<plist version="1.0">
    <dict>
        <key>ROOT</key>
        <array>
            <dict>
                <key>id</key>
                <string>98</string>
                <key>className</key>
                <string>PTModelScreen</string>
                <key>Name</key>
                <dict>
                    <key>visible</key>
                    <string>0</string>
                    <key>value</key>
                    <string>Untitled</string>
                </dict>
                <key>Ad Interstitial</key>
                <dict>
                    <key>selectedStringValue</key>
                    <string>kNoAds</string>
                </dict>
                <key>Ad Banner</key>
                <dict>
                    <key>selectedStringValue</key>
                    <string>kNoAds</string>
                </dict>
                <key>Background Scene</key>
                <dict>
                    <key>visible</key>
                    <string>0</string>
                    <key>selectedStringValue</key>
                    <string>kNoBackground</string>
                </dict>
                <key>key</key>
                <string>PTPScreenStart</string>
                <key>openFrames</key>
                <string>40</string>
                <key>idleFrames</key>
                <string>40</string>
                <key>closeFrames</key>
                <string>0</string>
            </dict>
            <dict>
                <key>id</key>
                <string>102</string>
                <key>className</key>
                <string>PTModelScreen</string>
                <key>Name</key>
                <dict>
                    <key>visible</key>
                    <string>0</string>
                    <key>value</key>
                    <string>Untitled</string>
                </dict>
                <key>Ad Interstitial</key>
                <dict>
                    <key>selectedStringValue</key>
                    <string>kNoAds</string>
                </dict>
                <key>Ad Banner</key>
                <dict>
                    <key>selectedStringValue</key>
                    <string>kAdMob</string>
                </dict>
                <key>Background Scene</key>
                <dict>
                    <key>visible</key>
                    <string>0</string>
                    <key>selectedStringValue</key>
                    <string>kNoBackground</string>
                </dict>
                <key>key</key>
                <string>PTPScreenMainMenu</string>
                <key>openFrames</key>
                <string>42</string>
                <key>idleFrames</key>
                <string>40</string>
                <key>closeFrames</key>
                <string>0</string>
            </dict>
            <dict>
                <key>id</key>
                <string>332</string>
                <key>className</key>
                <string>PTModelScreen</string>
                <key>Name</key>
                <dict>
                    <key>visible</key>
                    <string>0</string>
                    <key>value</key>
                    <string>Untitled</string>
                </dict>
                <key>Ad Interstitial</key>
                <dict>
                    <key>selectedStringValue</key>
                    <string>kAdMob</string>
                </dict>
                <key>Ad Banner</key>
                <dict>
                    <key>selectedStringValue</key>
                    <string>kAdMob</string>
                </dict>
                <key>Ad Interstitials Freq.</key>
                <dict>
                    <key>value</key>
                    <string>10.000000</string>
                    <key>animations</key>
                    <array/>
                </dict>
                <key>Ad Banner Freq.</key>
                <dict>
                    <key>animations</key>
                    <array/>
                </dict>
                <key>Background Scene</key>
                <dict>
                    <key>visible</key>
                    <string>0</string>
                    <key>selectedStringValue</key>
                    <string>kNoBackground</string>
                </dict>
                <key>key</key>
                <string>PTPScreenMainMenuUI</string>
                <key>openFrames</key>
                <string>50</string>
                <key>idleFrames</key>
                <string>40</string>
                <key>closeFrames</key>
                <string>0</string>
                <key>loopIdleAnimation</key>
                <string>1</string>
            </dict>
            <dict>
                <key>id</key>
                <string>343</string>
                <key>className</key>
                <string>PTModelScreen</string>
                <key>Name</key>
                <dict>
                    <key>visible</key>
                    <string>0</string>
                    <key>value</key>
                    <string>Untitled</string>
                </dict>
                <key>Ad Interstitial</key>
                <dict>
                    <key>selectedStringValue</key>
                    <string>kAdMob</string>
                </dict>
                <key>Ad Banner</key>
                <dict>
                    <key>selectedStringValue</key>
                    <string>kAdMob</string>
                </dict>
                <key>Ad Interstitials Freq.</key>
                <dict>
                    <key>value</key>
                    <string>4.000000</string>
                </dict>
                <key>Loop Music</key>
                <dict>
                    <key>value</key>
                    <string>0</string>
                </dict>
                <key>Background Scene</key>
                <dict>
                    <key>visible</key>
                    <string>0</string>
                    <key>selectedStringValue</key>
                    <string>kNoBackground</string>
                </dict>
                <key>key</key>
                <string>PTPGameOverScreen</string>
                <key>openFrames</key>
                <string>50</string>
                <key>idleFrames</key>
                <string>40</string>
                <key>closeFrames</key>
                <string>0</string>
                <key>loopIdleAnimation</key>
                <string>1</string>
            </dict>
            <dict>
                <key>id</key>
                <string>1285</string>
                <key>className</key>
                <string>PTModelScreen</string>
                <key>Name</key>
                <dict>
                    <key>visible</key>
                    <string>0</string>
                    <key>value</key>
                    <string>Untitled</string>
                </dict>
                <key>Ad Interstitial</key>
                <dict>
                    <key>selectedStringValue</key>
                    <string>kAdMob</string>
                </dict>
                <key>Ad Banner</key>
                <dict>
                    <key>selectedStringValue</key>
                    <string>kAdMob</string>
                </dict>
                <key>Ad Interstitials Freq.</key>
                <dict>
                    <key>value</key>
                    <string>12.000000</string>
                    <key>animations</key>
                    <array/>
                </dict>
                <key>Ad Banner Freq.</key>
                <dict>
                    <key>animations</key>
                    <array/>
                </dict>
                <key>Background Scene</key>
                <dict>
                    <key>visible</key>
                    <string>0</string>
                    <key>selectedStringValue</key>
                    <string>kNoBackground</string>
                </dict>
                <key>key</key>
                <string>PTPScreenUi 1</string>
                <key>openFrames</key>
                <string>50</string>
                <key>idleFrames</key>
                <string>40</string>
                <key>closeFrames</key>
                <string>0</string>
            </dict>
            <dict>
                <key>id</key>
                <string>1316</string>
                <key>className</key>
                <string>PTModelScreen</string>
                <key>Name</key>
                <dict>
                    <key>visible</key>
                    <string>0</string>
                    <key>value</key>
                    <string>Untitled</string>
                </dict>
                <key>Ad Interstitial</key>
                <dict>
                    <key>selectedStringValue</key>
                    <string>kNoAds</string>
                </dict>
                <key>Ad Banner</key>
                <dict>
                    <key>selectedStringValue</key>
                    <string>kAdMob</string>
                </dict>
                <key>Background Scene</key>
                <dict>
                    <key>visible</key>
                    <string>0</string>
                    <key>selectedStringValue</key>
                    <string>kNoBackground</string>
                </dict>
                <key>key</key>
                <string>PTPScreenUi 2</string>
                <key>openFrames</key>
                <string>40</string>
                <key>idleFrames</key>
                <string>40</string>
                <key>closeFrames</key>
                <string>0</string>
            </dict>
            <dict>
                <key>id</key>
                <string>1541</string>
                <key>className</key>
                <string>PTModelScreen</string>
                <key>Name</key>
                <dict>
                    <key>visible</key>
                    <string>0</string>
                    <key>value</key>
                    <string>Untitled</string>
                </dict>
                <key>Ad Interstitial</key>
                <dict>
                    <key>selectedStringValue</key>
                    <string>kAdMob</string>
                </dict>
                <key>Ad Banner</key>
                <dict>
                    <key>selectedStringValue</key>
                    <string>kAdMob</string>
                </dict>
                <key>Ad Interstitials Freq.</key>
                <dict>
                    <key>value</key>
                    <string>8.000000</string>
                </dict>
                <key>Background Scene</key>
                <dict>
                    <key>visible</key>
                    <string>0</string>
                    <key>selectedStringValue</key>
                    <string>kNoBackground</string>
                </dict>
                <key>key</key>
                <string>PTPScreenUi 3</string>
                <key>openFrames</key>
                <string>50</string>
                <key>idleFrames</key>
                <string>40</string>
                <key>closeFrames</key>
                <string>0</string>
            </dict>
            <dict>
                <key>id</key>
                <string>1844</string>
                <key>className</key>
                <string>PTModelScreen</string>
                <key>Name</key>
                <dict>
                    <key>visible</key>
                    <string>0</string>
                    <key>value</key>
                    <string>Untitled</string>
                </dict>
                <key>Ad Interstitial</key>
                <dict>
                    <key>selectedStringValue</key>
                    <string>kAdMob</string>
                </dict>
                <key>Ad Banner</key>
                <dict>
                    <key>selectedStringValue</key>
                    <string>kAdMob</string>
                </dict>
                <key>Ad Interstitials Freq.</key>
                <dict>
                    <key>value</key>
                    <string>3.000000</string>
                </dict>
                <key>Background Scene</key>
                <dict>
                    <key>visible</key>
                    <string>0</string>
                    <key>selectedStringValue</key>
                    <string>kNoBackground</string>
                </dict>
                <key>key</key>
                <string>PTPScreenUi 4</string>
                <key>openFrames</key>
                <string>50</string>
                <key>idleFrames</key>
                <string>40</string>
                <key>closeFrames</key>
                <string>0</string>
                <key>loopIdleAnimation</key>
                <string>1</string>
            </dict>
            <dict>
                <key>id</key>
                <string>1901</string>
                <key>className</key>
                <string>PTModelScreen</string>
                <key>Name</key>
                <dict>
                    <key>visible</key>
                    <string>0</string>
                    <key>value</key>
                    <string>Untitled</string>
                </dict>
                <key>Ad Interstitial</key>
                <dict>
                    <key>selectedStringValue</key>
                    <string>kAdMob</string>
                </dict>
                <key>Ad Banner</key>
                <dict>
                    <key>selectedStringValue</key>
                    <string>kAdMob</string>
                </dict>
                <key>Background Scene</key>
                <dict>
                    <key>visible</key>
                    <string>0</string>
                    <key>selectedStringValue</key>
                    <string>kNoBackground</string>
                </dict>
                <key>key</key>
                <string>PTPScreenUi 5</string>
                <key>openFrames</key>
                <string>50</string>
                <key>idleFrames</key>
                <string>42</string>
                <key>closeFrames</key>
                <string>0</string>
                <key>loopIdleAnimation</key>
                <string>1</string>
            </dict>
            <dict>
                <key>id</key>
                <string>1979</string>
                <key>className</key>
                <string>PTModelScreen</string>
                <key>Name</key>
                <dict>
                    <key>visible</key>
                    <string>0</string>
                    <key>value</key>
                    <string>Untitled</string>
                </dict>
                <key>Ad Interstitial</key>
                <dict>
                    <key>selectedStringValue</key>
                    <string>kAdMob</string>
                </dict>
                <key>Ad Banner</key>
                <dict>
                    <key>selectedStringValue</key>
                    <string>kAdMob</string>
                </dict>
                <key>Ad Interstitials Freq.</key>
                <dict>
                    <key>value</key>
                    <string>14.000000</string>
                    <key>animations</key>
                    <array/>
                </dict>
                <key>Ad Banner Freq.</key>
                <dict>
                    <key>animations</key>
                    <array/>
                </dict>
                <key>Background Scene</key>
                <dict>
                    <key>visible</key>
                    <string>0</string>
                    <key>selectedStringValue</key>
                    <string>kNoBackground</string>
                </dict>
                <key>key</key>
                <string>PTPScreenUi 6</string>
                <key>openFrames</key>
                <string>50</string>
                <key>idleFrames</key>
                <string>40</string>
                <key>closeFrames</key>
                <string>0</string>
            </dict>
            <dict>
                <key>id</key>
                <string>8834</string>
                <key>className</key>
                <string>PTModelScreen</string>
                <key>Name</key>
                <dict>
                    <key>visible</key>
                    <string>0</string>
                    <key>value</key>
                    <string>Untitled</string>
                </dict>
                <key>Ad Interstitial</key>
                <dict>
                    <key>selectedStringValue</key>
                    <string>kAdMob</string>
                </dict>
                <key>Ad Banner</key>
                <dict>
                    <key>selectedStringValue</key>
                    <string>kAdMob</string>
                </dict>
                <key>Ad Interstitials Freq.</key>
                <dict>
                    <key>value</key>
                    <string>8.000000</string>
                </dict>
                <key>Background Scene</key>
                <dict>
                    <key>visible</key>
                    <string>0</string>
                    <key>selectedStringValue</key>
                    <string>kNoBackground</string>
                </dict>
                <key>key</key>
                <string>PTPScreenUi 7</string>
                <key>openFrames</key>
                <string>50</string>
                <key>idleFrames</key>
                <string>40</string>
                <key>closeFrames</key>
                <string>0</string>
            </dict>
            <dict>
                <key>id</key>
                <string>8844</string>
                <key>className</key>
                <string>PTModelScreen</string>
                <key>Name</key>
                <dict>
                    <key>visible</key>
                    <string>0</string>
                    <key>value</key>
                    <string>Untitled</string>
                </dict>
                <key>Ad Interstitial</key>
                <dict>
                    <key>selectedStringValue</key>
                    <string>kAdMob</string>
                </dict>
                <key>Ad Banner</key>
                <dict>
                    <key>selectedStringValue</key>
                    <string>kAdMob</string>
                </dict>
                <key>Ad Interstitials Freq.</key>
                <dict>
                    <key>value</key>
                    <string>8.000000</string>
                </dict>
                <key>Background Scene</key>
                <dict>
                    <key>visible</key>
                    <string>0</string>
                    <key>selectedStringValue</key>
                    <string>kNoBackground</string>
                </dict>
                <key>key</key>
                <string>PTPScreenUi 8</string>
                <key>openFrames</key>
                <string>50</string>
                <key>idleFrames</key>
                <string>40</string>
                <key>closeFrames</key>
                <string>0</string>
            </dict>
            <dict>
                <key>id</key>
                <string>8854</string>
                <key>className</key>
                <string>PTModelScreen</string>
                <key>Name</key>
                <dict>
                    <key>visible</key>
                    <string>0</string>
                    <key>value</key>
                    <string>Untitled</string>
                </dict>
                <key>Ad Interstitial</key>
                <dict>
                    <key>selectedStringValue</key>
                    <string>kAdMob</string>
                </dict>
                <key>Ad Banner</key>
                <dict>
                    <key>selectedStringValue</key>
                    <string>kAdMob</string>
                </dict>
                <key>Ad Interstitials Freq.</key>
                <dict>
                    <key>value</key>
                    <string>8.000000</string>
                </dict>
                <key>Background Scene</key>
                <dict>
                    <key>visible</key>
                    <string>0</string>
                    <key>selectedStringValue</key>
                    <string>kNoBackground</string>
                </dict>
                <key>key</key>
                <string>PTPScreenUi 9</string>
                <key>openFrames</key>
                <string>50</string>
                <key>idleFrames</key>
                <string>40</string>
                <key>closeFrames</key>
                <string>0</string>
            </dict>
            <dict>
                <key>id</key>
                <string>9203</string>
                <key>className</key>
                <string>PTModelScreen</string>
                <key>Name</key>
                <dict>
                    <key>visible</key>
                    <string>0</string>
                    <key>value</key>
                    <string>Untitled</string>
                </dict>
                <key>Ad Interstitial</key>
                <dict>
                    <key>selectedStringValue</key>
                    <string>kNoAds</string>
                </dict>
                <key>Ad Banner</key>
                <dict>
                    <key>selectedStringValue</key>
                    <string>kAdMob</string>
                </dict>
                <key>Background Scene</key>
                <dict>
                    <key>visible</key>
                    <string>0</string>
                    <key>selectedStringValue</key>
                    <string>kNoBackground</string>
                </dict>
                <key>key</key>
                <string>PTPScreenUi 10</string>
                <key>openFrames</key>
                <string>40</string>
                <key>idleFrames</key>
                <string>40</string>
                <key>closeFrames</key>
                <string>0</string>
            </dict>
            <dict>
                <key>id</key>
                <string>9237</string>
                <key>className</key>
                <string>PTModelScreen</string>
                <key>Name</key>
                <dict>
                    <key>visible</key>
                    <string>0</string>
                    <key>value</key>
                    <string>Untitled</string>
                </dict>
                <key>Ad Interstitial</key>
                <dict>
                    <key>selectedStringValue</key>
                    <string>kNoAds</string>
                </dict>
                <key>Ad Banner</key>
                <dict>
                    <key>selectedStringValue</key>
                    <string>kAdMob</string>
                </dict>
                <key>Background Scene</key>
                <dict>
                    <key>visible</key>
                    <string>0</string>
                    <key>selectedStringValue</key>
                    <string>kNoBackground</string>
                </dict>
                <key>key</key>
                <string>PTPScreenUi 11</string>
                <key>openFrames</key>
                <string>42</string>
                <key>idleFrames</key>
                <string>40</string>
                <key>closeFrames</key>
                <string>0</string>
            </dict>
            <dict>
                <key>id</key>
                <string>9796</string>
                <key>className</key>
                <string>PTModelScreen</string>
                <key>Name</key>
                <dict>
                    <key>visible</key>
                    <string>0</string>
                    <key>value</key>
                    <string>Untitled</string>
                </dict>
                <key>Ad Interstitial</key>
                <dict>
                    <key>selectedStringValue</key>
                    <string>kAdMob</string>
                </dict>
                <key>Ad Banner</key>
                <dict>
                    <key>selectedStringValue</key>
                    <string>kAdMob</string>
                </dict>
                <key>Background Scene</key>
                <dict>
                    <key>visible</key>
                    <string>0</string>
                    <key>selectedStringValue</key>
                    <string>kNoBackground</string>
                </dict>
                <key>key</key>
                <string>PTPScreenUi 13</string>
                <key>openFrames</key>
                <string>50</string>
                <key>idleFrames</key>
                <string>42</string>
                <key>closeFrames</key>
                <string>0</string>
                <key>loopIdleAnimation</key>
                <string>1</string>
            </dict>
            <dict>
                <key>id</key>
                <string>11288</string>
                <key>className</key>
                <string>PTModelScreen</string>
                <key>Name</key>
                <dict>
                    <key>visible</key>
                    <string>0</string>
                    <key>value</key>
                    <string>Untitled</string>
                </dict>
                <key>Ad Interstitial</key>
                <dict>
                    <key>selectedStringValue</key>
                    <string>kNoAds</string>
                </dict>
                <key>Ad Banner</key>
                <dict>
                    <key>selectedStringValue</key>
                    <string>kAdMob</string>
                </dict>
                <key>Background Scene</key>
                <dict>
                    <key>visible</key>
                    <string>0</string>
                    <key>selectedStringValue</key>
                    <string>kNoBackground</string>
                </dict>
                <key>key</key>
                <string>PTPScreenUi 15</string>
                <key>openFrames</key>
                <string>40</string>
                <key>idleFrames</key>
                <string>40</string>
                <key>closeFrames</key>
                <string>0</string>
            </dict>
            <dict>
                <key>id</key>
                <string>11322</string>
                <key>className</key>
                <string>PTModelScreen</string>
                <key>Name</key>
                <dict>
                    <key>visible</key>
                    <string>0</string>
                    <key>value</key>
                    <string>Untitled</string>
                </dict>
                <key>Ad Interstitial</key>
                <dict>
                    <key>selectedStringValue</key>
                    <string>kNoAds</string>
                </dict>
                <key>Ad Banner</key>
                <dict>
                    <key>selectedStringValue</key>
                    <string>kAdMob</string>
                </dict>
                <key>Background Scene</key>
                <dict>
                    <key>visible</key>
                    <string>0</string>
                    <key>selectedStringValue</key>
                    <string>kNoBackground</string>
                </dict>
                <key>key</key>
                <string>PTPScreenUi 16</string>
                <key>openFrames</key>
                <string>42</string>
                <key>idleFrames</key>
                <string>40</string>
                <key>closeFrames</key>
                <string>0</string>
            </dict>
            <dict>
                <key>id</key>
                <string>11341</string>
                <key>className</key>
                <string>PTModelScreen</string>
                <key>Name</key>
                <dict>
                    <key>visible</key>
                    <string>0</string>
                    <key>value</key>
                    <string>Untitled</string>
                </dict>
                <key>Ad Interstitial</key>
                <dict>
                    <key>selectedStringValue</key>
                    <string>kNoAds</string>
                </dict>
                <key>Ad Banner</key>
                <dict>
                    <key>selectedStringValue</key>
                    <string>kAdMob</string>
                </dict>
                <key>Background Scene</key>
                <dict>
                    <key>visible</key>
                    <string>0</string>
                    <key>selectedStringValue</key>
                    <string>kNoBackground</string>
                </dict>
                <key>key</key>
                <string>PTPScreenUi 17</string>
                <key>openFrames</key>
                <string>40</string>
                <key>idleFrames</key>
                <string>40</string>
                <key>closeFrames</key>
                <string>0</string>
            </dict>
            <dict>
                <key>id</key>
                <string>11358</string>
                <key>className</key>
                <string>PTModelScreen</string>
                <key>Name</key>
                <dict>
                    <key>visible</key>
                    <string>0</string>
                    <key>value</key>
                    <string>Untitled</string>
                </dict>
                <key>Ad Interstitial</key>
                <dict>
                    <key>selectedStringValue</key>
                    <string>kNoAds</string>
                </dict>
                <key>Ad Banner</key>
                <dict>
                    <key>selectedStringValue</key>
                    <string>kAdMob</string>
                </dict>
                <key>Background Scene</key>
                <dict>
                    <key>visible</key>
                    <string>0</string>
                    <key>selectedStringValue</key>
                    <string>kNoBackground</string>
                </dict>
                <key>key</key>
                <string>PTPScreenUi 18</string>
                <key>openFrames</key>
                <string>42</string>
                <key>idleFrames</key>
                <string>40</string>
                <key>closeFrames</key>
                <string>0</string>
            </dict>
            <dict>
                <key>id</key>
                <string>11481</string>
                <key>className</key>
                <string>PTModelScreen</string>
                <key>Name</key>
                <dict>
                    <key>visible</key>
                    <string>0</string>
                    <key>value</key>
                    <string>Untitled</string>
                </dict>
                <key>Ad Interstitial</key>
                <dict>
                    <key>selectedStringValue</key>
                    <string>kAdMob</string>
                </dict>
                <key>Ad Banner</key>
                <dict>
                    <key>selectedStringValue</key>
                    <string>kAdMob</string>
                </dict>
                <key>Background Scene</key>
                <dict>
                    <key>visible</key>
                    <string>0</string>
                    <key>selectedStringValue</key>
                    <string>kNoBackground</string>
                </dict>
                <key>key</key>
                <string>PTPScreenUi 23</string>
                <key>openFrames</key>
                <string>50</string>
                <key>idleFrames</key>
                <string>42</string>
                <key>closeFrames</key>
                <string>0</string>
                <key>loopIdleAnimation</key>
                <string>1</string>
            </dict>
            <dict>
                <key>id</key>
                <string>11513</string>
                <key>className</key>
                <string>PTModelScreen</string>
                <key>Name</key>
                <dict>
                    <key>visible</key>
                    <string>0</string>
                    <key>value</key>
                    <string>Untitled</string>
                </dict>
                <key>Ad Interstitial</key>
                <dict>
                    <key>selectedStringValue</key>
                    <string>kAdMob</string>
                </dict>
                <key>Ad Banner</key>
                <dict>
                    <key>selectedStringValue</key>
                    <string>kAdMob</string>
                </dict>
                <key>Background Scene</key>
                <dict>
                    <key>visible</key>
                    <string>0</string>
                    <key>selectedStringValue</key>
                    <string>kNoBackground</string>
                </dict>
                <key>key</key>
                <string>PTPScreenUi 24</string>
                <key>openFrames</key>
                <string>50</string>
                <key>idleFrames</key>
                <string>42</string>
                <key>closeFrames</key>
                <string>0</string>
                <key>loopIdleAnimation</key>
                <string>1</string>
            </dict>
            <dict>
                <key>id</key>
                <string>11711</string>
                <key>className</key>
                <string>PTModelScreen</string>
                <key>Name</key>
                <dict>
                    <key>visible</key>
                    <string>0</string>
                    <key>value</key>
                    <string>Untitled</string>
                </dict>
                <key>Ad Interstitial</key>
                <dict>
                    <key>selectedStringValue</key>
                    <string>kAdMob</string>
                </dict>
                <key>Ad Banner</key>
                <dict>
                    <key>selectedStringValue</key>
                    <string>kAdMob</string>
                </dict>
                <key>Ad Interstitials Freq.</key>
                <dict>
                    <key>value</key>
                    <string>3.000000</string>
                </dict>
                <key>Background Scene</key>
                <dict>
                    <key>visible</key>
                    <string>0</string>
                    <key>selectedStringValue</key>
                    <string>kNoBackground</string>
                </dict>
                <key>key</key>
                <string>PTPScreenUi 12</string>
                <key>openFrames</key>
                <string>50</string>
                <key>idleFrames</key>
                <string>40</string>
                <key>closeFrames</key>
                <string>0</string>
                <key>loopIdleAnimation</key>
                <string>1</string>
            </dict>
            <dict>
                <key>id</key>
                <string>11737</string>
                <key>className</key>
                <string>PTModelScreen</string>
                <key>Name</key>
                <dict>
                    <key>visible</key>
                    <string>0</string>
                    <key>value</key>
                    <string>Untitled</string>
                </dict>
                <key>Ad Interstitial</key>
                <dict>
                    <key>selectedStringValue</key>
                    <string>kAdMob</string>
                </dict>
                <key>Ad Banner</key>
                <dict>
                    <key>selectedStringValue</key>
                    <string>kAdMob</string>
                </dict>
                <key>Ad Interstitials Freq.</key>
                <dict>
                    <key>value</key>
                    <string>3.000000</string>
                </dict>
                <key>Background Scene</key>
                <dict>
                    <key>visible</key>
                    <string>0</string>
                    <key>selectedStringValue</key>
                    <string>kNoBackground</string>
                </dict>
                <key>key</key>
                <string>PTPScreenUi 14</string>
                <key>openFrames</key>
                <string>50</string>
                <key>idleFrames</key>
                <string>40</string>
                <key>closeFrames</key>
                <string>0</string>
                <key>loopIdleAnimation</key>
                <string>1</string>
            </dict>
            <dict>
                <key>id</key>
                <string>11763</string>
                <key>className</key>
                <string>PTModelScreen</string>
                <key>Name</key>
                <dict>
                    <key>visible</key>
                    <string>0</string>
                    <key>value</key>
                    <string>Untitled</string>
                </dict>
                <key>Ad Interstitial</key>
                <dict>
                    <key>selectedStringValue</key>
                    <string>kAdMob</string>
                </dict>
                <key>Ad Banner</key>
                <dict>
                    <key>selectedStringValue</key>
                    <string>kAdMob</string>
                </dict>
                <key>Ad Interstitials Freq.</key>
                <dict>
                    <key>value</key>
                    <string>2.000000</string>
                </dict>
                <key>Background Scene</key>
                <dict>
                    <key>visible</key>
                    <string>0</string>
                    <key>selectedStringValue</key>
                    <string>kNoBackground</string>
                </dict>
                <key>key</key>
                <string>PTPScreenUi 19</string>
                <key>openFrames</key>
                <string>50</string>
                <key>idleFrames</key>
                <string>40</string>
                <key>closeFrames</key>
                <string>0</string>
                <key>loopIdleAnimation</key>
                <string>1</string>
            </dict>
            <dict>
                <key>id</key>
                <string>11789</string>
                <key>className</key>
                <string>PTModelScreen</string>
                <key>Name</key>
                <dict>
                    <key>visible</key>
                    <string>0</string>
                    <key>value</key>
                    <string>Untitled</string>
                </dict>
                <key>Ad Interstitial</key>
                <dict>
                    <key>selectedStringValue</key>
                    <string>kAdMob</string>
                </dict>
                <key>Ad Banner</key>
                <dict>
                    <key>selectedStringValue</key>
                    <string>kAdMob</string>
                </dict>
                <key>Ad Interstitials Freq.</key>
                <dict>
                    <key>value</key>
                    <string>4.000000</string>
                </dict>
                <key>Loop Music</key>
                <dict>
                    <key>value</key>
                    <string>0</string>
                </dict>
                <key>Background Scene</key>
                <dict>
                    <key>visible</key>
                    <string>0</string>
                    <key>selectedStringValue</key>
                    <string>kNoBackground</string>
                </dict>
                <key>key</key>
                <string>PTPScreenUi 20</string>
                <key>openFrames</key>
                <string>50</string>
                <key>idleFrames</key>
                <string>40</string>
                <key>closeFrames</key>
                <string>0</string>
                <key>loopIdleAnimation</key>
                <string>1</string>
            </dict>
            <dict>
                <key>id</key>
                <string>11815</string>
                <key>className</key>
                <string>PTModelScreen</string>
                <key>Name</key>
                <dict>
                    <key>visible</key>
                    <string>0</string>
                    <key>value</key>
                    <string>Untitled</string>
                </dict>
                <key>Ad Interstitial</key>
                <dict>
                    <key>selectedStringValue</key>
                    <string>kAdMob</string>
                </dict>
                <key>Ad Banner</key>
                <dict>
                    <key>selectedStringValue</key>
                    <string>kAdMob</string>
                </dict>
                <key>Ad Interstitials Freq.</key>
                <dict>
                    <key>value</key>
                    <string>4.000000</string>
                </dict>
                <key>Loop Music</key>
                <dict>
                    <key>value</key>
                    <string>0</string>
                </dict>
                <key>Background Scene</key>
                <dict>
                    <key>visible</key>
                    <string>0</string>
                    <key>selectedStringValue</key>
                    <string>kNoBackground</string>
                </dict>
                <key>key</key>
                <string>PTPScreenUi 21</string>
                <key>openFrames</key>
                <string>50</string>
                <key>idleFrames</key>
                <string>40</string>
                <key>closeFrames</key>
                <string>0</string>
                <key>loopIdleAnimation</key>
                <string>1</string>
            </dict>
            <dict>
                <key>id</key>
                <string>11841</string>
                <key>className</key>
                <string>PTModelScreen</string>
                <key>Name</key>
                <dict>
                    <key>visible</key>
                    <string>0</string>
                    <key>value</key>
                    <string>Untitled</string>
                </dict>
                <key>Ad Interstitial</key>
                <dict>
                    <key>selectedStringValue</key>
                    <string>kAdMob</string>
                </dict>
                <key>Ad Banner</key>
                <dict>
                    <key>selectedStringValue</key>
                    <string>kAdMob</string>
                </dict>
                <key>Ad Interstitials Freq.</key>
                <dict>
                    <key>value</key>
                    <string>3.000000</string>
                </dict>
                <key>Loop Music</key>
                <dict>
                    <key>value</key>
                    <string>0</string>
                </dict>
                <key>Background Scene</key>
                <dict>
                    <key>visible</key>
                    <string>0</string>
                    <key>selectedStringValue</key>
                    <string>kNoBackground</string>
                </dict>
                <key>key</key>
                <string>PTPScreenUi 22</string>
                <key>openFrames</key>
                <string>50</string>
                <key>idleFrames</key>
                <string>40</string>
                <key>closeFrames</key>
                <string>0</string>
                <key>loopIdleAnimation</key>
                <string>1</string>
            </dict>
        </array>
    </dict>
</plist>
