<?xml version="1.0" encoding="UTF-8"?>
<!DOCTYPE plist PUBLIC "-//Apple//DTD PLIST 1.0//EN" "http://www.apple.com/DTDs/PropertyList-1.0.dtd"/>

<plist version="1.0">
    <dict>
        <key>ROOT</key>
        <array>
            <dict>
                <key>id</key>
                <string>303</string>
                <key>sprites</key>
                <array>
                    <string>304</string>
                </array>
            </dict>
            <dict>
                <key>id</key>
                <string>361</string>
                <key>sprites</key>
                <array>
                    <string>362</string>
                </array>
            </dict>
            <dict>
                <key>id</key>
                <string>366</string>
                <key>sprites</key>
                <array>
                    <string>367</string>
                </array>
            </dict>
            <dict>
                <key>id</key>
                <string>378</string>
                <key>sprites</key>
                <array>
                    <string>379</string>
                    <string>380</string>
                </array>
            </dict>
            <dict>
                <key>id</key>
                <string>466</string>
                <key>sprites</key>
                <array>
                    <string>467</string>
                </array>
            </dict>
            <dict>
                <key>id</key>
                <string>489</string>
                <key>sprites</key>
                <array>
                    <string>490</string>
                    <string>491</string>
                    <string>492</string>
                </array>
            </dict>
            <dict>
                <key>id</key>
                <string>537</string>
                <key>sprites</key>
                <array>
                    <string>538</string>
                </array>
            </dict>
            <dict>
                <key>id</key>
                <string>541</string>
                <key>sprites</key>
                <array>
                    <string>542</string>
                </array>
            </dict>
            <dict>
                <key>id</key>
                <string>675</string>
                <key>sprites</key>
                <array>
                    <string>676</string>
                    <string>677</string>
                    <string>678</string>
                    <string>679</string>
                </array>
            </dict>
            <dict>
                <key>id</key>
                <string>751</string>
                <key>sprites</key>
                <array>
                    <string>752</string>
                    <string>753</string>
                </array>
            </dict>
            <dict>
                <key>id</key>
                <string>782</string>
                <key>sprites</key>
                <array>
                    <string>783</string>
                </array>
            </dict>
            <dict>
                <key>id</key>
                <string>830</string>
                <key>sprites</key>
                <array>
                    <string>831</string>
                </array>
            </dict>
            <dict>
                <key>id</key>
                <string>841</string>
                <key>sprites</key>
                <array>
                    <string>842</string>
                </array>
            </dict>
            <dict>
                <key>id</key>
                <string>870</string>
                <key>sprites</key>
                <array>
                    <string>871</string>
                </array>
            </dict>
            <dict>
                <key>id</key>
                <string>875</string>
                <key>sprites</key>
                <array>
                    <string>876</string>
                </array>
            </dict>
            <dict>
                <key>id</key>
                <string>1017</string>
                <key>sprites</key>
                <array>
                    <string>1018</string>
                    <string>1019</string>
                    <string>1020</string>
                </array>
            </dict>
            <dict>
                <key>id</key>
                <string>1042</string>
                <key>sprites</key>
                <array>
                    <string>1043</string>
                    <string>1044</string>
                    <string>1045</string>
                    <string>1046</string>
                </array>
            </dict>
            <dict>
                <key>id</key>
                <string>1207</string>
                <key>sprites</key>
                <array>
                    <string>1208</string>
                </array>
            </dict>
            <dict>
                <key>id</key>
                <string>1214</string>
                <key>sprites</key>
                <array>
                    <string>1215</string>
                </array>
            </dict>
            <dict>
                <key>id</key>
                <string>1225</string>
                <key>sprites</key>
                <array>
                    <string>1226</string>
                </array>
            </dict>
            <dict>
                <key>id</key>
                <string>1234</string>
                <key>sprites</key>
                <array>
                    <string>1235</string>
                    <string>1236</string>
                    <string>1237</string>
                </array>
            </dict>
            <dict>
                <key>id</key>
                <string>1245</string>
                <key>sprites</key>
                <array>
                    <string>1246</string>
                </array>
            </dict>
            <dict>
                <key>id</key>
                <string>1249</string>
                <key>sprites</key>
                <array>
                    <string>1250</string>
                </array>
            </dict>
            <dict>
                <key>id</key>
                <string>1266</string>
                <key>sprites</key>
                <array>
                    <string>1267</string>
                </array>
            </dict>
            <dict>
                <key>id</key>
                <string>1270</string>
                <key>sprites</key>
                <array>
                    <string>1271</string>
                </array>
            </dict>
            <dict>
                <key>id</key>
                <string>1276</string>
                <key>sprites</key>
                <array>
                    <string>1277</string>
                </array>
            </dict>
            <dict>
                <key>id</key>
                <string>1335</string>
                <key>sprites</key>
                <array>
                    <string>1336</string>
                </array>
            </dict>
            <dict>
                <key>id</key>
                <string>1382</string>
                <key>sprites</key>
                <array>
                    <string>1383</string>
                    <string>1384</string>
                    <string>1385</string>
                </array>
            </dict>
            <dict>
                <key>id</key>
                <string>1395</string>
                <key>sprites</key>
                <array>
                    <string>1396</string>
                </array>
            </dict>
            <dict>
                <key>id</key>
                <string>1408</string>
                <key>sprites</key>
                <array>
                    <string>1409</string>
                </array>
            </dict>
            <dict>
                <key>id</key>
                <string>1429</string>
                <key>sprites</key>
                <array>
                    <string>1430</string>
                </array>
            </dict>
            <dict>
                <key>id</key>
                <string>1437</string>
                <key>sprites</key>
                <array>
                    <string>1438</string>
                </array>
            </dict>
            <dict>
                <key>id</key>
                <string>1446</string>
                <key>sprites</key>
                <array>
                    <string>1447</string>
                </array>
            </dict>
            <dict>
                <key>id</key>
                <string>1454</string>
                <key>sprites</key>
                <array>
                    <string>1455</string>
                </array>
            </dict>
            <dict>
                <key>id</key>
                <string>1504</string>
                <key>sprites</key>
                <array>
                    <string>1505</string>
                </array>
            </dict>
            <dict>
                <key>id</key>
                <string>1534</string>
                <key>sprites</key>
                <array>
                    <string>1535</string>
                </array>
            </dict>
            <dict>
                <key>id</key>
                <string>1591</string>
                <key>sprites</key>
                <array>
                    <string>1592</string>
                </array>
            </dict>
            <dict>
                <key>id</key>
                <string>1597</string>
                <key>sprites</key>
                <array>
                    <string>1598</string>
                </array>
            </dict>
            <dict>
                <key>id</key>
                <string>1614</string>
                <key>sprites</key>
                <array>
                    <string>1615</string>
                </array>
            </dict>
            <dict>
                <key>id</key>
                <string>1626</string>
                <key>sprites</key>
                <array>
                    <string>1627</string>
                </array>
            </dict>
            <dict>
                <key>id</key>
                <string>1630</string>
                <key>sprites</key>
                <array>
                    <string>1631</string>
                </array>
            </dict>
            <dict>
                <key>id</key>
                <string>1638</string>
                <key>sprites</key>
                <array>
                    <string>1639</string>
                </array>
            </dict>
            <dict>
                <key>id</key>
                <string>1644</string>
                <key>sprites</key>
                <array>
                    <string>1645</string>
                </array>
            </dict>
            <dict>
                <key>id</key>
                <string>1655</string>
                <key>sprites</key>
                <array>
                    <string>1656</string>
                </array>
            </dict>
            <dict>
                <key>id</key>
                <string>1664</string>
                <key>sprites</key>
                <array>
                    <string>1665</string>
                </array>
            </dict>
            <dict>
                <key>id</key>
                <string>1676</string>
                <key>sprites</key>
                <array>
                    <string>1677</string>
                </array>
            </dict>
            <dict>
                <key>id</key>
                <string>1788</string>
                <key>sprites</key>
                <array>
                    <string>1789</string>
                    <string>1790</string>
                </array>
            </dict>
            <dict>
                <key>id</key>
                <string>1829</string>
                <key>sprites</key>
                <array>
                    <string>1830</string>
                </array>
            </dict>
            <dict>
                <key>id</key>
                <string>1869</string>
                <key>sprites</key>
                <array>
                    <string>1870</string>
                </array>
            </dict>
            <dict>
                <key>id</key>
                <string>1875</string>
                <key>sprites</key>
                <array>
                    <string>1876</string>
                </array>
            </dict>
            <dict>
                <key>id</key>
                <string>1881</string>
                <key>sprites</key>
                <array>
                    <string>1882</string>
                </array>
            </dict>
            <dict>
                <key>id</key>
                <string>1887</string>
                <key>sprites</key>
                <array>
                    <string>1888</string>
                </array>
            </dict>
            <dict>
                <key>id</key>
                <string>1926</string>
                <key>sprites</key>
                <array>
                    <string>1927</string>
                </array>
            </dict>
            <dict>
                <key>id</key>
                <string>1933</string>
                <key>sprites</key>
                <array>
                    <string>1934</string>
                    <string>1935</string>
                </array>
            </dict>
            <dict>
                <key>id</key>
                <string>1941</string>
                <key>sprites</key>
                <array>
                    <string>1942</string>
                </array>
            </dict>
            <dict>
                <key>id</key>
                <string>1947</string>
                <key>sprites</key>
                <array>
                    <string>1948</string>
                </array>
            </dict>
            <dict>
                <key>id</key>
                <string>1987</string>
                <key>sprites</key>
                <array>
                    <string>1988</string>
                </array>
            </dict>
            <dict>
                <key>id</key>
                <string>2054</string>
                <key>sprites</key>
                <array>
                    <string>2055</string>
                </array>
            </dict>
            <dict>
                <key>id</key>
                <string>2060</string>
                <key>sprites</key>
                <array>
                    <string>2061</string>
                </array>
            </dict>
            <dict>
                <key>id</key>
                <string>2066</string>
                <key>sprites</key>
                <array>
                    <string>2067</string>
                </array>
            </dict>
            <dict>
                <key>id</key>
                <string>2076</string>
                <key>sprites</key>
                <array>
                    <string>2077</string>
                </array>
            </dict>
            <dict>
                <key>id</key>
                <string>2082</string>
                <key>sprites</key>
                <array>
                    <string>2083</string>
                </array>
            </dict>
            <dict>
                <key>id</key>
                <string>2088</string>
                <key>sprites</key>
                <array>
                    <string>2089</string>
                </array>
            </dict>
            <dict>
                <key>id</key>
                <string>2094</string>
                <key>sprites</key>
                <array>
                    <string>2095</string>
                </array>
            </dict>
            <dict>
                <key>id</key>
                <string>2164</string>
                <key>sprites</key>
                <array>
                    <string>2165</string>
                </array>
            </dict>
            <dict>
                <key>id</key>
                <string>2182</string>
                <key>sprites</key>
                <array>
                    <string>2183</string>
                </array>
            </dict>
            <dict>
                <key>id</key>
                <string>2201</string>
                <key>sprites</key>
                <array>
                    <string>2202</string>
                </array>
            </dict>
            <dict>
                <key>id</key>
                <string>2213</string>
                <key>sprites</key>
                <array>
                    <string>2214</string>
                </array>
            </dict>
            <dict>
                <key>id</key>
                <string>2224</string>
                <key>sprites</key>
                <array>
                    <string>2225</string>
                </array>
            </dict>
            <dict>
                <key>id</key>
                <string>2335</string>
                <key>sprites</key>
                <array>
                    <string>2336</string>
                    <string>2337</string>
                </array>
            </dict>
            <dict>
                <key>id</key>
                <string>2597</string>
                <key>sprites</key>
                <array>
                    <string>2598</string>
                </array>
            </dict>
            <dict>
                <key>id</key>
                <string>2625</string>
                <key>sprites</key>
                <array>
                    <string>2626</string>
                </array>
            </dict>
            <dict>
                <key>id</key>
                <string>3131</string>
                <key>sprites</key>
                <array>
                    <string>3132</string>
                </array>
            </dict>
            <dict>
                <key>id</key>
                <string>3143</string>
                <key>sprites</key>
                <array>
                    <string>3144</string>
                </array>
            </dict>
            <dict>
                <key>id</key>
                <string>3154</string>
                <key>sprites</key>
                <array>
                    <string>3155</string>
                </array>
            </dict>
            <dict>
                <key>id</key>
                <string>3167</string>
                <key>sprites</key>
                <array>
                    <string>3168</string>
                </array>
            </dict>
            <dict>
                <key>id</key>
                <string>3179</string>
                <key>sprites</key>
                <array>
                    <string>3180</string>
                </array>
            </dict>
            <dict>
                <key>id</key>
                <string>3191</string>
                <key>sprites</key>
                <array>
                    <string>3192</string>
                </array>
            </dict>
            <dict>
                <key>id</key>
                <string>3203</string>
                <key>sprites</key>
                <array>
                    <string>3204</string>
                </array>
            </dict>
            <dict>
                <key>id</key>
                <string>7227</string>
                <key>sprites</key>
                <array>
                    <string>7228</string>
                </array>
            </dict>
            <dict>
                <key>id</key>
                <string>8726</string>
                <key>sprites</key>
                <array>
                    <string>8727</string>
                </array>
            </dict>
            <dict>
                <key>id</key>
                <string>8730</string>
                <key>sprites</key>
                <array>
                    <string>8731</string>
                </array>
            </dict>
            <dict>
                <key>id</key>
                <string>11888</string>
                <key>sprites</key>
                <array>
                    <string>11889</string>
                </array>
            </dict>
            <dict>
                <key>id</key>
                <string>11892</string>
                <key>sprites</key>
                <array>
                    <string>11893</string>
                </array>
            </dict>
        </array>
    </dict>
</plist>
