<?xml version="1.0" encoding="UTF-8"?>
<!DOCTYPE plist PUBLIC "-//Apple//DTD PLIST 1.0//EN" "http://www.apple.com/DTDs/PropertyList-1.0.dtd"/>

<plist version="1.0">
    <dict>
        <key>ROOT</key>
        <array>
            <dict>
                <key>id</key>
                <string>344</string>
            </dict>
            <dict>
                <key>id</key>
                <string>1317</string>
            </dict>
            <dict>
                <key>id</key>
                <string>1959</string>
            </dict>
            <dict>
                <key>id</key>
                <string>2593</string>
            </dict>
            <dict>
                <key>id</key>
                <string>2596</string>
            </dict>
            <dict>
                <key>id</key>
                <string>9204</string>
            </dict>
            <dict>
                <key>id</key>
                <string>9216</string>
            </dict>
            <dict>
                <key>id</key>
                <string>9221</string>
            </dict>
            <dict>
                <key>id</key>
                <string>9233</string>
            </dict>
            <dict>
                <key>id</key>
                <string>9238</string>
            </dict>
            <dict>
                <key>id</key>
                <string>9251</string>
            </dict>
            <dict>
                <key>id</key>
                <string>11289</string>
            </dict>
            <dict>
                <key>id</key>
                <string>11301</string>
            </dict>
            <dict>
                <key>id</key>
                <string>11306</string>
            </dict>
            <dict>
                <key>id</key>
                <string>11318</string>
            </dict>
            <dict>
                <key>id</key>
                <string>11323</string>
            </dict>
            <dict>
                <key>id</key>
                <string>11336</string>
            </dict>
            <dict>
                <key>id</key>
                <string>11342</string>
            </dict>
            <dict>
                <key>id</key>
                <string>11354</string>
            </dict>
            <dict>
                <key>id</key>
                <string>11359</string>
            </dict>
            <dict>
                <key>id</key>
                <string>11372</string>
            </dict>
        </array>
    </dict>
</plist>
