<?xml version="1.0" encoding="UTF-8"?>
<!DOCTYPE plist PUBLIC "-//Apple//DTD PLIST 1.0//EN" "http://www.apple.com/DTDs/PropertyList-1.0.dtd"/>

<plist version="1.0">
    <dict>
        <key>ROOT</key>
        <array>
            <dict>
                <key>id</key>
                <string>300</string>
                <key>Texture</key>
                <dict>
                    <key>value</key>
                    <string>303</string>
                </dict>
            </dict>
            <dict>
                <key>id</key>
                <string>465</string>
                <key>Texture</key>
                <dict>
                    <key>value</key>
                    <string>466</string>
                </dict>
            </dict>
            <dict>
                <key>id</key>
                <string>736</string>
                <key>Texture</key>
                <dict>
                    <key>value</key>
                    <string>466</string>
                </dict>
            </dict>
            <dict>
                <key>id</key>
                <string>739</string>
                <key>Texture</key>
                <dict>
                    <key>value</key>
                    <string>466</string>
                </dict>
            </dict>
            <dict>
                <key>id</key>
                <string>745</string>
                <key>Texture</key>
                <dict>
                    <key>value</key>
                    <string>782</string>
                </dict>
            </dict>
            <dict>
                <key>id</key>
                <string>1355</string>
                <key>Texture</key>
                <dict>
                    <key>value</key>
                    <string>303</string>
                </dict>
            </dict>
            <dict>
                <key>id</key>
                <string>1359</string>
                <key>Texture</key>
                <dict>
                    <key>value</key>
                    <string>303</string>
                </dict>
            </dict>
            <dict>
                <key>id</key>
                <string>1373</string>
                <key>Texture</key>
                <dict>
                    <key>value</key>
                    <string>303</string>
                </dict>
            </dict>
            <dict>
                <key>id</key>
                <string>1377</string>
                <key>Texture</key>
                <dict>
                    <key>value</key>
                    <string>303</string>
                </dict>
            </dict>
            <dict>
                <key>id</key>
                <string>7241</string>
                <key>Texture</key>
                <dict>
                    <key>value</key>
                    <string>466</string>
                </dict>
            </dict>
            <dict>
                <key>id</key>
                <string>7248</string>
                <key>Texture</key>
                <dict>
                    <key>value</key>
                    <string>466</string>
                </dict>
            </dict>
        </array>
    </dict>
</plist>
