<?xml version="1.0" encoding="UTF-8"?>
<!DOCTYPE plist PUBLIC "-//Apple//DTD PLIST 1.0//EN" "http://www.apple.com/DTDs/PropertyList-1.0.dtd"/>

<plist version="1.0">
    <dict>
        <key>ROOT</key>
        <array>
            <dict>
                <key>id</key>
                <string>100</string>
                <key>components</key>
                <array>
                    <string>329</string>
                    <string>330</string>
                </array>
                <key>children</key>
                <array>
                    <string>363</string>
                </array>
            </dict>
            <dict>
                <key>id</key>
                <string>1573</string>
                <key>components</key>
                <array>
                    <string>1574</string>
                    <string>1575</string>
                </array>
                <key>children</key>
                <array>
                    <string>1576</string>
                </array>
            </dict>
            <dict>
                <key>id</key>
                <string>3619</string>
                <key>components</key>
                <array>
                    <string>3620</string>
                    <string>3621</string>
                </array>
                <key>children</key>
                <array>
                    <string>3622</string>
                </array>
            </dict>
            <dict>
                <key>id</key>
                <string>4358</string>
                <key>components</key>
                <array>
                    <string>4359</string>
                    <string>4360</string>
                </array>
                <key>children</key>
                <array>
                    <string>4361</string>
                </array>
            </dict>
            <dict>
                <key>id</key>
                <string>5708</string>
                <key>components</key>
                <array>
                    <string>5709</string>
                    <string>5710</string>
                </array>
                <key>children</key>
                <array>
                    <string>5711</string>
                </array>
            </dict>
            <dict>
                <key>id</key>
                <string>8010</string>
                <key>components</key>
                <array>
                    <string>8011</string>
                    <string>8012</string>
                </array>
                <key>children</key>
                <array>
                    <string>8013</string>
                </array>
            </dict>
            <dict>
                <key>id</key>
                <string>8864</string>
                <key>components</key>
                <array>
                    <string>8865</string>
                    <string>8866</string>
                </array>
                <key>children</key>
                <array>
                    <string>8867</string>
                </array>
            </dict>
            <dict>
                <key>id</key>
                <string>9256</string>
                <key>components</key>
                <array>
                    <string>9257</string>
                    <string>9258</string>
                </array>
                <key>children</key>
                <array>
                    <string>9259</string>
                </array>
            </dict>
            <dict>
                <key>id</key>
                <string>9854</string>
                <key>components</key>
                <array>
                    <string>9855</string>
                    <string>9856</string>
                </array>
                <key>children</key>
                <array>
                    <string>9857</string>
                </array>
            </dict>
            <dict>
                <key>id</key>
                <string>10571</string>
                <key>components</key>
                <array>
                    <string>10572</string>
                    <string>10573</string>
                </array>
                <key>children</key>
                <array>
                    <string>10574</string>
                </array>
            </dict>
        </array>
    </dict>
</plist>
