<?xml version="1.0" encoding="UTF-8"?>
<!DOCTYPE plist PUBLIC "-//Apple//DTD PLIST 1.0//EN" "http://www.apple.com/DTDs/PropertyList-1.0.dtd"/>

<plist version="1.0">
    <dict>
        <key>ROOT</key>
        <array>
            <dict>
                <key>id</key>
                <string>330</string>
            </dict>
            <dict>
                <key>id</key>
                <string>1575</string>
            </dict>
            <dict>
                <key>id</key>
                <string>2482</string>
            </dict>
            <dict>
                <key>id</key>
                <string>3246</string>
            </dict>
            <dict>
                <key>id</key>
                <string>3621</string>
            </dict>
            <dict>
                <key>id</key>
                <string>4360</string>
            </dict>
            <dict>
                <key>id</key>
                <string>5125</string>
            </dict>
            <dict>
                <key>id</key>
                <string>5710</string>
            </dict>
            <dict>
                <key>id</key>
                <string>8012</string>
            </dict>
            <dict>
                <key>id</key>
                <string>8866</string>
            </dict>
            <dict>
                <key>id</key>
                <string>9258</string>
            </dict>
            <dict>
                <key>id</key>
                <string>9856</string>
            </dict>
            <dict>
                <key>id</key>
                <string>10573</string>
            </dict>
        </array>
    </dict>
</plist>
