<?xml version="1.0" encoding="UTF-8"?>
<!DOCTYPE plist PUBLIC "-//Apple//DTD PLIST 1.0//EN" "http://www.apple.com/DTDs/PropertyList-1.0.dtd"/>

<plist version="1.0">
    <dict>
        <key>ROOT</key>
        <array>
            <dict>
                <key>id</key>
                <string>1624</string>
                <key>className</key>
                <string>PTModelObjectLockButton</string>
                <key>Name</key>
                <dict>
                    <key>value</key>
                    <string>steering wheel </string>
                </dict>
                <key>Position</key>
                <dict>
                    <key>value</key>
                    <string>{320.000,200.000}</string>
                    <key>animationsX</key>
                    <array/>
                    <key>animationsY</key>
                    <array/>
                </dict>
                <key>Rotation</key>
                <dict>
                    <key>animations</key>
                    <array/>
                </dict>
                <key>Scale</key>
                <dict>
                    <key>value</key>
                    <string>{1.500,1.500}</string>
                    <key>animationsX</key>
                    <array/>
                    <key>animationsY</key>
                    <array/>
                </dict>
                <key>Hidden</key>
                <dict>
                    <key>visible</key>
                    <string>0</string>
                </dict>
                <key>Locked</key>
                <dict>
                    <key>visible</key>
                    <string>0</string>
                </dict>
                <key>Opacity</key>
                <dict>
                    <key>animations</key>
                    <array>
                        <dict>
                            <key>state</key>
                            <string>0</string>
                            <key>animation</key>
                            <dict>
                                <key>points</key>
                                <array>
                                    <string>{0.000,-1.000}</string>
                                    <string>{-1.000,-1.000}</string>
                                    <string>{1.000,-1.000}</string>
                                    <string>{-1.250,-0.750}</string>
                                    <string>{1.333,0.000}</string>
                                    <string>{0.000,0.000}</string>
                                </array>
                                <key>preset</key>
                                <string>4</string>
                            </dict>
                        </dict>
                        <dict>
                            <key>state</key>
                            <string>1</string>
                            <key>animation</key>
                            <dict>
                                <key>points</key>
                                <array>
                                    <string>{0.000,0.000}</string>
                                    <string>{0.000,0.000}</string>
                                </array>
                                <key>preset</key>
                                <string>4</string>
                            </dict>
                        </dict>
                    </array>
                </dict>
                <key>Stick To Edge</key>
                <dict>
                    <key>value</key>
                    <string>0</string>
                </dict>
                <key>Action</key>
                <dict>
                    <key>selectedStringValue</key>
                    <string>kNoAction</string>
                </dict>
                <key>Unlock</key>
                <dict>
                    <key>selectedStringValue</key>
                    <string>kDefaultUnlock</string>
                </dict>
                <key>Price</key>
                <dict>
                    <key>visible</key>
                    <string>0</string>
                </dict>
                <key>Store Identifier</key>
                <dict>
                    <key>visible</key>
                    <string>0</string>
                    <key>value</key>
                    <string></string>
                </dict>
                <key>Destination</key>
                <dict>
                    <key>selectedStringValue</key>
                    <string>kNodesDestination</string>
                </dict>
                <key>World</key>
                <dict>
                    <key>visible</key>
                    <string>0</string>
                    <key>selectedStringValue</key>
                    <string>100</string>
                </dict>
                <key>Scene</key>
                <dict>
                    <key>visible</key>
                    <string>0</string>
                    <key>selectedStringValue</key>
                    <string>103</string>
                </dict>
                <key>Back To</key>
                <dict>
                    <key>visible</key>
                    <string>0</string>
                    <key>selectedStringValue</key>
                    <string></string>
                </dict>
                <key>Back To World</key>
                <dict>
                    <key>visible</key>
                    <string>0</string>
                    <key>selectedStringValue</key>
                    <string></string>
                </dict>
                <key>Keyboard Key</key>
                <dict>
                    <key>value</key>
                    <string>-1</string>
                </dict>
                <key>Touch Emulation</key>
                <dict>
                    <key>visible</key>
                    <string>0</string>
                    <key>animations</key>
                    <array/>
                </dict>
                <key>zDepth</key>
                <string>5</string>
            </dict>
            <dict>
                <key>id</key>
                <string>1986</string>
                <key>className</key>
                <string>PTModelObjectLockButton</string>
                <key>Name</key>
                <dict>
                    <key>value</key>
                    <string>Stage 02</string>
                </dict>
                <key>Position</key>
                <dict>
                    <key>value</key>
                    <string>{440.000,680.000}</string>
                    <key>animationsX</key>
                    <array/>
                    <key>animationsY</key>
                    <array/>
                </dict>
                <key>Rotation</key>
                <dict>
                    <key>animations</key>
                    <array/>
                </dict>
                <key>Scale</key>
                <dict>
                    <key>value</key>
                    <string>{1.500,1.500}</string>
                    <key>animationsX</key>
                    <array/>
                    <key>animationsY</key>
                    <array/>
                </dict>
                <key>Hidden</key>
                <dict>
                    <key>visible</key>
                    <string>0</string>
                </dict>
                <key>Locked</key>
                <dict>
                    <key>visible</key>
                    <string>0</string>
                </dict>
                <key>Opacity</key>
                <dict>
                    <key>value</key>
                    <string>1.000556</string>
                    <key>animations</key>
                    <array>
                        <dict>
                            <key>state</key>
                            <string>0</string>
                            <key>animation</key>
                            <dict>
                                <key>points</key>
                                <array>
                                    <string>{0.000,-1.001}</string>
                                    <string>{-1.001,-1.001}</string>
                                    <string>{0.667,-1.001}</string>
                                    <string>{-1.251,-0.751}</string>
                                    <string>{1.000,-0.001}</string>
                                    <string>{-0.001,-0.001}</string>
                                </array>
                                <key>preset</key>
                                <string>4</string>
                            </dict>
                        </dict>
                        <dict>
                            <key>state</key>
                            <string>1</string>
                            <key>animation</key>
                            <dict>
                                <key>points</key>
                                <array>
                                    <string>{0.000,-0.001}</string>
                                    <string>{-0.001,-0.001}</string>
                                </array>
                                <key>preset</key>
                                <string>4</string>
                            </dict>
                        </dict>
                    </array>
                </dict>
                <key>Stick To Edge</key>
                <dict>
                    <key>value</key>
                    <string>0</string>
                </dict>
                <key>Action</key>
                <dict>
                    <key>selectedStringValue</key>
                    <string>kNoAction</string>
                </dict>
                <key>Unlock</key>
                <dict>
                    <key>selectedStringValue</key>
                    <string>kDefaultUnlock</string>
                </dict>
                <key>Price</key>
                <dict>
                    <key>visible</key>
                    <string>0</string>
                </dict>
                <key>Store Identifier</key>
                <dict>
                    <key>visible</key>
                    <string>0</string>
                    <key>value</key>
                    <string></string>
                </dict>
                <key>Destination</key>
                <dict>
                    <key>selectedStringValue</key>
                    <string>kNodesDestination</string>
                </dict>
                <key>World</key>
                <dict>
                    <key>visible</key>
                    <string>0</string>
                    <key>selectedStringValue</key>
                    <string>100</string>
                </dict>
                <key>Scene</key>
                <dict>
                    <key>visible</key>
                    <string>0</string>
                    <key>selectedStringValue</key>
                    <string>103</string>
                </dict>
                <key>Back To</key>
                <dict>
                    <key>visible</key>
                    <string>0</string>
                    <key>selectedStringValue</key>
                    <string></string>
                </dict>
                <key>Back To World</key>
                <dict>
                    <key>visible</key>
                    <string>0</string>
                    <key>selectedStringValue</key>
                    <string></string>
                </dict>
                <key>Keyboard Key</key>
                <dict>
                    <key>value</key>
                    <string>-1</string>
                </dict>
                <key>Touch Emulation</key>
                <dict>
                    <key>visible</key>
                    <string>0</string>
                    <key>animations</key>
                    <array/>
                </dict>
                <key>zDepth</key>
                <string>8</string>
            </dict>
            <dict>
                <key>id</key>
                <string>2073</string>
                <key>className</key>
                <string>PTModelObjectLockButton</string>
                <key>Name</key>
                <dict>
                    <key>value</key>
                    <string>Stage 04</string>
                </dict>
                <key>Position</key>
                <dict>
                    <key>value</key>
                    <string>{440.000,420.000}</string>
                    <key>animationsX</key>
                    <array/>
                    <key>animationsY</key>
                    <array/>
                </dict>
                <key>Rotation</key>
                <dict>
                    <key>animations</key>
                    <array/>
                </dict>
                <key>Scale</key>
                <dict>
                    <key>value</key>
                    <string>{1.500,1.500}</string>
                    <key>animationsX</key>
                    <array/>
                    <key>animationsY</key>
                    <array/>
                </dict>
                <key>Hidden</key>
                <dict>
                    <key>visible</key>
                    <string>0</string>
                </dict>
                <key>Locked</key>
                <dict>
                    <key>visible</key>
                    <string>0</string>
                </dict>
                <key>Opacity</key>
                <dict>
                    <key>animations</key>
                    <array>
                        <dict>
                            <key>state</key>
                            <string>0</string>
                            <key>animation</key>
                            <dict>
                                <key>points</key>
                                <array>
                                    <string>{1.333,-1.000}</string>
                                    <string>{-1.000,-1.000}</string>
                                    <string>{1.667,0.000}</string>
                                    <string>{0.000,0.000}</string>
                                </array>
                                <key>preset</key>
                                <string>4</string>
                            </dict>
                        </dict>
                        <dict>
                            <key>state</key>
                            <string>1</string>
                            <key>animation</key>
                            <dict>
                                <key>points</key>
                                <array>
                                    <string>{0.000,0.000}</string>
                                    <string>{0.000,0.000}</string>
                                </array>
                                <key>preset</key>
                                <string>4</string>
                            </dict>
                        </dict>
                    </array>
                </dict>
                <key>Stick To Edge</key>
                <dict>
                    <key>value</key>
                    <string>0</string>
                </dict>
                <key>Action</key>
                <dict>
                    <key>selectedStringValue</key>
                    <string>kNoAction</string>
                </dict>
                <key>Unlock</key>
                <dict>
                    <key>selectedStringValue</key>
                    <string>kDefaultUnlock</string>
                </dict>
                <key>Price</key>
                <dict>
                    <key>visible</key>
                    <string>0</string>
                </dict>
                <key>Store Identifier</key>
                <dict>
                    <key>visible</key>
                    <string>0</string>
                    <key>value</key>
                    <string></string>
                </dict>
                <key>Destination</key>
                <dict>
                    <key>selectedStringValue</key>
                    <string>kNodesDestination</string>
                </dict>
                <key>World</key>
                <dict>
                    <key>visible</key>
                    <string>0</string>
                    <key>selectedStringValue</key>
                    <string>100</string>
                </dict>
                <key>Scene</key>
                <dict>
                    <key>visible</key>
                    <string>0</string>
                    <key>selectedStringValue</key>
                    <string>103</string>
                </dict>
                <key>Back To</key>
                <dict>
                    <key>visible</key>
                    <string>0</string>
                    <key>selectedStringValue</key>
                    <string></string>
                </dict>
                <key>Back To World</key>
                <dict>
                    <key>visible</key>
                    <string>0</string>
                    <key>selectedStringValue</key>
                    <string></string>
                </dict>
                <key>Keyboard Key</key>
                <dict>
                    <key>value</key>
                    <string>-1</string>
                </dict>
                <key>Touch Emulation</key>
                <dict>
                    <key>visible</key>
                    <string>0</string>
                    <key>animations</key>
                    <array/>
                </dict>
                <key>zDepth</key>
                <string>10</string>
            </dict>
            <dict>
                <key>id</key>
                <string>2075</string>
                <key>className</key>
                <string>PTModelObjectLockButton</string>
                <key>Name</key>
                <dict>
                    <key>value</key>
                    <string>Stage 03</string>
                </dict>
                <key>Position</key>
                <dict>
                    <key>value</key>
                    <string>{200.000,420.000}</string>
                    <key>animationsX</key>
                    <array/>
                    <key>animationsY</key>
                    <array/>
                </dict>
                <key>Rotation</key>
                <dict>
                    <key>animations</key>
                    <array/>
                </dict>
                <key>Scale</key>
                <dict>
                    <key>value</key>
                    <string>{1.500,1.500}</string>
                    <key>animationsX</key>
                    <array/>
                    <key>animationsY</key>
                    <array/>
                </dict>
                <key>Hidden</key>
                <dict>
                    <key>visible</key>
                    <string>0</string>
                </dict>
                <key>Locked</key>
                <dict>
                    <key>visible</key>
                    <string>0</string>
                </dict>
                <key>Opacity</key>
                <dict>
                    <key>animations</key>
                    <array>
                        <dict>
                            <key>state</key>
                            <string>0</string>
                            <key>animation</key>
                            <dict>
                                <key>points</key>
                                <array>
                                    <string>{1.000,-1.000}</string>
                                    <string>{-1.000,-1.000}</string>
                                    <string>{1.333,0.000}</string>
                                    <string>{0.000,0.000}</string>
                                </array>
                                <key>preset</key>
                                <string>4</string>
                            </dict>
                        </dict>
                        <dict>
                            <key>state</key>
                            <string>1</string>
                            <key>animation</key>
                            <dict>
                                <key>points</key>
                                <array>
                                    <string>{0.000,0.000}</string>
                                    <string>{0.000,0.000}</string>
                                </array>
                                <key>preset</key>
                                <string>4</string>
                            </dict>
                        </dict>
                    </array>
                </dict>
                <key>Stick To Edge</key>
                <dict>
                    <key>value</key>
                    <string>0</string>
                </dict>
                <key>Action</key>
                <dict>
                    <key>selectedStringValue</key>
                    <string>kNoAction</string>
                </dict>
                <key>Unlock</key>
                <dict>
                    <key>selectedStringValue</key>
                    <string>kDefaultUnlock</string>
                </dict>
                <key>Price</key>
                <dict>
                    <key>visible</key>
                    <string>0</string>
                </dict>
                <key>Store Identifier</key>
                <dict>
                    <key>visible</key>
                    <string>0</string>
                    <key>value</key>
                    <string></string>
                </dict>
                <key>Destination</key>
                <dict>
                    <key>selectedStringValue</key>
                    <string>kNodesDestination</string>
                </dict>
                <key>World</key>
                <dict>
                    <key>visible</key>
                    <string>0</string>
                    <key>selectedStringValue</key>
                    <string>100</string>
                </dict>
                <key>Scene</key>
                <dict>
                    <key>visible</key>
                    <string>0</string>
                    <key>selectedStringValue</key>
                    <string>103</string>
                </dict>
                <key>Back To</key>
                <dict>
                    <key>visible</key>
                    <string>0</string>
                    <key>selectedStringValue</key>
                    <string></string>
                </dict>
                <key>Back To World</key>
                <dict>
                    <key>visible</key>
                    <string>0</string>
                    <key>selectedStringValue</key>
                    <string></string>
                </dict>
                <key>Keyboard Key</key>
                <dict>
                    <key>value</key>
                    <string>-1</string>
                </dict>
                <key>Touch Emulation</key>
                <dict>
                    <key>visible</key>
                    <string>0</string>
                    <key>animations</key>
                    <array/>
                </dict>
                <key>zDepth</key>
                <string>9</string>
            </dict>
            <dict>
                <key>id</key>
                <string>8841</string>
                <key>className</key>
                <string>PTModelObjectLockButton</string>
                <key>Name</key>
                <dict>
                    <key>value</key>
                    <string>steering wheel </string>
                </dict>
                <key>Position</key>
                <dict>
                    <key>value</key>
                    <string>{320.000,200.000}</string>
                </dict>
                <key>Scale</key>
                <dict>
                    <key>value</key>
                    <string>{1.500,1.500}</string>
                </dict>
                <key>Hidden</key>
                <dict>
                    <key>visible</key>
                    <string>0</string>
                </dict>
                <key>Locked</key>
                <dict>
                    <key>visible</key>
                    <string>0</string>
                </dict>
                <key>Opacity</key>
                <dict>
                    <key>animations</key>
                    <array>
                        <dict>
                            <key>state</key>
                            <string>0</string>
                            <key>animation</key>
                            <dict>
                                <key>points</key>
                                <array>
                                    <string>{0.000,-1.000}</string>
                                    <string>{-1.000,-1.000}</string>
                                    <string>{1.000,-1.000}</string>
                                    <string>{-1.250,-0.750}</string>
                                    <string>{1.333,0.000}</string>
                                    <string>{0.000,0.000}</string>
                                </array>
                                <key>preset</key>
                                <string>4</string>
                            </dict>
                        </dict>
                        <dict>
                            <key>state</key>
                            <string>1</string>
                            <key>animation</key>
                            <dict>
                                <key>points</key>
                                <array>
                                    <string>{0.000,0.000}</string>
                                    <string>{0.000,0.000}</string>
                                </array>
                                <key>preset</key>
                                <string>4</string>
                            </dict>
                        </dict>
                    </array>
                </dict>
                <key>Stick To Edge</key>
                <dict>
                    <key>value</key>
                    <string>0</string>
                </dict>
                <key>Action</key>
                <dict>
                    <key>selectedStringValue</key>
                    <string>kNoAction</string>
                </dict>
                <key>Unlock</key>
                <dict>
                    <key>selectedStringValue</key>
                    <string>kDefaultUnlock</string>
                </dict>
                <key>Price</key>
                <dict>
                    <key>visible</key>
                    <string>0</string>
                </dict>
                <key>Store Identifier</key>
                <dict>
                    <key>visible</key>
                    <string>0</string>
                    <key>value</key>
                    <string></string>
                </dict>
                <key>Destination</key>
                <dict>
                    <key>selectedStringValue</key>
                    <string>kNodesDestination</string>
                </dict>
                <key>World</key>
                <dict>
                    <key>visible</key>
                    <string>0</string>
                    <key>selectedStringValue</key>
                    <string>100</string>
                </dict>
                <key>Scene</key>
                <dict>
                    <key>visible</key>
                    <string>0</string>
                    <key>selectedStringValue</key>
                    <string>103</string>
                </dict>
                <key>Back To</key>
                <dict>
                    <key>visible</key>
                    <string>0</string>
                    <key>selectedStringValue</key>
                    <string></string>
                </dict>
                <key>Back To World</key>
                <dict>
                    <key>visible</key>
                    <string>0</string>
                    <key>selectedStringValue</key>
                    <string></string>
                </dict>
                <key>Keyboard Key</key>
                <dict>
                    <key>value</key>
                    <string>-1</string>
                </dict>
                <key>Touch Emulation</key>
                <dict>
                    <key>visible</key>
                    <string>0</string>
                </dict>
                <key>zDepth</key>
                <string>5</string>
            </dict>
            <dict>
                <key>id</key>
                <string>8851</string>
                <key>className</key>
                <string>PTModelObjectLockButton</string>
                <key>Name</key>
                <dict>
                    <key>value</key>
                    <string>steering wheel </string>
                </dict>
                <key>Position</key>
                <dict>
                    <key>value</key>
                    <string>{320.000,200.000}</string>
                </dict>
                <key>Scale</key>
                <dict>
                    <key>value</key>
                    <string>{1.500,1.500}</string>
                </dict>
                <key>Hidden</key>
                <dict>
                    <key>visible</key>
                    <string>0</string>
                </dict>
                <key>Locked</key>
                <dict>
                    <key>visible</key>
                    <string>0</string>
                </dict>
                <key>Opacity</key>
                <dict>
                    <key>animations</key>
                    <array>
                        <dict>
                            <key>state</key>
                            <string>0</string>
                            <key>animation</key>
                            <dict>
                                <key>points</key>
                                <array>
                                    <string>{0.000,-1.000}</string>
                                    <string>{-1.000,-1.000}</string>
                                    <string>{1.000,-1.000}</string>
                                    <string>{-1.250,-0.750}</string>
                                    <string>{1.333,0.000}</string>
                                    <string>{0.000,0.000}</string>
                                </array>
                                <key>preset</key>
                                <string>4</string>
                            </dict>
                        </dict>
                        <dict>
                            <key>state</key>
                            <string>1</string>
                            <key>animation</key>
                            <dict>
                                <key>points</key>
                                <array>
                                    <string>{0.000,0.000}</string>
                                    <string>{0.000,0.000}</string>
                                </array>
                                <key>preset</key>
                                <string>4</string>
                            </dict>
                        </dict>
                    </array>
                </dict>
                <key>Stick To Edge</key>
                <dict>
                    <key>value</key>
                    <string>0</string>
                </dict>
                <key>Action</key>
                <dict>
                    <key>selectedStringValue</key>
                    <string>kNoAction</string>
                </dict>
                <key>Unlock</key>
                <dict>
                    <key>selectedStringValue</key>
                    <string>kDefaultUnlock</string>
                </dict>
                <key>Price</key>
                <dict>
                    <key>visible</key>
                    <string>0</string>
                </dict>
                <key>Store Identifier</key>
                <dict>
                    <key>visible</key>
                    <string>0</string>
                    <key>value</key>
                    <string></string>
                </dict>
                <key>Destination</key>
                <dict>
                    <key>selectedStringValue</key>
                    <string>kNodesDestination</string>
                </dict>
                <key>World</key>
                <dict>
                    <key>visible</key>
                    <string>0</string>
                    <key>selectedStringValue</key>
                    <string>100</string>
                </dict>
                <key>Scene</key>
                <dict>
                    <key>visible</key>
                    <string>0</string>
                    <key>selectedStringValue</key>
                    <string>103</string>
                </dict>
                <key>Back To</key>
                <dict>
                    <key>visible</key>
                    <string>0</string>
                    <key>selectedStringValue</key>
                    <string></string>
                </dict>
                <key>Back To World</key>
                <dict>
                    <key>visible</key>
                    <string>0</string>
                    <key>selectedStringValue</key>
                    <string></string>
                </dict>
                <key>Keyboard Key</key>
                <dict>
                    <key>value</key>
                    <string>-1</string>
                </dict>
                <key>Touch Emulation</key>
                <dict>
                    <key>visible</key>
                    <string>0</string>
                </dict>
                <key>zDepth</key>
                <string>5</string>
            </dict>
            <dict>
                <key>id</key>
                <string>8861</string>
                <key>className</key>
                <string>PTModelObjectLockButton</string>
                <key>Name</key>
                <dict>
                    <key>value</key>
                    <string>steering wheel </string>
                </dict>
                <key>Position</key>
                <dict>
                    <key>value</key>
                    <string>{320.000,200.000}</string>
                </dict>
                <key>Scale</key>
                <dict>
                    <key>value</key>
                    <string>{1.500,1.500}</string>
                </dict>
                <key>Hidden</key>
                <dict>
                    <key>visible</key>
                    <string>0</string>
                </dict>
                <key>Locked</key>
                <dict>
                    <key>visible</key>
                    <string>0</string>
                </dict>
                <key>Opacity</key>
                <dict>
                    <key>animations</key>
                    <array>
                        <dict>
                            <key>state</key>
                            <string>0</string>
                            <key>animation</key>
                            <dict>
                                <key>points</key>
                                <array>
                                    <string>{0.000,-1.000}</string>
                                    <string>{-1.000,-1.000}</string>
                                    <string>{1.000,-1.000}</string>
                                    <string>{-1.250,-0.750}</string>
                                    <string>{1.333,0.000}</string>
                                    <string>{0.000,0.000}</string>
                                </array>
                                <key>preset</key>
                                <string>4</string>
                            </dict>
                        </dict>
                        <dict>
                            <key>state</key>
                            <string>1</string>
                            <key>animation</key>
                            <dict>
                                <key>points</key>
                                <array>
                                    <string>{0.000,0.000}</string>
                                    <string>{0.000,0.000}</string>
                                </array>
                                <key>preset</key>
                                <string>4</string>
                            </dict>
                        </dict>
                    </array>
                </dict>
                <key>Stick To Edge</key>
                <dict>
                    <key>value</key>
                    <string>0</string>
                </dict>
                <key>Action</key>
                <dict>
                    <key>selectedStringValue</key>
                    <string>kNoAction</string>
                </dict>
                <key>Unlock</key>
                <dict>
                    <key>selectedStringValue</key>
                    <string>kDefaultUnlock</string>
                </dict>
                <key>Price</key>
                <dict>
                    <key>visible</key>
                    <string>0</string>
                </dict>
                <key>Store Identifier</key>
                <dict>
                    <key>visible</key>
                    <string>0</string>
                    <key>value</key>
                    <string></string>
                </dict>
                <key>Destination</key>
                <dict>
                    <key>selectedStringValue</key>
                    <string>kNodesDestination</string>
                </dict>
                <key>World</key>
                <dict>
                    <key>visible</key>
                    <string>0</string>
                    <key>selectedStringValue</key>
                    <string>100</string>
                </dict>
                <key>Scene</key>
                <dict>
                    <key>visible</key>
                    <string>0</string>
                    <key>selectedStringValue</key>
                    <string>103</string>
                </dict>
                <key>Back To</key>
                <dict>
                    <key>visible</key>
                    <string>0</string>
                    <key>selectedStringValue</key>
                    <string></string>
                </dict>
                <key>Back To World</key>
                <dict>
                    <key>visible</key>
                    <string>0</string>
                    <key>selectedStringValue</key>
                    <string></string>
                </dict>
                <key>Keyboard Key</key>
                <dict>
                    <key>value</key>
                    <string>-1</string>
                </dict>
                <key>Touch Emulation</key>
                <dict>
                    <key>visible</key>
                    <string>0</string>
                </dict>
                <key>zDepth</key>
                <string>5</string>
            </dict>
        </array>
    </dict>
</plist>
