<?xml version="1.0" encoding="UTF-8"?>
<!DOCTYPE plist PUBLIC "-//Apple//DTD PLIST 1.0//EN" "http://www.apple.com/DTDs/PropertyList-1.0.dtd"/>

<plist version="1.0">
    <dict>
        <key>ROOT</key>
        <array>
            <dict>
                <key>id</key>
                <string>2903</string>
            </dict>
            <dict>
                <key>id</key>
                <string>2907</string>
            </dict>
            <dict>
                <key>id</key>
                <string>2965</string>
            </dict>
            <dict>
                <key>id</key>
                <string>2967</string>
            </dict>
            <dict>
                <key>id</key>
                <string>3007</string>
            </dict>
            <dict>
                <key>id</key>
                <string>3011</string>
            </dict>
            <dict>
                <key>id</key>
                <string>3039</string>
            </dict>
            <dict>
                <key>id</key>
                <string>3041</string>
            </dict>
        </array>
    </dict>
</plist>
