<?xml version="1.0" encoding="UTF-8"?>
<!DOCTYPE plist PUBLIC "-//Apple//DTD PLIST 1.0//EN" "http://www.apple.com/DTDs/PropertyList-1.0.dtd"/>

<plist version="1.0">
    <dict>
        <key>ROOT</key>
        <array>
            <dict>
                <key>id</key>
                <string>1965</string>
                <key>className</key>
                <string>PTModelObjectUnlocker</string>
                <key>Name</key>
                <dict>
                    <key>value</key>
                    <string>Unlock</string>
                </dict>
                <key>Position</key>
                <dict>
                    <key>value</key>
                    <string>{-133.996,1083.485}</string>
                </dict>
                <key>Scale</key>
                <dict>
                    <key>value</key>
                    <string>{1.000,1.000}</string>
                </dict>
                <key>Hidden</key>
                <dict>
                    <key>visible</key>
                    <string>0</string>
                </dict>
                <key>Locked</key>
                <dict>
                    <key>visible</key>
                    <string>0</string>
                </dict>
                <key>Unlock Type</key>
                <dict>
                    <key>selectedStringValue</key>
                    <string>kButtonUnlock</string>
                </dict>
                <key>Object</key>
                <dict>
                    <key>selectedStringValue</key>
                    <string>Stage 02</string>
                </dict>
                <key>zDepth</key>
                <string>28</string>
            </dict>
            <dict>
                <key>id</key>
                <string>9821</string>
                <key>className</key>
                <string>PTModelObjectUnlocker</string>
                <key>Name</key>
                <dict>
                    <key>value</key>
                    <string>Unlock</string>
                </dict>
                <key>Position</key>
                <dict>
                    <key>value</key>
                    <string>{-85.680,1093.551}</string>
                </dict>
                <key>Scale</key>
                <dict>
                    <key>value</key>
                    <string>{1.000,1.000}</string>
                </dict>
                <key>Hidden</key>
                <dict>
                    <key>visible</key>
                    <string>0</string>
                </dict>
                <key>Locked</key>
                <dict>
                    <key>visible</key>
                    <string>0</string>
                </dict>
                <key>Unlock Type</key>
                <dict>
                    <key>selectedStringValue</key>
                    <string>kButtonUnlock</string>
                </dict>
                <key>Object</key>
                <dict>
                    <key>selectedStringValue</key>
                    <string>Stage 03</string>
                </dict>
                <key>zDepth</key>
                <string>28</string>
            </dict>
            <dict>
                <key>id</key>
                <string>11506</string>
                <key>className</key>
                <string>PTModelObjectUnlocker</string>
                <key>Name</key>
                <dict>
                    <key>value</key>
                    <string>Unlock</string>
                </dict>
                <key>Position</key>
                <dict>
                    <key>value</key>
                    <string>{-85.680,1093.551}</string>
                </dict>
                <key>Scale</key>
                <dict>
                    <key>value</key>
                    <string>{1.000,1.000}</string>
                </dict>
                <key>Hidden</key>
                <dict>
                    <key>visible</key>
                    <string>0</string>
                </dict>
                <key>Locked</key>
                <dict>
                    <key>visible</key>
                    <string>0</string>
                </dict>
                <key>Unlock Type</key>
                <dict>
                    <key>selectedStringValue</key>
                    <string>kButtonUnlock</string>
                </dict>
                <key>Object</key>
                <dict>
                    <key>selectedStringValue</key>
                    <string>Stage 04</string>
                </dict>
                <key>zDepth</key>
                <string>28</string>
            </dict>
            <dict>
                <key>id</key>
                <string>11538</string>
                <key>className</key>
                <string>PTModelObjectUnlocker</string>
                <key>Name</key>
                <dict>
                    <key>value</key>
                    <string>Unlock</string>
                </dict>
                <key>Position</key>
                <dict>
                    <key>value</key>
                    <string>{-85.680,1093.551}</string>
                </dict>
                <key>Scale</key>
                <dict>
                    <key>value</key>
                    <string>{1.000,1.000}</string>
                </dict>
                <key>Hidden</key>
                <dict>
                    <key>visible</key>
                    <string>0</string>
                </dict>
                <key>Locked</key>
                <dict>
                    <key>visible</key>
                    <string>0</string>
                </dict>
                <key>Unlock Type</key>
                <dict>
                    <key>selectedStringValue</key>
                    <string>kButtonUnlock</string>
                </dict>
                <key>Object</key>
                <dict>
                    <key>selectedStringValue</key>
                    <string>steering wheel </string>
                </dict>
                <key>zDepth</key>
                <string>28</string>
            </dict>
        </array>
    </dict>
</plist>
