<?xml version="1.0" encoding="UTF-8"?>
<!DOCTYPE plist PUBLIC "-//Apple//DTD PLIST 1.0//EN" "http://www.apple.com/DTDs/PropertyList-1.0.dtd"/>

<plist version="1.0">
    <dict>
        <key>ROOT</key>
        <array>
            <dict>
                <key>id</key>
                <string>1527</string>
                <key>className</key>
                <string>PTModelObjectManipulator</string>
                <key>Name</key>
                <dict>
                    <key>visible</key>
                    <string>0</string>
                    <key>value</key>
                    <string>Joystick Touch Area</string>
                </dict>
                <key>Position</key>
                <dict>
                    <key>value</key>
                    <string>{318.405,590.022}</string>
                </dict>
                <key>Scale</key>
                <dict>
                    <key>value</key>
                    <string>{6.871,7.182}</string>
                </dict>
                <key>Hidden</key>
                <dict>
                    <key>visible</key>
                    <string>0</string>
                </dict>
                <key>Locked</key>
                <dict>
                    <key>visible</key>
                    <string>0</string>
                </dict>
                <key>Sensitivity</key>
                <dict>
                    <key>value</key>
                    <string>0.500000</string>
                </dict>
                <key>Control Style</key>
                <dict>
                    <key>selectedStringValue</key>
                    <string>kControlStyleAbsolute</string>
                </dict>
                <key>zDepth</key>
                <string>10</string>
            </dict>
            <dict>
                <key>id</key>
                <string>1612</string>
                <key>className</key>
                <string>PTModelObjectManipulator</string>
                <key>Name</key>
                <dict>
                    <key>visible</key>
                    <string>0</string>
                    <key>value</key>
                    <string>Joystick Touch Area</string>
                </dict>
                <key>Position</key>
                <dict>
                    <key>value</key>
                    <string>{217.532,166.543}</string>
                </dict>
                <key>Scale</key>
                <dict>
                    <key>value</key>
                    <string>{4.254,1.302}</string>
                </dict>
                <key>Hidden</key>
                <dict>
                    <key>visible</key>
                    <string>0</string>
                </dict>
                <key>Locked</key>
                <dict>
                    <key>visible</key>
                    <string>0</string>
                </dict>
                <key>Sensitivity</key>
                <dict>
                    <key>value</key>
                    <string>0.500000</string>
                </dict>
                <key>Control Style</key>
                <dict>
                    <key>selectedStringValue</key>
                    <string>kControlStyleAbsolute</string>
                </dict>
                <key>zDepth</key>
                <string>11</string>
            </dict>
            <dict>
                <key>id</key>
                <string>9248</string>
                <key>className</key>
                <string>PTModelObjectManipulator</string>
                <key>Name</key>
                <dict>
                    <key>visible</key>
                    <string>0</string>
                    <key>value</key>
                    <string>Joystick Touch Area</string>
                </dict>
                <key>Position</key>
                <dict>
                    <key>value</key>
                    <string>{318.405,590.022}</string>
                </dict>
                <key>Scale</key>
                <dict>
                    <key>value</key>
                    <string>{6.871,7.182}</string>
                </dict>
                <key>Hidden</key>
                <dict>
                    <key>visible</key>
                    <string>0</string>
                </dict>
                <key>Locked</key>
                <dict>
                    <key>visible</key>
                    <string>0</string>
                </dict>
                <key>Sensitivity</key>
                <dict>
                    <key>value</key>
                    <string>0.500000</string>
                </dict>
                <key>Control Style</key>
                <dict>
                    <key>selectedStringValue</key>
                    <string>kControlStyleAbsolute</string>
                </dict>
                <key>zDepth</key>
                <string>10</string>
            </dict>
            <dict>
                <key>id</key>
                <string>9249</string>
                <key>className</key>
                <string>PTModelObjectManipulator</string>
                <key>Name</key>
                <dict>
                    <key>visible</key>
                    <string>0</string>
                    <key>value</key>
                    <string>Joystick Touch Area</string>
                </dict>
                <key>Position</key>
                <dict>
                    <key>value</key>
                    <string>{217.532,166.543}</string>
                </dict>
                <key>Scale</key>
                <dict>
                    <key>value</key>
                    <string>{4.254,1.302}</string>
                </dict>
                <key>Hidden</key>
                <dict>
                    <key>visible</key>
                    <string>0</string>
                </dict>
                <key>Locked</key>
                <dict>
                    <key>visible</key>
                    <string>0</string>
                </dict>
                <key>Sensitivity</key>
                <dict>
                    <key>value</key>
                    <string>0.500000</string>
                </dict>
                <key>Control Style</key>
                <dict>
                    <key>selectedStringValue</key>
                    <string>kControlStyleAbsolute</string>
                </dict>
                <key>zDepth</key>
                <string>11</string>
            </dict>
            <dict>
                <key>id</key>
                <string>11333</string>
                <key>className</key>
                <string>PTModelObjectManipulator</string>
                <key>Name</key>
                <dict>
                    <key>visible</key>
                    <string>0</string>
                    <key>value</key>
                    <string>Joystick Touch Area</string>
                </dict>
                <key>Position</key>
                <dict>
                    <key>value</key>
                    <string>{318.405,590.022}</string>
                </dict>
                <key>Scale</key>
                <dict>
                    <key>value</key>
                    <string>{6.871,7.182}</string>
                </dict>
                <key>Hidden</key>
                <dict>
                    <key>visible</key>
                    <string>0</string>
                </dict>
                <key>Locked</key>
                <dict>
                    <key>visible</key>
                    <string>0</string>
                </dict>
                <key>Sensitivity</key>
                <dict>
                    <key>value</key>
                    <string>0.500000</string>
                </dict>
                <key>Control Style</key>
                <dict>
                    <key>selectedStringValue</key>
                    <string>kControlStyleAbsolute</string>
                </dict>
                <key>zDepth</key>
                <string>10</string>
            </dict>
            <dict>
                <key>id</key>
                <string>11334</string>
                <key>className</key>
                <string>PTModelObjectManipulator</string>
                <key>Name</key>
                <dict>
                    <key>visible</key>
                    <string>0</string>
                    <key>value</key>
                    <string>Joystick Touch Area</string>
                </dict>
                <key>Position</key>
                <dict>
                    <key>value</key>
                    <string>{217.532,166.543}</string>
                </dict>
                <key>Scale</key>
                <dict>
                    <key>value</key>
                    <string>{4.254,1.302}</string>
                </dict>
                <key>Hidden</key>
                <dict>
                    <key>visible</key>
                    <string>0</string>
                </dict>
                <key>Locked</key>
                <dict>
                    <key>visible</key>
                    <string>0</string>
                </dict>
                <key>Sensitivity</key>
                <dict>
                    <key>value</key>
                    <string>0.500000</string>
                </dict>
                <key>Control Style</key>
                <dict>
                    <key>selectedStringValue</key>
                    <string>kControlStyleAbsolute</string>
                </dict>
                <key>zDepth</key>
                <string>11</string>
            </dict>
            <dict>
                <key>id</key>
                <string>11369</string>
                <key>className</key>
                <string>PTModelObjectManipulator</string>
                <key>Name</key>
                <dict>
                    <key>visible</key>
                    <string>0</string>
                    <key>value</key>
                    <string>Joystick Touch Area</string>
                </dict>
                <key>Position</key>
                <dict>
                    <key>value</key>
                    <string>{318.405,590.022}</string>
                </dict>
                <key>Scale</key>
                <dict>
                    <key>value</key>
                    <string>{6.871,7.182}</string>
                </dict>
                <key>Hidden</key>
                <dict>
                    <key>visible</key>
                    <string>0</string>
                </dict>
                <key>Locked</key>
                <dict>
                    <key>visible</key>
                    <string>0</string>
                </dict>
                <key>Sensitivity</key>
                <dict>
                    <key>value</key>
                    <string>0.500000</string>
                </dict>
                <key>Control Style</key>
                <dict>
                    <key>selectedStringValue</key>
                    <string>kControlStyleAbsolute</string>
                </dict>
                <key>zDepth</key>
                <string>10</string>
            </dict>
            <dict>
                <key>id</key>
                <string>11370</string>
                <key>className</key>
                <string>PTModelObjectManipulator</string>
                <key>Name</key>
                <dict>
                    <key>visible</key>
                    <string>0</string>
                    <key>value</key>
                    <string>Joystick Touch Area</string>
                </dict>
                <key>Position</key>
                <dict>
                    <key>value</key>
                    <string>{217.532,166.543}</string>
                </dict>
                <key>Scale</key>
                <dict>
                    <key>value</key>
                    <string>{4.254,1.302}</string>
                </dict>
                <key>Hidden</key>
                <dict>
                    <key>visible</key>
                    <string>0</string>
                </dict>
                <key>Locked</key>
                <dict>
                    <key>visible</key>
                    <string>0</string>
                </dict>
                <key>Sensitivity</key>
                <dict>
                    <key>value</key>
                    <string>0.500000</string>
                </dict>
                <key>Control Style</key>
                <dict>
                    <key>selectedStringValue</key>
                    <string>kControlStyleAbsolute</string>
                </dict>
                <key>zDepth</key>
                <string>11</string>
            </dict>
        </array>
    </dict>
</plist>
