<?xml version="1.0" encoding="UTF-8"?>
<!DOCTYPE plist PUBLIC "-//Apple//DTD PLIST 1.0//EN" "http://www.apple.com/DTDs/PropertyList-1.0.dtd"/>

<plist version="1.0">
    <dict>
        <key>ROOT</key>
        <array>
            <dict>
                <key>id</key>
                <string>377</string>
                <key>Image</key>
                <dict>
                    <key>value</key>
                    <string>8726</string>
                </dict>
                <key>Image Selected</key>
                <dict>
                    <key>value</key>
                    <string>8730</string>
                </dict>
            </dict>
            <dict>
                <key>id</key>
                <string>1318</string>
                <key>Image</key>
                <dict>
                    <key>value</key>
                    <string>8726</string>
                </dict>
                <key>Image Selected</key>
                <dict>
                    <key>value</key>
                    <string>8730</string>
                </dict>
            </dict>
            <dict>
                <key>id</key>
                <string>7282</string>
            </dict>
            <dict>
                <key>id</key>
                <string>7424</string>
            </dict>
            <dict>
                <key>id</key>
                <string>7426</string>
            </dict>
            <dict>
                <key>id</key>
                <string>9205</string>
                <key>Image</key>
                <dict>
                    <key>value</key>
                    <string>8726</string>
                </dict>
                <key>Image Selected</key>
                <dict>
                    <key>value</key>
                    <string>8730</string>
                </dict>
            </dict>
            <dict>
                <key>id</key>
                <string>9218</string>
            </dict>
            <dict>
                <key>id</key>
                <string>9222</string>
                <key>Image</key>
                <dict>
                    <key>value</key>
                    <string>8726</string>
                </dict>
                <key>Image Selected</key>
                <dict>
                    <key>value</key>
                    <string>8730</string>
                </dict>
            </dict>
            <dict>
                <key>id</key>
                <string>9235</string>
            </dict>
            <dict>
                <key>id</key>
                <string>9239</string>
                <key>Image</key>
                <dict>
                    <key>value</key>
                    <string>8726</string>
                </dict>
                <key>Image Selected</key>
                <dict>
                    <key>value</key>
                    <string>8730</string>
                </dict>
            </dict>
            <dict>
                <key>id</key>
                <string>9254</string>
            </dict>
            <dict>
                <key>id</key>
                <string>11290</string>
                <key>Image</key>
                <dict>
                    <key>value</key>
                    <string>8726</string>
                </dict>
                <key>Image Selected</key>
                <dict>
                    <key>value</key>
                    <string>8730</string>
                </dict>
            </dict>
            <dict>
                <key>id</key>
                <string>11303</string>
            </dict>
            <dict>
                <key>id</key>
                <string>11307</string>
                <key>Image</key>
                <dict>
                    <key>value</key>
                    <string>8726</string>
                </dict>
                <key>Image Selected</key>
                <dict>
                    <key>value</key>
                    <string>8730</string>
                </dict>
            </dict>
            <dict>
                <key>id</key>
                <string>11320</string>
            </dict>
            <dict>
                <key>id</key>
                <string>11324</string>
                <key>Image</key>
                <dict>
                    <key>value</key>
                    <string>8726</string>
                </dict>
                <key>Image Selected</key>
                <dict>
                    <key>value</key>
                    <string>8730</string>
                </dict>
            </dict>
            <dict>
                <key>id</key>
                <string>11339</string>
            </dict>
            <dict>
                <key>id</key>
                <string>11343</string>
                <key>Image</key>
                <dict>
                    <key>value</key>
                    <string>8726</string>
                </dict>
                <key>Image Selected</key>
                <dict>
                    <key>value</key>
                    <string>8730</string>
                </dict>
            </dict>
            <dict>
                <key>id</key>
                <string>11356</string>
            </dict>
            <dict>
                <key>id</key>
                <string>11360</string>
                <key>Image</key>
                <dict>
                    <key>value</key>
                    <string>8726</string>
                </dict>
                <key>Image Selected</key>
                <dict>
                    <key>value</key>
                    <string>8730</string>
                </dict>
            </dict>
            <dict>
                <key>id</key>
                <string>11375</string>
            </dict>
        </array>
    </dict>
</plist>
