<?xml version="1.0" encoding="UTF-8"?>
<!DOCTYPE plist PUBLIC "-//Apple//DTD PLIST 1.0//EN" "http://www.apple.com/DTDs/PropertyList-1.0.dtd"/>

<plist version="1.0">
    <dict>
        <key>ROOT</key>
        <array>
            <dict>
                <key>id</key>
                <string>298</string>
                <key>Emitters</key>
                <dict>
                    <key>emitters</key>
                    <array>
                        <string>300</string>
                    </array>
                </dict>
            </dict>
            <dict>
                <key>id</key>
                <string>463</string>
                <key>Emitters</key>
                <dict>
                    <key>emitters</key>
                    <array>
                        <string>465</string>
                    </array>
                </dict>
            </dict>
            <dict>
                <key>id</key>
                <string>743</string>
                <key>Emitters</key>
                <dict>
                    <key>emitters</key>
                    <array>
                        <string>745</string>
                    </array>
                </dict>
            </dict>
            <dict>
                <key>id</key>
                <string>1353</string>
                <key>Emitters</key>
                <dict>
                    <key>emitters</key>
                    <array>
                        <string>1355</string>
                    </array>
                </dict>
            </dict>
            <dict>
                <key>id</key>
                <string>1357</string>
                <key>Emitters</key>
                <dict>
                    <key>emitters</key>
                    <array>
                        <string>1359</string>
                    </array>
                </dict>
            </dict>
            <dict>
                <key>id</key>
                <string>1371</string>
                <key>Emitters</key>
                <dict>
                    <key>emitters</key>
                    <array>
                        <string>1373</string>
                    </array>
                </dict>
            </dict>
            <dict>
                <key>id</key>
                <string>1375</string>
                <key>Emitters</key>
                <dict>
                    <key>emitters</key>
                    <array>
                        <string>1377</string>
                    </array>
                </dict>
            </dict>
            <dict>
                <key>id</key>
                <string>7246</string>
                <key>Emitters</key>
                <dict>
                    <key>emitters</key>
                    <array>
                        <string>7248</string>
                    </array>
                </dict>
            </dict>
        </array>
    </dict>
</plist>
