<?xml version="1.0" encoding="UTF-8"?>
<!DOCTYPE plist PUBLIC "-//Apple//DTD PLIST 1.0//EN" "http://www.apple.com/DTDs/PropertyList-1.0.dtd"/>

<plist version="1.0">
    <dict>
        <key>ROOT</key>
        <array>
            <dict>
                <key>id</key>
                <string>161</string>
                <key>className</key>
                <string>PTModelObjectAssetCharacter</string>
                <key>Name</key>
                <dict>
                    <key>value</key>
                    <string>Car</string>
                </dict>
                <key>Position</key>
                <dict>
                    <key>value</key>
                    <string>{320.000,300.000}</string>
                </dict>
                <key>Scale</key>
                <dict>
                    <key>value</key>
                    <string>{0.700,0.700}</string>
                </dict>
                <key>Hidden</key>
                <dict>
                    <key>visible</key>
                    <string>0</string>
                </dict>
                <key>Locked</key>
                <dict>
                    <key>visible</key>
                    <string>0</string>
                </dict>
                <key>Asset</key>
                <dict>
                    <key>visible</key>
                    <string>0</string>
                </dict>
                <key>zDepth</key>
                <string>500</string>
            </dict>
            <dict>
                <key>id</key>
                <string>1578</string>
                <key>className</key>
                <string>PTModelObjectAssetCharacter</string>
                <key>Name</key>
                <dict>
                    <key>value</key>
                    <string>Car</string>
                </dict>
                <key>Position</key>
                <dict>
                    <key>value</key>
                    <string>{464.555,313.826}</string>
                </dict>
                <key>Scale</key>
                <dict>
                    <key>value</key>
                    <string>{0.700,0.700}</string>
                </dict>
                <key>Hidden</key>
                <dict>
                    <key>visible</key>
                    <string>0</string>
                </dict>
                <key>Locked</key>
                <dict>
                    <key>visible</key>
                    <string>0</string>
                </dict>
                <key>Asset</key>
                <dict>
                    <key>visible</key>
                    <string>0</string>
                </dict>
                <key>zDepth</key>
                <string>500</string>
            </dict>
            <dict>
                <key>id</key>
                <string>2485</string>
                <key>className</key>
                <string>PTModelObjectAssetCharacter</string>
                <key>Name</key>
                <dict>
                    <key>value</key>
                    <string>Car</string>
                </dict>
                <key>Position</key>
                <dict>
                    <key>value</key>
                    <string>{320.825,231.695}</string>
                </dict>
                <key>Scale</key>
                <dict>
                    <key>value</key>
                    <string>{0.700,0.700}</string>
                </dict>
                <key>Hidden</key>
                <dict>
                    <key>visible</key>
                    <string>0</string>
                </dict>
                <key>Locked</key>
                <dict>
                    <key>visible</key>
                    <string>0</string>
                </dict>
                <key>Asset</key>
                <dict>
                    <key>visible</key>
                    <string>0</string>
                </dict>
                <key>zDepth</key>
                <string>500</string>
            </dict>
            <dict>
                <key>id</key>
                <string>3249</string>
                <key>className</key>
                <string>PTModelObjectAssetCharacter</string>
                <key>Name</key>
                <dict>
                    <key>value</key>
                    <string>Car</string>
                </dict>
                <key>Position</key>
                <dict>
                    <key>value</key>
                    <string>{320.000,300.000}</string>
                </dict>
                <key>Scale</key>
                <dict>
                    <key>value</key>
                    <string>{0.700,0.700}</string>
                </dict>
                <key>Hidden</key>
                <dict>
                    <key>visible</key>
                    <string>0</string>
                </dict>
                <key>Locked</key>
                <dict>
                    <key>visible</key>
                    <string>0</string>
                </dict>
                <key>Asset</key>
                <dict>
                    <key>visible</key>
                    <string>0</string>
                </dict>
                <key>zDepth</key>
                <string>500</string>
            </dict>
            <dict>
                <key>id</key>
                <string>3624</string>
                <key>className</key>
                <string>PTModelObjectAssetCharacter</string>
                <key>Name</key>
                <dict>
                    <key>value</key>
                    <string>Car</string>
                </dict>
                <key>Position</key>
                <dict>
                    <key>value</key>
                    <string>{320.000,300.000}</string>
                    <key>animationsX</key>
                    <array/>
                    <key>animationsY</key>
                    <array/>
                </dict>
                <key>Rotation</key>
                <dict>
                    <key>animations</key>
                    <array/>
                </dict>
                <key>Scale</key>
                <dict>
                    <key>value</key>
                    <string>{0.700,0.700}</string>
                    <key>animationsX</key>
                    <array/>
                    <key>animationsY</key>
                    <array/>
                </dict>
                <key>Hidden</key>
                <dict>
                    <key>visible</key>
                    <string>0</string>
                </dict>
                <key>Locked</key>
                <dict>
                    <key>visible</key>
                    <string>0</string>
                </dict>
                <key>Opacity</key>
                <dict>
                    <key>animations</key>
                    <array/>
                </dict>
                <key>Asset</key>
                <dict>
                    <key>visible</key>
                    <string>0</string>
                </dict>
                <key>zDepth</key>
                <string>500</string>
            </dict>
            <dict>
                <key>id</key>
                <string>4363</string>
                <key>className</key>
                <string>PTModelObjectAssetCharacter</string>
                <key>Name</key>
                <dict>
                    <key>value</key>
                    <string>Car</string>
                </dict>
                <key>Position</key>
                <dict>
                    <key>value</key>
                    <string>{320.000,300.000}</string>
                </dict>
                <key>Scale</key>
                <dict>
                    <key>value</key>
                    <string>{0.700,0.700}</string>
                </dict>
                <key>Hidden</key>
                <dict>
                    <key>visible</key>
                    <string>0</string>
                </dict>
                <key>Locked</key>
                <dict>
                    <key>visible</key>
                    <string>0</string>
                </dict>
                <key>Asset</key>
                <dict>
                    <key>visible</key>
                    <string>0</string>
                </dict>
                <key>zDepth</key>
                <string>500</string>
            </dict>
            <dict>
                <key>id</key>
                <string>5128</string>
                <key>className</key>
                <string>PTModelObjectAssetCharacter</string>
                <key>Name</key>
                <dict>
                    <key>value</key>
                    <string>Car</string>
                </dict>
                <key>Position</key>
                <dict>
                    <key>value</key>
                    <string>{320.000,300.000}</string>
                </dict>
                <key>Scale</key>
                <dict>
                    <key>value</key>
                    <string>{0.700,0.700}</string>
                </dict>
                <key>Hidden</key>
                <dict>
                    <key>visible</key>
                    <string>0</string>
                </dict>
                <key>Locked</key>
                <dict>
                    <key>visible</key>
                    <string>0</string>
                </dict>
                <key>Asset</key>
                <dict>
                    <key>visible</key>
                    <string>0</string>
                </dict>
                <key>zDepth</key>
                <string>500</string>
            </dict>
            <dict>
                <key>id</key>
                <string>5713</string>
                <key>className</key>
                <string>PTModelObjectAssetCharacter</string>
                <key>Name</key>
                <dict>
                    <key>value</key>
                    <string>Car</string>
                </dict>
                <key>Position</key>
                <dict>
                    <key>value</key>
                    <string>{320.000,300.000}</string>
                </dict>
                <key>Scale</key>
                <dict>
                    <key>value</key>
                    <string>{0.700,0.700}</string>
                </dict>
                <key>Hidden</key>
                <dict>
                    <key>visible</key>
                    <string>0</string>
                </dict>
                <key>Locked</key>
                <dict>
                    <key>visible</key>
                    <string>0</string>
                </dict>
                <key>Asset</key>
                <dict>
                    <key>visible</key>
                    <string>0</string>
                </dict>
                <key>zDepth</key>
                <string>500</string>
            </dict>
            <dict>
                <key>id</key>
                <string>8015</string>
                <key>className</key>
                <string>PTModelObjectAssetCharacter</string>
                <key>Name</key>
                <dict>
                    <key>value</key>
                    <string>Car</string>
                </dict>
                <key>Position</key>
                <dict>
                    <key>value</key>
                    <string>{320.000,300.000}</string>
                </dict>
                <key>Scale</key>
                <dict>
                    <key>value</key>
                    <string>{0.700,0.700}</string>
                </dict>
                <key>Hidden</key>
                <dict>
                    <key>visible</key>
                    <string>0</string>
                </dict>
                <key>Locked</key>
                <dict>
                    <key>visible</key>
                    <string>0</string>
                </dict>
                <key>Asset</key>
                <dict>
                    <key>visible</key>
                    <string>0</string>
                </dict>
                <key>zDepth</key>
                <string>500</string>
            </dict>
            <dict>
                <key>id</key>
                <string>8869</string>
                <key>className</key>
                <string>PTModelObjectAssetCharacter</string>
                <key>Name</key>
                <dict>
                    <key>value</key>
                    <string>Car</string>
                </dict>
                <key>Position</key>
                <dict>
                    <key>value</key>
                    <string>{320.000,300.000}</string>
                </dict>
                <key>Scale</key>
                <dict>
                    <key>value</key>
                    <string>{0.700,0.700}</string>
                </dict>
                <key>Hidden</key>
                <dict>
                    <key>visible</key>
                    <string>0</string>
                </dict>
                <key>Locked</key>
                <dict>
                    <key>visible</key>
                    <string>0</string>
                </dict>
                <key>Asset</key>
                <dict>
                    <key>visible</key>
                    <string>0</string>
                </dict>
                <key>zDepth</key>
                <string>500</string>
            </dict>
            <dict>
                <key>id</key>
                <string>9261</string>
                <key>className</key>
                <string>PTModelObjectAssetCharacter</string>
                <key>Name</key>
                <dict>
                    <key>value</key>
                    <string>Car</string>
                </dict>
                <key>Position</key>
                <dict>
                    <key>value</key>
                    <string>{320.000,300.000}</string>
                </dict>
                <key>Scale</key>
                <dict>
                    <key>value</key>
                    <string>{0.700,0.700}</string>
                </dict>
                <key>Hidden</key>
                <dict>
                    <key>visible</key>
                    <string>0</string>
                </dict>
                <key>Locked</key>
                <dict>
                    <key>visible</key>
                    <string>0</string>
                </dict>
                <key>Asset</key>
                <dict>
                    <key>visible</key>
                    <string>0</string>
                </dict>
                <key>zDepth</key>
                <string>500</string>
            </dict>
            <dict>
                <key>id</key>
                <string>9859</string>
                <key>className</key>
                <string>PTModelObjectAssetCharacter</string>
                <key>Name</key>
                <dict>
                    <key>value</key>
                    <string>Car</string>
                </dict>
                <key>Position</key>
                <dict>
                    <key>value</key>
                    <string>{320.000,300.000}</string>
                </dict>
                <key>Scale</key>
                <dict>
                    <key>value</key>
                    <string>{0.700,0.700}</string>
                </dict>
                <key>Hidden</key>
                <dict>
                    <key>visible</key>
                    <string>0</string>
                </dict>
                <key>Locked</key>
                <dict>
                    <key>visible</key>
                    <string>0</string>
                </dict>
                <key>Asset</key>
                <dict>
                    <key>visible</key>
                    <string>0</string>
                </dict>
                <key>zDepth</key>
                <string>500</string>
            </dict>
            <dict>
                <key>id</key>
                <string>10576</string>
                <key>className</key>
                <string>PTModelObjectAssetCharacter</string>
                <key>Name</key>
                <dict>
                    <key>value</key>
                    <string>Car</string>
                </dict>
                <key>Position</key>
                <dict>
                    <key>value</key>
                    <string>{320.000,300.000}</string>
                </dict>
                <key>Scale</key>
                <dict>
                    <key>value</key>
                    <string>{0.700,0.700}</string>
                </dict>
                <key>Hidden</key>
                <dict>
                    <key>visible</key>
                    <string>0</string>
                </dict>
                <key>Locked</key>
                <dict>
                    <key>visible</key>
                    <string>0</string>
                </dict>
                <key>Asset</key>
                <dict>
                    <key>visible</key>
                    <string>0</string>
                </dict>
                <key>zDepth</key>
                <string>500</string>
            </dict>
        </array>
    </dict>
</plist>
