<?xml version="1.0" encoding="UTF-8"?>
<!DOCTYPE plist PUBLIC "-//Apple//DTD PLIST 1.0//EN" "http://www.apple.com/DTDs/PropertyList-1.0.dtd"/>

<plist version="1.0">
    <dict>
        <key>ROOT</key>
        <array>
            <dict>
                <key>id</key>
                <string>377</string>
                <key>className</key>
                <string>PTModelObjectButtonPowerup</string>
                <key>Name</key>
                <dict>
                    <key>value</key>
                    <string>Action Button</string>
                </dict>
                <key>Position</key>
                <dict>
                    <key>value</key>
                    <string>{500.000,166.000}</string>
                </dict>
                <key>Scale</key>
                <dict>
                    <key>value</key>
                    <string>{0.700,0.700}</string>
                </dict>
                <key>Hidden</key>
                <dict>
                    <key>visible</key>
                    <string>0</string>
                </dict>
                <key>Locked</key>
                <dict>
                    <key>visible</key>
                    <string>0</string>
                </dict>
                <key>Opacity</key>
                <dict>
                    <key>value</key>
                    <string>0.900000</string>
                </dict>
                <key>Stick To Edge</key>
                <dict>
                    <key>value</key>
                    <string>0</string>
                </dict>
                <key>Powerup Selection</key>
                <dict>
                    <key>selectedStringValue</key>
                    <string>7229</string>
                </dict>
                <key>Layering</key>
                <dict>
                    <key>selectedStringValue</key>
                    <string>kAboveCharacter</string>
                </dict>
                <key>Back To</key>
                <dict>
                    <key>visible</key>
                    <string>0</string>
                    <key>selectedStringValue</key>
                    <string></string>
                </dict>
                <key>Back To World</key>
                <dict>
                    <key>visible</key>
                    <string>0</string>
                    <key>selectedStringValue</key>
                    <string></string>
                </dict>
                <key>Keyboard Key</key>
                <dict>
                    <key>value</key>
                    <string>-1</string>
                </dict>
                <key>Touch Emulation</key>
                <dict>
                    <key>visible</key>
                    <string>0</string>
                </dict>
                <key>Label Offset</key>
                <dict>
                    <key>value</key>
                    <string>{0.000,0.000}</string>
                </dict>
                <key>Unlimited Use</key>
                <dict>
                    <key>value</key>
                    <string>1</string>
                </dict>
                <key>Max Refill</key>
                <dict>
                    <key>visible</key>
                    <string>0</string>
                </dict>
                <key>Refill Timeout</key>
                <dict>
                    <key>visible</key>
                    <string>0</string>
                </dict>
                <key>Refill At Start</key>
                <dict>
                    <key>visible</key>
                    <string>0</string>
                </dict>
                <key>zDepth</key>
                <string>4</string>
            </dict>
            <dict>
                <key>id</key>
                <string>1318</string>
                <key>className</key>
                <string>PTModelObjectButtonPowerup</string>
                <key>Name</key>
                <dict>
                    <key>value</key>
                    <string>Action Button</string>
                </dict>
                <key>Position</key>
                <dict>
                    <key>value</key>
                    <string>{500.000,166.000}</string>
                    <key>animationsX</key>
                    <array/>
                    <key>animationsY</key>
                    <array/>
                </dict>
                <key>Rotation</key>
                <dict>
                    <key>animations</key>
                    <array/>
                </dict>
                <key>Scale</key>
                <dict>
                    <key>value</key>
                    <string>{0.700,0.700}</string>
                    <key>animationsX</key>
                    <array/>
                    <key>animationsY</key>
                    <array/>
                </dict>
                <key>Hidden</key>
                <dict>
                    <key>visible</key>
                    <string>0</string>
                </dict>
                <key>Locked</key>
                <dict>
                    <key>visible</key>
                    <string>0</string>
                </dict>
                <key>Opacity</key>
                <dict>
                    <key>value</key>
                    <string>0.900000</string>
                    <key>animations</key>
                    <array/>
                </dict>
                <key>Stick To Edge</key>
                <dict>
                    <key>value</key>
                    <string>0</string>
                </dict>
                <key>Powerup Selection</key>
                <dict>
                    <key>selectedStringValue</key>
                    <string>7229</string>
                </dict>
                <key>Layering</key>
                <dict>
                    <key>selectedStringValue</key>
                    <string>kUnderCharacter</string>
                </dict>
                <key>Back To</key>
                <dict>
                    <key>visible</key>
                    <string>0</string>
                    <key>selectedStringValue</key>
                    <string></string>
                </dict>
                <key>Back To World</key>
                <dict>
                    <key>visible</key>
                    <string>0</string>
                    <key>selectedStringValue</key>
                    <string></string>
                </dict>
                <key>Keyboard Key</key>
                <dict>
                    <key>value</key>
                    <string>83</string>
                </dict>
                <key>Touch Emulation</key>
                <dict>
                    <key>visible</key>
                    <string>0</string>
                    <key>animations</key>
                    <array/>
                </dict>
                <key>Label Offset</key>
                <dict>
                    <key>value</key>
                    <string>{0.000,0.000}</string>
                </dict>
                <key>Label Scale</key>
                <dict>
                    <key>value</key>
                    <string>0.000000</string>
                </dict>
                <key>Max Refill</key>
                <dict>
                    <key>value</key>
                    <string>10.000000</string>
                </dict>
                <key>Refill At Start</key>
                <dict>
                    <key>value</key>
                    <string>1</string>
                </dict>
                <key>zDepth</key>
                <string>6</string>
            </dict>
            <dict>
                <key>id</key>
                <string>7282</string>
                <key>className</key>
                <string>PTModelObjectButtonPowerup</string>
                <key>Name</key>
                <dict>
                    <key>value</key>
                    <string>Action Button</string>
                </dict>
                <key>Position</key>
                <dict>
                    <key>value</key>
                    <string>{500.000,215.000}</string>
                    <key>animationsX</key>
                    <array/>
                    <key>animationsY</key>
                    <array/>
                </dict>
                <key>Rotation</key>
                <dict>
                    <key>animations</key>
                    <array/>
                </dict>
                <key>Scale</key>
                <dict>
                    <key>value</key>
                    <string>{1.200,1.200}</string>
                    <key>animationsX</key>
                    <array/>
                    <key>animationsY</key>
                    <array/>
                </dict>
                <key>Hidden</key>
                <dict>
                    <key>visible</key>
                    <string>0</string>
                </dict>
                <key>Locked</key>
                <dict>
                    <key>visible</key>
                    <string>0</string>
                </dict>
                <key>Opacity</key>
                <dict>
                    <key>value</key>
                    <string>0.500000</string>
                    <key>animations</key>
                    <array/>
                </dict>
                <key>Stick To Edge</key>
                <dict>
                    <key>value</key>
                    <string>0</string>
                </dict>
                <key>Powerup Selection</key>
                <dict>
                    <key>selectedStringValue</key>
                    <string>7229</string>
                </dict>
                <key>Layering</key>
                <dict>
                    <key>selectedStringValue</key>
                    <string>kAboveCharacter</string>
                </dict>
                <key>Back To</key>
                <dict>
                    <key>visible</key>
                    <string>0</string>
                    <key>selectedStringValue</key>
                    <string></string>
                </dict>
                <key>Back To World</key>
                <dict>
                    <key>visible</key>
                    <string>0</string>
                    <key>selectedStringValue</key>
                    <string></string>
                </dict>
                <key>Keyboard Key</key>
                <dict>
                    <key>value</key>
                    <string>83</string>
                </dict>
                <key>Touch Emulation</key>
                <dict>
                    <key>visible</key>
                    <string>0</string>
                    <key>animations</key>
                    <array/>
                </dict>
                <key>Label Offset</key>
                <dict>
                    <key>value</key>
                    <string>{0.000,0.000}</string>
                </dict>
                <key>Max Refill</key>
                <dict>
                    <key>value</key>
                    <string>10.000000</string>
                </dict>
                <key>zDepth</key>
                <string>7</string>
            </dict>
            <dict>
                <key>id</key>
                <string>7424</string>
                <key>className</key>
                <string>PTModelObjectButtonPowerup</string>
                <key>Name</key>
                <dict>
                    <key>value</key>
                    <string>Action Button</string>
                </dict>
                <key>Position</key>
                <dict>
                    <key>value</key>
                    <string>{500.000,215.000}</string>
                </dict>
                <key>Scale</key>
                <dict>
                    <key>value</key>
                    <string>{1.200,1.200}</string>
                </dict>
                <key>Hidden</key>
                <dict>
                    <key>visible</key>
                    <string>0</string>
                </dict>
                <key>Locked</key>
                <dict>
                    <key>visible</key>
                    <string>0</string>
                </dict>
                <key>Opacity</key>
                <dict>
                    <key>value</key>
                    <string>0.900000</string>
                </dict>
                <key>Stick To Edge</key>
                <dict>
                    <key>value</key>
                    <string>0</string>
                </dict>
                <key>Powerup Selection</key>
                <dict>
                    <key>selectedStringValue</key>
                    <string>7229</string>
                </dict>
                <key>Layering</key>
                <dict>
                    <key>selectedStringValue</key>
                    <string>kAboveCharacter</string>
                </dict>
                <key>Back To</key>
                <dict>
                    <key>visible</key>
                    <string>0</string>
                    <key>selectedStringValue</key>
                    <string></string>
                </dict>
                <key>Back To World</key>
                <dict>
                    <key>visible</key>
                    <string>0</string>
                    <key>selectedStringValue</key>
                    <string></string>
                </dict>
                <key>Keyboard Key</key>
                <dict>
                    <key>value</key>
                    <string>83</string>
                </dict>
                <key>Touch Emulation</key>
                <dict>
                    <key>visible</key>
                    <string>0</string>
                </dict>
                <key>Label Offset</key>
                <dict>
                    <key>value</key>
                    <string>{0.000,0.000}</string>
                </dict>
                <key>Max Refill</key>
                <dict>
                    <key>value</key>
                    <string>10.000000</string>
                </dict>
                <key>zDepth</key>
                <string>7</string>
            </dict>
            <dict>
                <key>id</key>
                <string>7426</string>
                <key>className</key>
                <string>PTModelObjectButtonPowerup</string>
                <key>Name</key>
                <dict>
                    <key>value</key>
                    <string>Action Button</string>
                </dict>
                <key>Position</key>
                <dict>
                    <key>value</key>
                    <string>{500.000,215.000}</string>
                </dict>
                <key>Scale</key>
                <dict>
                    <key>value</key>
                    <string>{1.200,1.200}</string>
                </dict>
                <key>Hidden</key>
                <dict>
                    <key>visible</key>
                    <string>0</string>
                </dict>
                <key>Locked</key>
                <dict>
                    <key>visible</key>
                    <string>0</string>
                </dict>
                <key>Opacity</key>
                <dict>
                    <key>value</key>
                    <string>0.500000</string>
                </dict>
                <key>Stick To Edge</key>
                <dict>
                    <key>value</key>
                    <string>0</string>
                </dict>
                <key>Powerup Selection</key>
                <dict>
                    <key>selectedStringValue</key>
                    <string>7229</string>
                </dict>
                <key>Layering</key>
                <dict>
                    <key>selectedStringValue</key>
                    <string>kAboveCharacter</string>
                </dict>
                <key>Back To</key>
                <dict>
                    <key>visible</key>
                    <string>0</string>
                    <key>selectedStringValue</key>
                    <string></string>
                </dict>
                <key>Back To World</key>
                <dict>
                    <key>visible</key>
                    <string>0</string>
                    <key>selectedStringValue</key>
                    <string></string>
                </dict>
                <key>Keyboard Key</key>
                <dict>
                    <key>value</key>
                    <string>83</string>
                </dict>
                <key>Touch Emulation</key>
                <dict>
                    <key>visible</key>
                    <string>0</string>
                </dict>
                <key>Label Offset</key>
                <dict>
                    <key>value</key>
                    <string>{0.000,0.000}</string>
                </dict>
                <key>Max Refill</key>
                <dict>
                    <key>value</key>
                    <string>10.000000</string>
                </dict>
                <key>zDepth</key>
                <string>7</string>
            </dict>
            <dict>
                <key>id</key>
                <string>9205</string>
                <key>className</key>
                <string>PTModelObjectButtonPowerup</string>
                <key>Name</key>
                <dict>
                    <key>value</key>
                    <string>Action Button</string>
                </dict>
                <key>Position</key>
                <dict>
                    <key>value</key>
                    <string>{500.000,166.000}</string>
                </dict>
                <key>Scale</key>
                <dict>
                    <key>value</key>
                    <string>{0.700,0.700}</string>
                </dict>
                <key>Hidden</key>
                <dict>
                    <key>visible</key>
                    <string>0</string>
                </dict>
                <key>Locked</key>
                <dict>
                    <key>visible</key>
                    <string>0</string>
                </dict>
                <key>Opacity</key>
                <dict>
                    <key>value</key>
                    <string>0.900000</string>
                </dict>
                <key>Stick To Edge</key>
                <dict>
                    <key>value</key>
                    <string>0</string>
                </dict>
                <key>Powerup Selection</key>
                <dict>
                    <key>selectedStringValue</key>
                    <string>7229</string>
                </dict>
                <key>Layering</key>
                <dict>
                    <key>selectedStringValue</key>
                    <string>kUnderCharacter</string>
                </dict>
                <key>Back To</key>
                <dict>
                    <key>visible</key>
                    <string>0</string>
                    <key>selectedStringValue</key>
                    <string></string>
                </dict>
                <key>Back To World</key>
                <dict>
                    <key>visible</key>
                    <string>0</string>
                    <key>selectedStringValue</key>
                    <string></string>
                </dict>
                <key>Keyboard Key</key>
                <dict>
                    <key>value</key>
                    <string>83</string>
                </dict>
                <key>Touch Emulation</key>
                <dict>
                    <key>visible</key>
                    <string>0</string>
                </dict>
                <key>Label Offset</key>
                <dict>
                    <key>value</key>
                    <string>{0.000,0.000}</string>
                </dict>
                <key>Label Scale</key>
                <dict>
                    <key>value</key>
                    <string>0.000000</string>
                </dict>
                <key>Max Refill</key>
                <dict>
                    <key>value</key>
                    <string>10.000000</string>
                </dict>
                <key>Refill At Start</key>
                <dict>
                    <key>value</key>
                    <string>1</string>
                </dict>
                <key>zDepth</key>
                <string>6</string>
            </dict>
            <dict>
                <key>id</key>
                <string>9218</string>
                <key>className</key>
                <string>PTModelObjectButtonPowerup</string>
                <key>Name</key>
                <dict>
                    <key>value</key>
                    <string>Action Button</string>
                </dict>
                <key>Position</key>
                <dict>
                    <key>value</key>
                    <string>{500.000,215.000}</string>
                </dict>
                <key>Scale</key>
                <dict>
                    <key>value</key>
                    <string>{1.200,1.200}</string>
                </dict>
                <key>Hidden</key>
                <dict>
                    <key>visible</key>
                    <string>0</string>
                </dict>
                <key>Locked</key>
                <dict>
                    <key>visible</key>
                    <string>0</string>
                </dict>
                <key>Opacity</key>
                <dict>
                    <key>value</key>
                    <string>0.500000</string>
                </dict>
                <key>Stick To Edge</key>
                <dict>
                    <key>value</key>
                    <string>0</string>
                </dict>
                <key>Powerup Selection</key>
                <dict>
                    <key>selectedStringValue</key>
                    <string>7229</string>
                </dict>
                <key>Layering</key>
                <dict>
                    <key>selectedStringValue</key>
                    <string>kAboveCharacter</string>
                </dict>
                <key>Back To</key>
                <dict>
                    <key>visible</key>
                    <string>0</string>
                    <key>selectedStringValue</key>
                    <string></string>
                </dict>
                <key>Back To World</key>
                <dict>
                    <key>visible</key>
                    <string>0</string>
                    <key>selectedStringValue</key>
                    <string></string>
                </dict>
                <key>Keyboard Key</key>
                <dict>
                    <key>value</key>
                    <string>83</string>
                </dict>
                <key>Touch Emulation</key>
                <dict>
                    <key>visible</key>
                    <string>0</string>
                </dict>
                <key>Label Offset</key>
                <dict>
                    <key>value</key>
                    <string>{0.000,0.000}</string>
                </dict>
                <key>Max Refill</key>
                <dict>
                    <key>value</key>
                    <string>10.000000</string>
                </dict>
                <key>zDepth</key>
                <string>7</string>
            </dict>
            <dict>
                <key>id</key>
                <string>9222</string>
                <key>className</key>
                <string>PTModelObjectButtonPowerup</string>
                <key>Name</key>
                <dict>
                    <key>value</key>
                    <string>Action Button</string>
                </dict>
                <key>Position</key>
                <dict>
                    <key>value</key>
                    <string>{500.000,166.000}</string>
                </dict>
                <key>Scale</key>
                <dict>
                    <key>value</key>
                    <string>{0.700,0.700}</string>
                </dict>
                <key>Hidden</key>
                <dict>
                    <key>visible</key>
                    <string>0</string>
                </dict>
                <key>Locked</key>
                <dict>
                    <key>visible</key>
                    <string>0</string>
                </dict>
                <key>Opacity</key>
                <dict>
                    <key>value</key>
                    <string>0.900000</string>
                </dict>
                <key>Stick To Edge</key>
                <dict>
                    <key>value</key>
                    <string>0</string>
                </dict>
                <key>Powerup Selection</key>
                <dict>
                    <key>selectedStringValue</key>
                    <string>7229</string>
                </dict>
                <key>Layering</key>
                <dict>
                    <key>selectedStringValue</key>
                    <string>kUnderCharacter</string>
                </dict>
                <key>Back To</key>
                <dict>
                    <key>visible</key>
                    <string>0</string>
                    <key>selectedStringValue</key>
                    <string></string>
                </dict>
                <key>Back To World</key>
                <dict>
                    <key>visible</key>
                    <string>0</string>
                    <key>selectedStringValue</key>
                    <string></string>
                </dict>
                <key>Keyboard Key</key>
                <dict>
                    <key>value</key>
                    <string>83</string>
                </dict>
                <key>Touch Emulation</key>
                <dict>
                    <key>visible</key>
                    <string>0</string>
                </dict>
                <key>Label Offset</key>
                <dict>
                    <key>value</key>
                    <string>{0.000,0.000}</string>
                </dict>
                <key>Label Scale</key>
                <dict>
                    <key>value</key>
                    <string>0.000000</string>
                </dict>
                <key>Max Refill</key>
                <dict>
                    <key>value</key>
                    <string>10.000000</string>
                </dict>
                <key>Refill At Start</key>
                <dict>
                    <key>value</key>
                    <string>1</string>
                </dict>
                <key>zDepth</key>
                <string>6</string>
            </dict>
            <dict>
                <key>id</key>
                <string>9235</string>
                <key>className</key>
                <string>PTModelObjectButtonPowerup</string>
                <key>Name</key>
                <dict>
                    <key>value</key>
                    <string>Action Button</string>
                </dict>
                <key>Position</key>
                <dict>
                    <key>value</key>
                    <string>{500.000,215.000}</string>
                </dict>
                <key>Scale</key>
                <dict>
                    <key>value</key>
                    <string>{1.200,1.200}</string>
                </dict>
                <key>Hidden</key>
                <dict>
                    <key>visible</key>
                    <string>0</string>
                </dict>
                <key>Locked</key>
                <dict>
                    <key>visible</key>
                    <string>0</string>
                </dict>
                <key>Opacity</key>
                <dict>
                    <key>value</key>
                    <string>0.500000</string>
                </dict>
                <key>Stick To Edge</key>
                <dict>
                    <key>value</key>
                    <string>0</string>
                </dict>
                <key>Powerup Selection</key>
                <dict>
                    <key>selectedStringValue</key>
                    <string>7229</string>
                </dict>
                <key>Layering</key>
                <dict>
                    <key>selectedStringValue</key>
                    <string>kAboveCharacter</string>
                </dict>
                <key>Back To</key>
                <dict>
                    <key>visible</key>
                    <string>0</string>
                    <key>selectedStringValue</key>
                    <string></string>
                </dict>
                <key>Back To World</key>
                <dict>
                    <key>visible</key>
                    <string>0</string>
                    <key>selectedStringValue</key>
                    <string></string>
                </dict>
                <key>Keyboard Key</key>
                <dict>
                    <key>value</key>
                    <string>83</string>
                </dict>
                <key>Touch Emulation</key>
                <dict>
                    <key>visible</key>
                    <string>0</string>
                </dict>
                <key>Label Offset</key>
                <dict>
                    <key>value</key>
                    <string>{0.000,0.000}</string>
                </dict>
                <key>Max Refill</key>
                <dict>
                    <key>value</key>
                    <string>10.000000</string>
                </dict>
                <key>zDepth</key>
                <string>7</string>
            </dict>
            <dict>
                <key>id</key>
                <string>9239</string>
                <key>className</key>
                <string>PTModelObjectButtonPowerup</string>
                <key>Name</key>
                <dict>
                    <key>value</key>
                    <string>Action Button</string>
                </dict>
                <key>Position</key>
                <dict>
                    <key>value</key>
                    <string>{500.000,166.000}</string>
                </dict>
                <key>Scale</key>
                <dict>
                    <key>value</key>
                    <string>{0.700,0.700}</string>
                </dict>
                <key>Hidden</key>
                <dict>
                    <key>visible</key>
                    <string>0</string>
                </dict>
                <key>Locked</key>
                <dict>
                    <key>visible</key>
                    <string>0</string>
                </dict>
                <key>Opacity</key>
                <dict>
                    <key>value</key>
                    <string>0.900000</string>
                </dict>
                <key>Stick To Edge</key>
                <dict>
                    <key>value</key>
                    <string>0</string>
                </dict>
                <key>Powerup Selection</key>
                <dict>
                    <key>selectedStringValue</key>
                    <string>7229</string>
                </dict>
                <key>Layering</key>
                <dict>
                    <key>selectedStringValue</key>
                    <string>kAboveCharacter</string>
                </dict>
                <key>Back To</key>
                <dict>
                    <key>visible</key>
                    <string>0</string>
                    <key>selectedStringValue</key>
                    <string></string>
                </dict>
                <key>Back To World</key>
                <dict>
                    <key>visible</key>
                    <string>0</string>
                    <key>selectedStringValue</key>
                    <string></string>
                </dict>
                <key>Keyboard Key</key>
                <dict>
                    <key>value</key>
                    <string>-1</string>
                </dict>
                <key>Touch Emulation</key>
                <dict>
                    <key>visible</key>
                    <string>0</string>
                </dict>
                <key>Label Offset</key>
                <dict>
                    <key>value</key>
                    <string>{0.000,0.000}</string>
                </dict>
                <key>Unlimited Use</key>
                <dict>
                    <key>value</key>
                    <string>1</string>
                </dict>
                <key>Max Refill</key>
                <dict>
                    <key>visible</key>
                    <string>0</string>
                </dict>
                <key>Refill Timeout</key>
                <dict>
                    <key>visible</key>
                    <string>0</string>
                </dict>
                <key>Refill At Start</key>
                <dict>
                    <key>visible</key>
                    <string>0</string>
                </dict>
                <key>zDepth</key>
                <string>4</string>
            </dict>
            <dict>
                <key>id</key>
                <string>9254</string>
                <key>className</key>
                <string>PTModelObjectButtonPowerup</string>
                <key>Name</key>
                <dict>
                    <key>value</key>
                    <string>Action Button</string>
                </dict>
                <key>Position</key>
                <dict>
                    <key>value</key>
                    <string>{500.000,215.000}</string>
                </dict>
                <key>Scale</key>
                <dict>
                    <key>value</key>
                    <string>{1.200,1.200}</string>
                </dict>
                <key>Hidden</key>
                <dict>
                    <key>visible</key>
                    <string>0</string>
                </dict>
                <key>Locked</key>
                <dict>
                    <key>visible</key>
                    <string>0</string>
                </dict>
                <key>Opacity</key>
                <dict>
                    <key>value</key>
                    <string>0.500000</string>
                </dict>
                <key>Stick To Edge</key>
                <dict>
                    <key>value</key>
                    <string>0</string>
                </dict>
                <key>Powerup Selection</key>
                <dict>
                    <key>selectedStringValue</key>
                    <string>7229</string>
                </dict>
                <key>Layering</key>
                <dict>
                    <key>selectedStringValue</key>
                    <string>kAboveCharacter</string>
                </dict>
                <key>Back To</key>
                <dict>
                    <key>visible</key>
                    <string>0</string>
                    <key>selectedStringValue</key>
                    <string></string>
                </dict>
                <key>Back To World</key>
                <dict>
                    <key>visible</key>
                    <string>0</string>
                    <key>selectedStringValue</key>
                    <string></string>
                </dict>
                <key>Keyboard Key</key>
                <dict>
                    <key>value</key>
                    <string>83</string>
                </dict>
                <key>Touch Emulation</key>
                <dict>
                    <key>visible</key>
                    <string>0</string>
                </dict>
                <key>Label Offset</key>
                <dict>
                    <key>value</key>
                    <string>{0.000,0.000}</string>
                </dict>
                <key>Max Refill</key>
                <dict>
                    <key>value</key>
                    <string>10.000000</string>
                </dict>
                <key>zDepth</key>
                <string>7</string>
            </dict>
            <dict>
                <key>id</key>
                <string>11290</string>
                <key>className</key>
                <string>PTModelObjectButtonPowerup</string>
                <key>Name</key>
                <dict>
                    <key>value</key>
                    <string>Action Button</string>
                </dict>
                <key>Position</key>
                <dict>
                    <key>value</key>
                    <string>{500.000,166.000}</string>
                </dict>
                <key>Scale</key>
                <dict>
                    <key>value</key>
                    <string>{0.700,0.700}</string>
                </dict>
                <key>Hidden</key>
                <dict>
                    <key>visible</key>
                    <string>0</string>
                </dict>
                <key>Locked</key>
                <dict>
                    <key>visible</key>
                    <string>0</string>
                </dict>
                <key>Opacity</key>
                <dict>
                    <key>value</key>
                    <string>0.900000</string>
                </dict>
                <key>Stick To Edge</key>
                <dict>
                    <key>value</key>
                    <string>0</string>
                </dict>
                <key>Powerup Selection</key>
                <dict>
                    <key>selectedStringValue</key>
                    <string>7229</string>
                </dict>
                <key>Layering</key>
                <dict>
                    <key>selectedStringValue</key>
                    <string>kUnderCharacter</string>
                </dict>
                <key>Back To</key>
                <dict>
                    <key>visible</key>
                    <string>0</string>
                    <key>selectedStringValue</key>
                    <string></string>
                </dict>
                <key>Back To World</key>
                <dict>
                    <key>visible</key>
                    <string>0</string>
                    <key>selectedStringValue</key>
                    <string></string>
                </dict>
                <key>Keyboard Key</key>
                <dict>
                    <key>value</key>
                    <string>83</string>
                </dict>
                <key>Touch Emulation</key>
                <dict>
                    <key>visible</key>
                    <string>0</string>
                </dict>
                <key>Label Offset</key>
                <dict>
                    <key>value</key>
                    <string>{0.000,0.000}</string>
                </dict>
                <key>Label Scale</key>
                <dict>
                    <key>value</key>
                    <string>0.000000</string>
                </dict>
                <key>Max Refill</key>
                <dict>
                    <key>value</key>
                    <string>10.000000</string>
                </dict>
                <key>Refill At Start</key>
                <dict>
                    <key>value</key>
                    <string>1</string>
                </dict>
                <key>zDepth</key>
                <string>6</string>
            </dict>
            <dict>
                <key>id</key>
                <string>11303</string>
                <key>className</key>
                <string>PTModelObjectButtonPowerup</string>
                <key>Name</key>
                <dict>
                    <key>value</key>
                    <string>Action Button</string>
                </dict>
                <key>Position</key>
                <dict>
                    <key>value</key>
                    <string>{500.000,215.000}</string>
                </dict>
                <key>Scale</key>
                <dict>
                    <key>value</key>
                    <string>{1.200,1.200}</string>
                </dict>
                <key>Hidden</key>
                <dict>
                    <key>visible</key>
                    <string>0</string>
                </dict>
                <key>Locked</key>
                <dict>
                    <key>visible</key>
                    <string>0</string>
                </dict>
                <key>Opacity</key>
                <dict>
                    <key>value</key>
                    <string>0.500000</string>
                </dict>
                <key>Stick To Edge</key>
                <dict>
                    <key>value</key>
                    <string>0</string>
                </dict>
                <key>Powerup Selection</key>
                <dict>
                    <key>selectedStringValue</key>
                    <string>7229</string>
                </dict>
                <key>Layering</key>
                <dict>
                    <key>selectedStringValue</key>
                    <string>kAboveCharacter</string>
                </dict>
                <key>Back To</key>
                <dict>
                    <key>visible</key>
                    <string>0</string>
                    <key>selectedStringValue</key>
                    <string></string>
                </dict>
                <key>Back To World</key>
                <dict>
                    <key>visible</key>
                    <string>0</string>
                    <key>selectedStringValue</key>
                    <string></string>
                </dict>
                <key>Keyboard Key</key>
                <dict>
                    <key>value</key>
                    <string>83</string>
                </dict>
                <key>Touch Emulation</key>
                <dict>
                    <key>visible</key>
                    <string>0</string>
                </dict>
                <key>Label Offset</key>
                <dict>
                    <key>value</key>
                    <string>{0.000,0.000}</string>
                </dict>
                <key>Max Refill</key>
                <dict>
                    <key>value</key>
                    <string>10.000000</string>
                </dict>
                <key>zDepth</key>
                <string>7</string>
            </dict>
            <dict>
                <key>id</key>
                <string>11307</string>
                <key>className</key>
                <string>PTModelObjectButtonPowerup</string>
                <key>Name</key>
                <dict>
                    <key>value</key>
                    <string>Action Button</string>
                </dict>
                <key>Position</key>
                <dict>
                    <key>value</key>
                    <string>{500.000,166.000}</string>
                </dict>
                <key>Scale</key>
                <dict>
                    <key>value</key>
                    <string>{0.700,0.700}</string>
                </dict>
                <key>Hidden</key>
                <dict>
                    <key>visible</key>
                    <string>0</string>
                </dict>
                <key>Locked</key>
                <dict>
                    <key>visible</key>
                    <string>0</string>
                </dict>
                <key>Opacity</key>
                <dict>
                    <key>value</key>
                    <string>0.900000</string>
                </dict>
                <key>Stick To Edge</key>
                <dict>
                    <key>value</key>
                    <string>0</string>
                </dict>
                <key>Powerup Selection</key>
                <dict>
                    <key>selectedStringValue</key>
                    <string>7229</string>
                </dict>
                <key>Layering</key>
                <dict>
                    <key>selectedStringValue</key>
                    <string>kUnderCharacter</string>
                </dict>
                <key>Back To</key>
                <dict>
                    <key>visible</key>
                    <string>0</string>
                    <key>selectedStringValue</key>
                    <string></string>
                </dict>
                <key>Back To World</key>
                <dict>
                    <key>visible</key>
                    <string>0</string>
                    <key>selectedStringValue</key>
                    <string></string>
                </dict>
                <key>Keyboard Key</key>
                <dict>
                    <key>value</key>
                    <string>83</string>
                </dict>
                <key>Touch Emulation</key>
                <dict>
                    <key>visible</key>
                    <string>0</string>
                </dict>
                <key>Label Offset</key>
                <dict>
                    <key>value</key>
                    <string>{0.000,0.000}</string>
                </dict>
                <key>Label Scale</key>
                <dict>
                    <key>value</key>
                    <string>0.000000</string>
                </dict>
                <key>Max Refill</key>
                <dict>
                    <key>value</key>
                    <string>10.000000</string>
                </dict>
                <key>Refill At Start</key>
                <dict>
                    <key>value</key>
                    <string>1</string>
                </dict>
                <key>zDepth</key>
                <string>6</string>
            </dict>
            <dict>
                <key>id</key>
                <string>11320</string>
                <key>className</key>
                <string>PTModelObjectButtonPowerup</string>
                <key>Name</key>
                <dict>
                    <key>value</key>
                    <string>Action Button</string>
                </dict>
                <key>Position</key>
                <dict>
                    <key>value</key>
                    <string>{500.000,215.000}</string>
                </dict>
                <key>Scale</key>
                <dict>
                    <key>value</key>
                    <string>{1.200,1.200}</string>
                </dict>
                <key>Hidden</key>
                <dict>
                    <key>visible</key>
                    <string>0</string>
                </dict>
                <key>Locked</key>
                <dict>
                    <key>visible</key>
                    <string>0</string>
                </dict>
                <key>Opacity</key>
                <dict>
                    <key>value</key>
                    <string>0.500000</string>
                </dict>
                <key>Stick To Edge</key>
                <dict>
                    <key>value</key>
                    <string>0</string>
                </dict>
                <key>Powerup Selection</key>
                <dict>
                    <key>selectedStringValue</key>
                    <string>7229</string>
                </dict>
                <key>Layering</key>
                <dict>
                    <key>selectedStringValue</key>
                    <string>kAboveCharacter</string>
                </dict>
                <key>Back To</key>
                <dict>
                    <key>visible</key>
                    <string>0</string>
                    <key>selectedStringValue</key>
                    <string></string>
                </dict>
                <key>Back To World</key>
                <dict>
                    <key>visible</key>
                    <string>0</string>
                    <key>selectedStringValue</key>
                    <string></string>
                </dict>
                <key>Keyboard Key</key>
                <dict>
                    <key>value</key>
                    <string>83</string>
                </dict>
                <key>Touch Emulation</key>
                <dict>
                    <key>visible</key>
                    <string>0</string>
                </dict>
                <key>Label Offset</key>
                <dict>
                    <key>value</key>
                    <string>{0.000,0.000}</string>
                </dict>
                <key>Max Refill</key>
                <dict>
                    <key>value</key>
                    <string>10.000000</string>
                </dict>
                <key>zDepth</key>
                <string>7</string>
            </dict>
            <dict>
                <key>id</key>
                <string>11324</string>
                <key>className</key>
                <string>PTModelObjectButtonPowerup</string>
                <key>Name</key>
                <dict>
                    <key>value</key>
                    <string>Action Button</string>
                </dict>
                <key>Position</key>
                <dict>
                    <key>value</key>
                    <string>{500.000,166.000}</string>
                </dict>
                <key>Scale</key>
                <dict>
                    <key>value</key>
                    <string>{0.700,0.700}</string>
                </dict>
                <key>Hidden</key>
                <dict>
                    <key>visible</key>
                    <string>0</string>
                </dict>
                <key>Locked</key>
                <dict>
                    <key>visible</key>
                    <string>0</string>
                </dict>
                <key>Opacity</key>
                <dict>
                    <key>value</key>
                    <string>0.900000</string>
                </dict>
                <key>Stick To Edge</key>
                <dict>
                    <key>value</key>
                    <string>0</string>
                </dict>
                <key>Powerup Selection</key>
                <dict>
                    <key>selectedStringValue</key>
                    <string>7229</string>
                </dict>
                <key>Layering</key>
                <dict>
                    <key>selectedStringValue</key>
                    <string>kAboveCharacter</string>
                </dict>
                <key>Back To</key>
                <dict>
                    <key>visible</key>
                    <string>0</string>
                    <key>selectedStringValue</key>
                    <string></string>
                </dict>
                <key>Back To World</key>
                <dict>
                    <key>visible</key>
                    <string>0</string>
                    <key>selectedStringValue</key>
                    <string></string>
                </dict>
                <key>Keyboard Key</key>
                <dict>
                    <key>value</key>
                    <string>-1</string>
                </dict>
                <key>Touch Emulation</key>
                <dict>
                    <key>visible</key>
                    <string>0</string>
                </dict>
                <key>Label Offset</key>
                <dict>
                    <key>value</key>
                    <string>{0.000,0.000}</string>
                </dict>
                <key>Unlimited Use</key>
                <dict>
                    <key>value</key>
                    <string>1</string>
                </dict>
                <key>Max Refill</key>
                <dict>
                    <key>visible</key>
                    <string>0</string>
                </dict>
                <key>Refill Timeout</key>
                <dict>
                    <key>visible</key>
                    <string>0</string>
                </dict>
                <key>Refill At Start</key>
                <dict>
                    <key>visible</key>
                    <string>0</string>
                </dict>
                <key>zDepth</key>
                <string>4</string>
            </dict>
            <dict>
                <key>id</key>
                <string>11339</string>
                <key>className</key>
                <string>PTModelObjectButtonPowerup</string>
                <key>Name</key>
                <dict>
                    <key>value</key>
                    <string>Action Button</string>
                </dict>
                <key>Position</key>
                <dict>
                    <key>value</key>
                    <string>{500.000,215.000}</string>
                </dict>
                <key>Scale</key>
                <dict>
                    <key>value</key>
                    <string>{1.200,1.200}</string>
                </dict>
                <key>Hidden</key>
                <dict>
                    <key>visible</key>
                    <string>0</string>
                </dict>
                <key>Locked</key>
                <dict>
                    <key>visible</key>
                    <string>0</string>
                </dict>
                <key>Opacity</key>
                <dict>
                    <key>value</key>
                    <string>0.500000</string>
                </dict>
                <key>Stick To Edge</key>
                <dict>
                    <key>value</key>
                    <string>0</string>
                </dict>
                <key>Powerup Selection</key>
                <dict>
                    <key>selectedStringValue</key>
                    <string>7229</string>
                </dict>
                <key>Layering</key>
                <dict>
                    <key>selectedStringValue</key>
                    <string>kAboveCharacter</string>
                </dict>
                <key>Back To</key>
                <dict>
                    <key>visible</key>
                    <string>0</string>
                    <key>selectedStringValue</key>
                    <string></string>
                </dict>
                <key>Back To World</key>
                <dict>
                    <key>visible</key>
                    <string>0</string>
                    <key>selectedStringValue</key>
                    <string></string>
                </dict>
                <key>Keyboard Key</key>
                <dict>
                    <key>value</key>
                    <string>83</string>
                </dict>
                <key>Touch Emulation</key>
                <dict>
                    <key>visible</key>
                    <string>0</string>
                </dict>
                <key>Label Offset</key>
                <dict>
                    <key>value</key>
                    <string>{0.000,0.000}</string>
                </dict>
                <key>Max Refill</key>
                <dict>
                    <key>value</key>
                    <string>10.000000</string>
                </dict>
                <key>zDepth</key>
                <string>7</string>
            </dict>
            <dict>
                <key>id</key>
                <string>11343</string>
                <key>className</key>
                <string>PTModelObjectButtonPowerup</string>
                <key>Name</key>
                <dict>
                    <key>value</key>
                    <string>Action Button</string>
                </dict>
                <key>Position</key>
                <dict>
                    <key>value</key>
                    <string>{500.000,166.000}</string>
                </dict>
                <key>Scale</key>
                <dict>
                    <key>value</key>
                    <string>{0.700,0.700}</string>
                </dict>
                <key>Hidden</key>
                <dict>
                    <key>visible</key>
                    <string>0</string>
                </dict>
                <key>Locked</key>
                <dict>
                    <key>visible</key>
                    <string>0</string>
                </dict>
                <key>Opacity</key>
                <dict>
                    <key>value</key>
                    <string>0.900000</string>
                </dict>
                <key>Stick To Edge</key>
                <dict>
                    <key>value</key>
                    <string>0</string>
                </dict>
                <key>Powerup Selection</key>
                <dict>
                    <key>selectedStringValue</key>
                    <string>7229</string>
                </dict>
                <key>Layering</key>
                <dict>
                    <key>selectedStringValue</key>
                    <string>kUnderCharacter</string>
                </dict>
                <key>Back To</key>
                <dict>
                    <key>visible</key>
                    <string>0</string>
                    <key>selectedStringValue</key>
                    <string></string>
                </dict>
                <key>Back To World</key>
                <dict>
                    <key>visible</key>
                    <string>0</string>
                    <key>selectedStringValue</key>
                    <string></string>
                </dict>
                <key>Keyboard Key</key>
                <dict>
                    <key>value</key>
                    <string>83</string>
                </dict>
                <key>Touch Emulation</key>
                <dict>
                    <key>visible</key>
                    <string>0</string>
                </dict>
                <key>Label Offset</key>
                <dict>
                    <key>value</key>
                    <string>{0.000,0.000}</string>
                </dict>
                <key>Label Scale</key>
                <dict>
                    <key>value</key>
                    <string>0.000000</string>
                </dict>
                <key>Max Refill</key>
                <dict>
                    <key>value</key>
                    <string>10.000000</string>
                </dict>
                <key>Refill At Start</key>
                <dict>
                    <key>value</key>
                    <string>1</string>
                </dict>
                <key>zDepth</key>
                <string>6</string>
            </dict>
            <dict>
                <key>id</key>
                <string>11356</string>
                <key>className</key>
                <string>PTModelObjectButtonPowerup</string>
                <key>Name</key>
                <dict>
                    <key>value</key>
                    <string>Action Button</string>
                </dict>
                <key>Position</key>
                <dict>
                    <key>value</key>
                    <string>{500.000,215.000}</string>
                </dict>
                <key>Scale</key>
                <dict>
                    <key>value</key>
                    <string>{1.200,1.200}</string>
                </dict>
                <key>Hidden</key>
                <dict>
                    <key>visible</key>
                    <string>0</string>
                </dict>
                <key>Locked</key>
                <dict>
                    <key>visible</key>
                    <string>0</string>
                </dict>
                <key>Opacity</key>
                <dict>
                    <key>value</key>
                    <string>0.500000</string>
                </dict>
                <key>Stick To Edge</key>
                <dict>
                    <key>value</key>
                    <string>0</string>
                </dict>
                <key>Powerup Selection</key>
                <dict>
                    <key>selectedStringValue</key>
                    <string>7229</string>
                </dict>
                <key>Layering</key>
                <dict>
                    <key>selectedStringValue</key>
                    <string>kAboveCharacter</string>
                </dict>
                <key>Back To</key>
                <dict>
                    <key>visible</key>
                    <string>0</string>
                    <key>selectedStringValue</key>
                    <string></string>
                </dict>
                <key>Back To World</key>
                <dict>
                    <key>visible</key>
                    <string>0</string>
                    <key>selectedStringValue</key>
                    <string></string>
                </dict>
                <key>Keyboard Key</key>
                <dict>
                    <key>value</key>
                    <string>83</string>
                </dict>
                <key>Touch Emulation</key>
                <dict>
                    <key>visible</key>
                    <string>0</string>
                </dict>
                <key>Label Offset</key>
                <dict>
                    <key>value</key>
                    <string>{0.000,0.000}</string>
                </dict>
                <key>Max Refill</key>
                <dict>
                    <key>value</key>
                    <string>10.000000</string>
                </dict>
                <key>zDepth</key>
                <string>7</string>
            </dict>
            <dict>
                <key>id</key>
                <string>11360</string>
                <key>className</key>
                <string>PTModelObjectButtonPowerup</string>
                <key>Name</key>
                <dict>
                    <key>value</key>
                    <string>Action Button</string>
                </dict>
                <key>Position</key>
                <dict>
                    <key>value</key>
                    <string>{500.000,166.000}</string>
                </dict>
                <key>Scale</key>
                <dict>
                    <key>value</key>
                    <string>{0.700,0.700}</string>
                </dict>
                <key>Hidden</key>
                <dict>
                    <key>visible</key>
                    <string>0</string>
                </dict>
                <key>Locked</key>
                <dict>
                    <key>visible</key>
                    <string>0</string>
                </dict>
                <key>Opacity</key>
                <dict>
                    <key>value</key>
                    <string>0.900000</string>
                </dict>
                <key>Stick To Edge</key>
                <dict>
                    <key>value</key>
                    <string>0</string>
                </dict>
                <key>Powerup Selection</key>
                <dict>
                    <key>selectedStringValue</key>
                    <string>7229</string>
                </dict>
                <key>Layering</key>
                <dict>
                    <key>selectedStringValue</key>
                    <string>kAboveCharacter</string>
                </dict>
                <key>Back To</key>
                <dict>
                    <key>visible</key>
                    <string>0</string>
                    <key>selectedStringValue</key>
                    <string></string>
                </dict>
                <key>Back To World</key>
                <dict>
                    <key>visible</key>
                    <string>0</string>
                    <key>selectedStringValue</key>
                    <string></string>
                </dict>
                <key>Keyboard Key</key>
                <dict>
                    <key>value</key>
                    <string>-1</string>
                </dict>
                <key>Touch Emulation</key>
                <dict>
                    <key>visible</key>
                    <string>0</string>
                </dict>
                <key>Label Offset</key>
                <dict>
                    <key>value</key>
                    <string>{0.000,0.000}</string>
                </dict>
                <key>Unlimited Use</key>
                <dict>
                    <key>value</key>
                    <string>1</string>
                </dict>
                <key>Max Refill</key>
                <dict>
                    <key>visible</key>
                    <string>0</string>
                </dict>
                <key>Refill Timeout</key>
                <dict>
                    <key>visible</key>
                    <string>0</string>
                </dict>
                <key>Refill At Start</key>
                <dict>
                    <key>visible</key>
                    <string>0</string>
                </dict>
                <key>zDepth</key>
                <string>4</string>
            </dict>
            <dict>
                <key>id</key>
                <string>11375</string>
                <key>className</key>
                <string>PTModelObjectButtonPowerup</string>
                <key>Name</key>
                <dict>
                    <key>value</key>
                    <string>Action Button</string>
                </dict>
                <key>Position</key>
                <dict>
                    <key>value</key>
                    <string>{500.000,215.000}</string>
                </dict>
                <key>Scale</key>
                <dict>
                    <key>value</key>
                    <string>{1.200,1.200}</string>
                </dict>
                <key>Hidden</key>
                <dict>
                    <key>visible</key>
                    <string>0</string>
                </dict>
                <key>Locked</key>
                <dict>
                    <key>visible</key>
                    <string>0</string>
                </dict>
                <key>Opacity</key>
                <dict>
                    <key>value</key>
                    <string>0.500000</string>
                </dict>
                <key>Stick To Edge</key>
                <dict>
                    <key>value</key>
                    <string>0</string>
                </dict>
                <key>Powerup Selection</key>
                <dict>
                    <key>selectedStringValue</key>
                    <string>7229</string>
                </dict>
                <key>Layering</key>
                <dict>
                    <key>selectedStringValue</key>
                    <string>kAboveCharacter</string>
                </dict>
                <key>Back To</key>
                <dict>
                    <key>visible</key>
                    <string>0</string>
                    <key>selectedStringValue</key>
                    <string></string>
                </dict>
                <key>Back To World</key>
                <dict>
                    <key>visible</key>
                    <string>0</string>
                    <key>selectedStringValue</key>
                    <string></string>
                </dict>
                <key>Keyboard Key</key>
                <dict>
                    <key>value</key>
                    <string>83</string>
                </dict>
                <key>Touch Emulation</key>
                <dict>
                    <key>visible</key>
                    <string>0</string>
                </dict>
                <key>Label Offset</key>
                <dict>
                    <key>value</key>
                    <string>{0.000,0.000}</string>
                </dict>
                <key>Max Refill</key>
                <dict>
                    <key>value</key>
                    <string>10.000000</string>
                </dict>
                <key>zDepth</key>
                <string>7</string>
            </dict>
        </array>
    </dict>
</plist>
