<?xml version="1.0" encoding="UTF-8"?>
<!DOCTYPE plist PUBLIC "-//Apple//DTD PLIST 1.0//EN" "http://www.apple.com/DTDs/PropertyList-1.0.dtd"/>

<plist version="1.0">
    <dict>
        <key>ROOT</key>
        <array>
            <dict>
                <key>id</key>
                <string>4315</string>
                <key>className</key>
                <string>PTModelComponentSpawner</string>
                <key>Name</key>
                <dict>
                    <key>visible</key>
                    <string>0</string>
                    <key>value</key>
                    <string>Spawner</string>
                </dict>
                <key>Spawn Action</key>
                <dict>
                    <key>selectedStringValue</key>
                    <string>kPermanentSpawning</string>
                </dict>
            </dict>
            <dict>
                <key>id</key>
                <string>4580</string>
                <key>className</key>
                <string>PTModelComponentSpawner</string>
                <key>Name</key>
                <dict>
                    <key>visible</key>
                    <string>0</string>
                    <key>value</key>
                    <string>Spawner</string>
                </dict>
                <key>Spawn Action</key>
                <dict>
                    <key>selectedStringValue</key>
                    <string>kPermanentSpawning</string>
                </dict>
            </dict>
            <dict>
                <key>id</key>
                <string>5446</string>
                <key>className</key>
                <string>PTModelComponentSpawner</string>
                <key>Name</key>
                <dict>
                    <key>visible</key>
                    <string>0</string>
                    <key>value</key>
                    <string>Spawner</string>
                </dict>
                <key>Spawn Action</key>
                <dict>
                    <key>selectedStringValue</key>
                    <string>kPermanentSpawning</string>
                </dict>
            </dict>
            <dict>
                <key>id</key>
                <string>6035</string>
                <key>className</key>
                <string>PTModelComponentSpawner</string>
                <key>Name</key>
                <dict>
                    <key>visible</key>
                    <string>0</string>
                    <key>value</key>
                    <string>Spawner</string>
                </dict>
                <key>Spawn Action</key>
                <dict>
                    <key>selectedStringValue</key>
                    <string>kPermanentSpawning</string>
                </dict>
            </dict>
            <dict>
                <key>id</key>
                <string>7628</string>
                <key>className</key>
                <string>PTModelComponentSpawner</string>
                <key>Name</key>
                <dict>
                    <key>visible</key>
                    <string>0</string>
                    <key>value</key>
                    <string>Spawner</string>
                </dict>
                <key>Spawn Action</key>
                <dict>
                    <key>selectedStringValue</key>
                    <string>kPermanentSpawning</string>
                </dict>
            </dict>
            <dict>
                <key>id</key>
                <string>9083</string>
                <key>className</key>
                <string>PTModelComponentSpawner</string>
                <key>Name</key>
                <dict>
                    <key>visible</key>
                    <string>0</string>
                    <key>value</key>
                    <string>Spawner</string>
                </dict>
                <key>Spawn Action</key>
                <dict>
                    <key>selectedStringValue</key>
                    <string>kPermanentSpawning</string>
                </dict>
            </dict>
            <dict>
                <key>id</key>
                <string>9534</string>
                <key>className</key>
                <string>PTModelComponentSpawner</string>
                <key>Name</key>
                <dict>
                    <key>visible</key>
                    <string>0</string>
                    <key>value</key>
                    <string>Spawner</string>
                </dict>
                <key>Spawn Action</key>
                <dict>
                    <key>selectedStringValue</key>
                    <string>kPermanentSpawning</string>
                </dict>
            </dict>
        </array>
    </dict>
</plist>
