<?xml version="1.0" encoding="UTF-8"?>
<!DOCTYPE plist PUBLIC "-//Apple//DTD PLIST 1.0//EN" "http://www.apple.com/DTDs/PropertyList-1.0.dtd"/>

<plist version="1.0">
    <dict>
        <key>ROOT</key>
        <array>
            <dict>
                <key>id</key>
                <string>2636</string>
                <key>objectA</key>
                <string>2635</string>
                <key>objectB</key>
                <string>2624</string>
            </dict>
            <dict>
                <key>id</key>
                <string>2750</string>
                <key>objectA</key>
                <string>2749</string>
                <key>objectB</key>
                <string>2748</string>
            </dict>
            <dict>
                <key>id</key>
                <string>3258</string>
            </dict>
            <dict>
                <key>id</key>
                <string>3289</string>
            </dict>
            <dict>
                <key>id</key>
                <string>3633</string>
            </dict>
            <dict>
                <key>id</key>
                <string>3664</string>
            </dict>
            <dict>
                <key>id</key>
                <string>4193</string>
                <key>objectA</key>
                <string>3998</string>
                <key>objectB</key>
                <string>4192</string>
            </dict>
            <dict>
                <key>id</key>
                <string>4221</string>
                <key>objectA</key>
                <string>4060</string>
                <key>objectB</key>
                <string>4220</string>
            </dict>
            <dict>
                <key>id</key>
                <string>4265</string>
                <key>objectA</key>
                <string>3800</string>
                <key>objectB</key>
                <string>4264</string>
            </dict>
            <dict>
                <key>id</key>
                <string>4275</string>
                <key>objectA</key>
                <string>3812</string>
                <key>objectB</key>
                <string>4274</string>
            </dict>
            <dict>
                <key>id</key>
                <string>4402</string>
                <key>objectA</key>
                <string>4398</string>
                <key>objectB</key>
                <string>4401</string>
            </dict>
            <dict>
                <key>id</key>
                <string>4426</string>
                <key>objectA</key>
                <string>4422</string>
                <key>objectB</key>
                <string>4425</string>
            </dict>
            <dict>
                <key>id</key>
                <string>4560</string>
                <key>objectA</key>
                <string>4556</string>
                <key>objectB</key>
                <string>4557</string>
            </dict>
            <dict>
                <key>id</key>
                <string>4622</string>
                <key>objectA</key>
                <string>4617</string>
                <key>objectB</key>
                <string>4619</string>
            </dict>
            <dict>
                <key>id</key>
                <string>4702</string>
                <key>objectA</key>
                <string>4385</string>
                <key>objectB</key>
                <string>4388</string>
            </dict>
            <dict>
                <key>id</key>
                <string>4951</string>
                <key>objectA</key>
                <string>4611</string>
                <key>objectB</key>
                <string>4950</string>
            </dict>
            <dict>
                <key>id</key>
                <string>5170</string>
                <key>objectA</key>
                <string>5166</string>
                <key>objectB</key>
                <string>5169</string>
            </dict>
            <dict>
                <key>id</key>
                <string>5187</string>
                <key>objectA</key>
                <string>5182</string>
                <key>objectB</key>
                <string>5185</string>
            </dict>
            <dict>
                <key>id</key>
                <string>5232</string>
                <key>objectA</key>
                <string>5226</string>
                <key>objectB</key>
                <string>5229</string>
            </dict>
            <dict>
                <key>id</key>
                <string>5424</string>
                <key>objectA</key>
                <string>5422</string>
                <key>objectB</key>
                <string>5423</string>
            </dict>
            <dict>
                <key>id</key>
                <string>5484</string>
                <key>objectA</key>
                <string>5480</string>
                <key>objectB</key>
                <string>5482</string>
            </dict>
            <dict>
                <key>id</key>
                <string>5522</string>
                <key>objectA</key>
                <string>5489</string>
                <key>objectB</key>
                <string>5491</string>
            </dict>
            <dict>
                <key>id</key>
                <string>5759</string>
                <key>objectA</key>
                <string>5750</string>
                <key>objectB</key>
                <string>5753</string>
            </dict>
            <dict>
                <key>id</key>
                <string>5776</string>
                <key>objectA</key>
                <string>5771</string>
                <key>objectB</key>
                <string>5774</string>
            </dict>
            <dict>
                <key>id</key>
                <string>5821</string>
                <key>objectA</key>
                <string>5815</string>
                <key>objectB</key>
                <string>5818</string>
            </dict>
            <dict>
                <key>id</key>
                <string>6013</string>
                <key>objectA</key>
                <string>6011</string>
                <key>objectB</key>
                <string>6012</string>
            </dict>
            <dict>
                <key>id</key>
                <string>6073</string>
                <key>objectA</key>
                <string>6069</string>
                <key>objectB</key>
                <string>6071</string>
            </dict>
            <dict>
                <key>id</key>
                <string>6111</string>
                <key>objectA</key>
                <string>6078</string>
                <key>objectB</key>
                <string>6080</string>
            </dict>
            <dict>
                <key>id</key>
                <string>8080</string>
                <key>objectA</key>
                <string>8057</string>
                <key>objectB</key>
                <string>8060</string>
            </dict>
            <dict>
                <key>id</key>
                <string>8114</string>
                <key>objectA</key>
                <string>8100</string>
                <key>objectB</key>
                <string>8103</string>
            </dict>
            <dict>
                <key>id</key>
                <string>8163</string>
                <key>objectA</key>
                <string>8150</string>
                <key>objectB</key>
                <string>8152</string>
            </dict>
            <dict>
                <key>id</key>
                <string>8411</string>
                <key>objectA</key>
                <string>8391</string>
                <key>objectB</key>
                <string>8392</string>
            </dict>
            <dict>
                <key>id</key>
                <string>8533</string>
                <key>objectA</key>
                <string>8520</string>
                <key>objectB</key>
                <string>8522</string>
            </dict>
            <dict>
                <key>id</key>
                <string>8565</string>
                <key>objectA</key>
                <string>8537</string>
                <key>objectB</key>
                <string>8539</string>
            </dict>
            <dict>
                <key>id</key>
                <string>8906</string>
                <key>objectA</key>
                <string>8902</string>
                <key>objectB</key>
                <string>8905</string>
            </dict>
            <dict>
                <key>id</key>
                <string>8929</string>
                <key>objectA</key>
                <string>8925</string>
                <key>objectB</key>
                <string>8928</string>
            </dict>
            <dict>
                <key>id</key>
                <string>9063</string>
                <key>objectA</key>
                <string>9059</string>
                <key>objectB</key>
                <string>9060</string>
            </dict>
            <dict>
                <key>id</key>
                <string>9125</string>
                <key>objectA</key>
                <string>9120</string>
                <key>objectB</key>
                <string>9122</string>
            </dict>
            <dict>
                <key>id</key>
                <string>9302</string>
                <key>objectA</key>
                <string>9293</string>
                <key>objectB</key>
                <string>9296</string>
            </dict>
            <dict>
                <key>id</key>
                <string>9319</string>
                <key>objectA</key>
                <string>9314</string>
                <key>objectB</key>
                <string>9317</string>
            </dict>
            <dict>
                <key>id</key>
                <string>9352</string>
                <key>objectA</key>
                <string>9348</string>
                <key>objectB</key>
                <string>9350</string>
            </dict>
            <dict>
                <key>id</key>
                <string>9512</string>
                <key>objectA</key>
                <string>9510</string>
                <key>objectB</key>
                <string>9511</string>
            </dict>
            <dict>
                <key>id</key>
                <string>9572</string>
                <key>objectA</key>
                <string>9568</string>
                <key>objectB</key>
                <string>9570</string>
            </dict>
            <dict>
                <key>id</key>
                <string>9610</string>
                <key>objectA</key>
                <string>9577</string>
                <key>objectB</key>
                <string>9579</string>
            </dict>
            <dict>
                <key>id</key>
                <string>9924</string>
                <key>objectA</key>
                <string>9901</string>
                <key>objectB</key>
                <string>9904</string>
            </dict>
            <dict>
                <key>id</key>
                <string>9958</string>
                <key>objectA</key>
                <string>9944</string>
                <key>objectB</key>
                <string>9947</string>
            </dict>
            <dict>
                <key>id</key>
                <string>10007</string>
                <key>objectA</key>
                <string>9994</string>
                <key>objectB</key>
                <string>9996</string>
            </dict>
            <dict>
                <key>id</key>
                <string>10255</string>
                <key>objectA</key>
                <string>10235</string>
                <key>objectB</key>
                <string>10236</string>
            </dict>
            <dict>
                <key>id</key>
                <string>10377</string>
                <key>objectA</key>
                <string>10364</string>
                <key>objectB</key>
                <string>10366</string>
            </dict>
            <dict>
                <key>id</key>
                <string>10409</string>
                <key>objectA</key>
                <string>10381</string>
                <key>objectB</key>
                <string>10383</string>
            </dict>
            <dict>
                <key>id</key>
                <string>10641</string>
                <key>objectA</key>
                <string>10618</string>
                <key>objectB</key>
                <string>10621</string>
            </dict>
            <dict>
                <key>id</key>
                <string>10675</string>
                <key>objectA</key>
                <string>10661</string>
                <key>objectB</key>
                <string>10664</string>
            </dict>
            <dict>
                <key>id</key>
                <string>10724</string>
                <key>objectA</key>
                <string>10711</string>
                <key>objectB</key>
                <string>10713</string>
            </dict>
            <dict>
                <key>id</key>
                <string>10972</string>
                <key>objectA</key>
                <string>10952</string>
                <key>objectB</key>
                <string>10953</string>
            </dict>
            <dict>
                <key>id</key>
                <string>11094</string>
                <key>objectA</key>
                <string>11081</string>
                <key>objectB</key>
                <string>11083</string>
            </dict>
            <dict>
                <key>id</key>
                <string>11126</string>
                <key>objectA</key>
                <string>11098</string>
                <key>objectB</key>
                <string>11100</string>
            </dict>
        </array>
    </dict>
</plist>
