<?xml version="1.0" encoding="UTF-8"?>
<!DOCTYPE plist PUBLIC "-//Apple//DTD PLIST 1.0//EN" "http://www.apple.com/DTDs/PropertyList-1.0.dtd"/>

<plist version="1.0">
    <dict>
        <key>ROOT</key>
        <array>
            <dict>
                <key>id</key>
                <string>112</string>
                <key>children</key>
                <array/>
            </dict>
            <dict>
                <key>id</key>
                <string>141</string>
                <key>children</key>
                <array/>
            </dict>
            <dict>
                <key>id</key>
                <string>154</string>
                <key>children</key>
                <array>
                    <string>372</string>
                </array>
            </dict>
            <dict>
                <key>id</key>
                <string>196</string>
                <key>children</key>
                <array>
                    <string>499</string>
                </array>
            </dict>
            <dict>
                <key>id</key>
                <string>226</string>
                <key>children</key>
                <array/>
            </dict>
            <dict>
                <key>id</key>
                <string>289</string>
                <key>children</key>
                <array>
                    <string>298</string>
                </array>
            </dict>
            <dict>
                <key>id</key>
                <string>383</string>
                <key>children</key>
                <array>
                    <string>384</string>
                </array>
            </dict>
            <dict>
                <key>id</key>
                <string>405</string>
                <key>children</key>
                <array>
                    <string>463</string>
                </array>
            </dict>
            <dict>
                <key>id</key>
                <string>654</string>
                <key>children</key>
                <array>
                    <string>669</string>
                </array>
            </dict>
            <dict>
                <key>id</key>
                <string>682</string>
                <key>children</key>
                <array>
                    <string>683</string>
                </array>
            </dict>
            <dict>
                <key>id</key>
                <string>693</string>
                <key>children</key>
                <array>
                    <string>708</string>
                </array>
            </dict>
            <dict>
                <key>id</key>
                <string>719</string>
                <key>children</key>
                <array>
                    <string>759</string>
                </array>
            </dict>
            <dict>
                <key>id</key>
                <string>726</string>
                <key>children</key>
                <array>
                    <string>743</string>
                </array>
            </dict>
            <dict>
                <key>id</key>
                <string>766</string>
                <key>children</key>
                <array>
                    <string>781</string>
                </array>
            </dict>
            <dict>
                <key>id</key>
                <string>834</string>
                <key>children</key>
                <array>
                    <string>835</string>
                </array>
            </dict>
            <dict>
                <key>id</key>
                <string>845</string>
                <key>children</key>
                <array>
                    <string>846</string>
                </array>
            </dict>
            <dict>
                <key>id</key>
                <string>1350</string>
                <key>children</key>
                <array>
                    <string>1392</string>
                </array>
            </dict>
            <dict>
                <key>id</key>
                <string>1352</string>
                <key>children</key>
                <array>
                    <string>1353</string>
                </array>
            </dict>
            <dict>
                <key>id</key>
                <string>1356</string>
                <key>children</key>
                <array>
                    <string>1357</string>
                </array>
            </dict>
            <dict>
                <key>id</key>
                <string>1368</string>
                <key>children</key>
                <array>
                    <string>1401</string>
                </array>
            </dict>
            <dict>
                <key>id</key>
                <string>1370</string>
                <key>children</key>
                <array>
                    <string>1371</string>
                </array>
            </dict>
            <dict>
                <key>id</key>
                <string>1374</string>
                <key>children</key>
                <array>
                    <string>1375</string>
                </array>
            </dict>
            <dict>
                <key>id</key>
                <string>1412</string>
                <key>children</key>
                <array>
                    <string>1413</string>
                </array>
            </dict>
            <dict>
                <key>id</key>
                <string>1433</string>
                <key>children</key>
                <array>
                    <string>1434</string>
                </array>
            </dict>
            <dict>
                <key>id</key>
                <string>1441</string>
                <key>children</key>
                <array>
                    <string>1442</string>
                </array>
            </dict>
            <dict>
                <key>id</key>
                <string>1450</string>
                <key>children</key>
                <array>
                    <string>1451</string>
                </array>
            </dict>
            <dict>
                <key>id</key>
                <string>1458</string>
                <key>children</key>
                <array>
                    <string>1459</string>
                </array>
            </dict>
            <dict>
                <key>id</key>
                <string>2168</string>
                <key>children</key>
                <array>
                    <string>2169</string>
                </array>
            </dict>
            <dict>
                <key>id</key>
                <string>2186</string>
                <key>children</key>
                <array>
                    <string>2187</string>
                </array>
            </dict>
            <dict>
                <key>id</key>
                <string>2205</string>
                <key>children</key>
                <array>
                    <string>2206</string>
                </array>
            </dict>
            <dict>
                <key>id</key>
                <string>2217</string>
                <key>children</key>
                <array>
                    <string>2218</string>
                </array>
            </dict>
            <dict>
                <key>id</key>
                <string>2228</string>
                <key>children</key>
                <array>
                    <string>2229</string>
                </array>
            </dict>
            <dict>
                <key>id</key>
                <string>2282</string>
                <key>children</key>
                <array>
                    <string>2292</string>
                </array>
            </dict>
            <dict>
                <key>id</key>
                <string>2340</string>
                <key>children</key>
                <array>
                    <string>2341</string>
                </array>
            </dict>
            <dict>
                <key>id</key>
                <string>2351</string>
                <key>children</key>
                <array>
                    <string>2380</string>
                </array>
            </dict>
            <dict>
                <key>id</key>
                <string>2401</string>
                <key>children</key>
                <array>
                    <string>2416</string>
                </array>
            </dict>
            <dict>
                <key>id</key>
                <string>2629</string>
                <key>children</key>
                <array>
                    <string>2630</string>
                </array>
            </dict>
            <dict>
                <key>id</key>
                <string>3135</string>
                <key>children</key>
                <array>
                    <string>3136</string>
                </array>
            </dict>
            <dict>
                <key>id</key>
                <string>3147</string>
                <key>children</key>
                <array>
                    <string>3148</string>
                </array>
            </dict>
            <dict>
                <key>id</key>
                <string>3158</string>
                <key>children</key>
                <array>
                    <string>3159</string>
                </array>
            </dict>
            <dict>
                <key>id</key>
                <string>3171</string>
                <key>children</key>
                <array>
                    <string>3172</string>
                </array>
            </dict>
            <dict>
                <key>id</key>
                <string>3183</string>
                <key>children</key>
                <array>
                    <string>3184</string>
                </array>
            </dict>
            <dict>
                <key>id</key>
                <string>3195</string>
                <key>children</key>
                <array>
                    <string>3196</string>
                </array>
            </dict>
            <dict>
                <key>id</key>
                <string>3207</string>
                <key>children</key>
                <array>
                    <string>3208</string>
                </array>
            </dict>
            <dict>
                <key>id</key>
                <string>7231</string>
                <key>children</key>
                <array>
                    <string>7232</string>
                </array>
            </dict>
            <dict>
                <key>id</key>
                <string>7242</string>
                <key>children</key>
                <array>
                    <string>7246</string>
                </array>
            </dict>
        </array>
    </dict>
</plist>
