<?xml version="1.0" encoding="UTF-8"?>
<!DOCTYPE plist PUBLIC "-//Apple//DTD PLIST 1.0//EN" "http://www.apple.com/DTDs/PropertyList-1.0.dtd"/>

<plist version="1.0">
    <dict>
        <key>ROOT</key>
        <array>
            <dict>
                <key>id</key>
                <string>212</string>
            </dict>
            <dict>
                <key>id</key>
                <string>235</string>
            </dict>
            <dict>
                <key>id</key>
                <string>2271</string>
            </dict>
            <dict>
                <key>id</key>
                <string>2272</string>
            </dict>
            <dict>
                <key>id</key>
                <string>2294</string>
            </dict>
            <dict>
                <key>id</key>
                <string>3128</string>
            </dict>
            <dict>
                <key>id</key>
                <string>3129</string>
            </dict>
            <dict>
                <key>id</key>
                <string>3130</string>
            </dict>
            <dict>
                <key>id</key>
                <string>3215</string>
            </dict>
            <dict>
                <key>id</key>
                <string>3216</string>
            </dict>
            <dict>
                <key>id</key>
                <string>3217</string>
            </dict>
            <dict>
                <key>id</key>
                <string>3218</string>
            </dict>
            <dict>
                <key>id</key>
                <string>3219</string>
            </dict>
            <dict>
                <key>id</key>
                <string>3220</string>
            </dict>
            <dict>
                <key>id</key>
                <string>3221</string>
            </dict>
        </array>
    </dict>
</plist>
