<?xml version="1.0" encoding="UTF-8"?>
<!DOCTYPE plist PUBLIC "-//Apple//DTD PLIST 1.0//EN" "http://www.apple.com/DTDs/PropertyList-1.0.dtd"/>

<plist version="1.0">
    <dict>
        <key>ROOT</key>
        <array>
            <dict>
                <key>id</key>
                <string>642</string>
            </dict>
            <dict>
                <key>id</key>
                <string>977</string>
            </dict>
            <dict>
                <key>id</key>
                <string>1149</string>
            </dict>
            <dict>
                <key>id</key>
                <string>1321</string>
            </dict>
            <dict>
                <key>id</key>
                <string>1324</string>
            </dict>
            <dict>
                <key>id</key>
                <string>1327</string>
            </dict>
            <dict>
                <key>id</key>
                <string>1783</string>
            </dict>
            <dict>
                <key>id</key>
                <string>1785</string>
            </dict>
            <dict>
                <key>id</key>
                <string>1787</string>
            </dict>
            <dict>
                <key>id</key>
                <string>1803</string>
            </dict>
            <dict>
                <key>id</key>
                <string>1805</string>
            </dict>
            <dict>
                <key>id</key>
                <string>1811</string>
            </dict>
            <dict>
                <key>id</key>
                <string>1815</string>
            </dict>
            <dict>
                <key>id</key>
                <string>1819</string>
            </dict>
            <dict>
                <key>id</key>
                <string>1823</string>
            </dict>
            <dict>
                <key>id</key>
                <string>1854</string>
            </dict>
            <dict>
                <key>id</key>
                <string>1855</string>
            </dict>
            <dict>
                <key>id</key>
                <string>1856</string>
            </dict>
            <dict>
                <key>id</key>
                <string>1858</string>
            </dict>
            <dict>
                <key>id</key>
                <string>1859</string>
            </dict>
            <dict>
                <key>id</key>
                <string>1861</string>
            </dict>
            <dict>
                <key>id</key>
                <string>1863</string>
            </dict>
            <dict>
                <key>id</key>
                <string>1865</string>
            </dict>
            <dict>
                <key>id</key>
                <string>1867</string>
            </dict>
            <dict>
                <key>id</key>
                <string>1911</string>
            </dict>
            <dict>
                <key>id</key>
                <string>1912</string>
            </dict>
            <dict>
                <key>id</key>
                <string>1913</string>
            </dict>
            <dict>
                <key>id</key>
                <string>1915</string>
            </dict>
            <dict>
                <key>id</key>
                <string>1916</string>
            </dict>
            <dict>
                <key>id</key>
                <string>1918</string>
            </dict>
            <dict>
                <key>id</key>
                <string>1920</string>
            </dict>
            <dict>
                <key>id</key>
                <string>1922</string>
            </dict>
            <dict>
                <key>id</key>
                <string>1924</string>
            </dict>
            <dict>
                <key>id</key>
                <string>2105</string>
            </dict>
            <dict>
                <key>id</key>
                <string>2111</string>
            </dict>
            <dict>
                <key>id</key>
                <string>2113</string>
            </dict>
            <dict>
                <key>id</key>
                <string>2592</string>
            </dict>
            <dict>
                <key>id</key>
                <string>8749</string>
            </dict>
            <dict>
                <key>id</key>
                <string>8829</string>
            </dict>
            <dict>
                <key>id</key>
                <string>9208</string>
            </dict>
            <dict>
                <key>id</key>
                <string>9211</string>
            </dict>
            <dict>
                <key>id</key>
                <string>9214</string>
            </dict>
            <dict>
                <key>id</key>
                <string>9225</string>
            </dict>
            <dict>
                <key>id</key>
                <string>9228</string>
            </dict>
            <dict>
                <key>id</key>
                <string>9231</string>
            </dict>
            <dict>
                <key>id</key>
                <string>9240</string>
            </dict>
            <dict>
                <key>id</key>
                <string>9243</string>
            </dict>
            <dict>
                <key>id</key>
                <string>9246</string>
            </dict>
            <dict>
                <key>id</key>
                <string>9754</string>
            </dict>
            <dict>
                <key>id</key>
                <string>9755</string>
            </dict>
            <dict>
                <key>id</key>
                <string>9756</string>
            </dict>
            <dict>
                <key>id</key>
                <string>9758</string>
            </dict>
            <dict>
                <key>id</key>
                <string>9759</string>
            </dict>
            <dict>
                <key>id</key>
                <string>9761</string>
            </dict>
            <dict>
                <key>id</key>
                <string>9763</string>
            </dict>
            <dict>
                <key>id</key>
                <string>9765</string>
            </dict>
            <dict>
                <key>id</key>
                <string>9767</string>
            </dict>
            <dict>
                <key>id</key>
                <string>9780</string>
            </dict>
            <dict>
                <key>id</key>
                <string>9781</string>
            </dict>
            <dict>
                <key>id</key>
                <string>9782</string>
            </dict>
            <dict>
                <key>id</key>
                <string>9784</string>
            </dict>
            <dict>
                <key>id</key>
                <string>9785</string>
            </dict>
            <dict>
                <key>id</key>
                <string>9787</string>
            </dict>
            <dict>
                <key>id</key>
                <string>9789</string>
            </dict>
            <dict>
                <key>id</key>
                <string>9791</string>
            </dict>
            <dict>
                <key>id</key>
                <string>9793</string>
            </dict>
            <dict>
                <key>id</key>
                <string>9806</string>
            </dict>
            <dict>
                <key>id</key>
                <string>9807</string>
            </dict>
            <dict>
                <key>id</key>
                <string>9808</string>
            </dict>
            <dict>
                <key>id</key>
                <string>9810</string>
            </dict>
            <dict>
                <key>id</key>
                <string>9811</string>
            </dict>
            <dict>
                <key>id</key>
                <string>9813</string>
            </dict>
            <dict>
                <key>id</key>
                <string>9815</string>
            </dict>
            <dict>
                <key>id</key>
                <string>9817</string>
            </dict>
            <dict>
                <key>id</key>
                <string>9819</string>
            </dict>
            <dict>
                <key>id</key>
                <string>9822</string>
            </dict>
            <dict>
                <key>id</key>
                <string>9826</string>
            </dict>
            <dict>
                <key>id</key>
                <string>9838</string>
            </dict>
            <dict>
                <key>id</key>
                <string>9839</string>
            </dict>
            <dict>
                <key>id</key>
                <string>9840</string>
            </dict>
            <dict>
                <key>id</key>
                <string>9842</string>
            </dict>
            <dict>
                <key>id</key>
                <string>9843</string>
            </dict>
            <dict>
                <key>id</key>
                <string>9845</string>
            </dict>
            <dict>
                <key>id</key>
                <string>9847</string>
            </dict>
            <dict>
                <key>id</key>
                <string>9849</string>
            </dict>
            <dict>
                <key>id</key>
                <string>9851</string>
            </dict>
            <dict>
                <key>id</key>
                <string>11293</string>
            </dict>
            <dict>
                <key>id</key>
                <string>11296</string>
            </dict>
            <dict>
                <key>id</key>
                <string>11299</string>
            </dict>
            <dict>
                <key>id</key>
                <string>11310</string>
            </dict>
            <dict>
                <key>id</key>
                <string>11313</string>
            </dict>
            <dict>
                <key>id</key>
                <string>11316</string>
            </dict>
            <dict>
                <key>id</key>
                <string>11325</string>
            </dict>
            <dict>
                <key>id</key>
                <string>11328</string>
            </dict>
            <dict>
                <key>id</key>
                <string>11331</string>
            </dict>
            <dict>
                <key>id</key>
                <string>11346</string>
            </dict>
            <dict>
                <key>id</key>
                <string>11349</string>
            </dict>
            <dict>
                <key>id</key>
                <string>11352</string>
            </dict>
            <dict>
                <key>id</key>
                <string>11361</string>
            </dict>
            <dict>
                <key>id</key>
                <string>11364</string>
            </dict>
            <dict>
                <key>id</key>
                <string>11367</string>
            </dict>
            <dict>
                <key>id</key>
                <string>11387</string>
            </dict>
            <dict>
                <key>id</key>
                <string>11388</string>
            </dict>
            <dict>
                <key>id</key>
                <string>11389</string>
            </dict>
            <dict>
                <key>id</key>
                <string>11391</string>
            </dict>
            <dict>
                <key>id</key>
                <string>11392</string>
            </dict>
            <dict>
                <key>id</key>
                <string>11394</string>
            </dict>
            <dict>
                <key>id</key>
                <string>11396</string>
            </dict>
            <dict>
                <key>id</key>
                <string>11398</string>
            </dict>
            <dict>
                <key>id</key>
                <string>11400</string>
            </dict>
            <dict>
                <key>id</key>
                <string>11413</string>
            </dict>
            <dict>
                <key>id</key>
                <string>11414</string>
            </dict>
            <dict>
                <key>id</key>
                <string>11415</string>
            </dict>
            <dict>
                <key>id</key>
                <string>11417</string>
            </dict>
            <dict>
                <key>id</key>
                <string>11418</string>
            </dict>
            <dict>
                <key>id</key>
                <string>11420</string>
            </dict>
            <dict>
                <key>id</key>
                <string>11422</string>
            </dict>
            <dict>
                <key>id</key>
                <string>11424</string>
            </dict>
            <dict>
                <key>id</key>
                <string>11426</string>
            </dict>
            <dict>
                <key>id</key>
                <string>11439</string>
            </dict>
            <dict>
                <key>id</key>
                <string>11440</string>
            </dict>
            <dict>
                <key>id</key>
                <string>11441</string>
            </dict>
            <dict>
                <key>id</key>
                <string>11443</string>
            </dict>
            <dict>
                <key>id</key>
                <string>11444</string>
            </dict>
            <dict>
                <key>id</key>
                <string>11446</string>
            </dict>
            <dict>
                <key>id</key>
                <string>11448</string>
            </dict>
            <dict>
                <key>id</key>
                <string>11450</string>
            </dict>
            <dict>
                <key>id</key>
                <string>11452</string>
            </dict>
            <dict>
                <key>id</key>
                <string>11465</string>
            </dict>
            <dict>
                <key>id</key>
                <string>11466</string>
            </dict>
            <dict>
                <key>id</key>
                <string>11467</string>
            </dict>
            <dict>
                <key>id</key>
                <string>11469</string>
            </dict>
            <dict>
                <key>id</key>
                <string>11470</string>
            </dict>
            <dict>
                <key>id</key>
                <string>11472</string>
            </dict>
            <dict>
                <key>id</key>
                <string>11474</string>
            </dict>
            <dict>
                <key>id</key>
                <string>11476</string>
            </dict>
            <dict>
                <key>id</key>
                <string>11478</string>
            </dict>
            <dict>
                <key>id</key>
                <string>11491</string>
            </dict>
            <dict>
                <key>id</key>
                <string>11492</string>
            </dict>
            <dict>
                <key>id</key>
                <string>11493</string>
            </dict>
            <dict>
                <key>id</key>
                <string>11495</string>
            </dict>
            <dict>
                <key>id</key>
                <string>11496</string>
            </dict>
            <dict>
                <key>id</key>
                <string>11498</string>
            </dict>
            <dict>
                <key>id</key>
                <string>11500</string>
            </dict>
            <dict>
                <key>id</key>
                <string>11502</string>
            </dict>
            <dict>
                <key>id</key>
                <string>11504</string>
            </dict>
            <dict>
                <key>id</key>
                <string>11507</string>
            </dict>
            <dict>
                <key>id</key>
                <string>11511</string>
            </dict>
            <dict>
                <key>id</key>
                <string>11523</string>
            </dict>
            <dict>
                <key>id</key>
                <string>11524</string>
            </dict>
            <dict>
                <key>id</key>
                <string>11525</string>
            </dict>
            <dict>
                <key>id</key>
                <string>11527</string>
            </dict>
            <dict>
                <key>id</key>
                <string>11528</string>
            </dict>
            <dict>
                <key>id</key>
                <string>11530</string>
            </dict>
            <dict>
                <key>id</key>
                <string>11532</string>
            </dict>
            <dict>
                <key>id</key>
                <string>11534</string>
            </dict>
            <dict>
                <key>id</key>
                <string>11536</string>
            </dict>
            <dict>
                <key>id</key>
                <string>11539</string>
            </dict>
            <dict>
                <key>id</key>
                <string>11543</string>
            </dict>
            <dict>
                <key>id</key>
                <string>11564</string>
            </dict>
            <dict>
                <key>id</key>
                <string>11565</string>
            </dict>
            <dict>
                <key>id</key>
                <string>11566</string>
            </dict>
            <dict>
                <key>id</key>
                <string>11568</string>
            </dict>
            <dict>
                <key>id</key>
                <string>11569</string>
            </dict>
            <dict>
                <key>id</key>
                <string>11571</string>
            </dict>
            <dict>
                <key>id</key>
                <string>11573</string>
            </dict>
            <dict>
                <key>id</key>
                <string>11575</string>
            </dict>
            <dict>
                <key>id</key>
                <string>11577</string>
            </dict>
            <dict>
                <key>id</key>
                <string>11590</string>
            </dict>
            <dict>
                <key>id</key>
                <string>11591</string>
            </dict>
            <dict>
                <key>id</key>
                <string>11592</string>
            </dict>
            <dict>
                <key>id</key>
                <string>11594</string>
            </dict>
            <dict>
                <key>id</key>
                <string>11595</string>
            </dict>
            <dict>
                <key>id</key>
                <string>11597</string>
            </dict>
            <dict>
                <key>id</key>
                <string>11599</string>
            </dict>
            <dict>
                <key>id</key>
                <string>11601</string>
            </dict>
            <dict>
                <key>id</key>
                <string>11603</string>
            </dict>
            <dict>
                <key>id</key>
                <string>11616</string>
            </dict>
            <dict>
                <key>id</key>
                <string>11617</string>
            </dict>
            <dict>
                <key>id</key>
                <string>11618</string>
            </dict>
            <dict>
                <key>id</key>
                <string>11620</string>
            </dict>
            <dict>
                <key>id</key>
                <string>11621</string>
            </dict>
            <dict>
                <key>id</key>
                <string>11623</string>
            </dict>
            <dict>
                <key>id</key>
                <string>11625</string>
            </dict>
            <dict>
                <key>id</key>
                <string>11627</string>
            </dict>
            <dict>
                <key>id</key>
                <string>11629</string>
            </dict>
            <dict>
                <key>id</key>
                <string>11642</string>
            </dict>
            <dict>
                <key>id</key>
                <string>11643</string>
            </dict>
            <dict>
                <key>id</key>
                <string>11644</string>
            </dict>
            <dict>
                <key>id</key>
                <string>11646</string>
            </dict>
            <dict>
                <key>id</key>
                <string>11647</string>
            </dict>
            <dict>
                <key>id</key>
                <string>11649</string>
            </dict>
            <dict>
                <key>id</key>
                <string>11651</string>
            </dict>
            <dict>
                <key>id</key>
                <string>11653</string>
            </dict>
            <dict>
                <key>id</key>
                <string>11655</string>
            </dict>
            <dict>
                <key>id</key>
                <string>11668</string>
            </dict>
            <dict>
                <key>id</key>
                <string>11669</string>
            </dict>
            <dict>
                <key>id</key>
                <string>11670</string>
            </dict>
            <dict>
                <key>id</key>
                <string>11672</string>
            </dict>
            <dict>
                <key>id</key>
                <string>11673</string>
            </dict>
            <dict>
                <key>id</key>
                <string>11675</string>
            </dict>
            <dict>
                <key>id</key>
                <string>11677</string>
            </dict>
            <dict>
                <key>id</key>
                <string>11679</string>
            </dict>
            <dict>
                <key>id</key>
                <string>11681</string>
            </dict>
            <dict>
                <key>id</key>
                <string>11694</string>
            </dict>
            <dict>
                <key>id</key>
                <string>11695</string>
            </dict>
            <dict>
                <key>id</key>
                <string>11696</string>
            </dict>
            <dict>
                <key>id</key>
                <string>11698</string>
            </dict>
            <dict>
                <key>id</key>
                <string>11699</string>
            </dict>
            <dict>
                <key>id</key>
                <string>11701</string>
            </dict>
            <dict>
                <key>id</key>
                <string>11703</string>
            </dict>
            <dict>
                <key>id</key>
                <string>11705</string>
            </dict>
            <dict>
                <key>id</key>
                <string>11707</string>
            </dict>
            <dict>
                <key>id</key>
                <string>11721</string>
            </dict>
            <dict>
                <key>id</key>
                <string>11722</string>
            </dict>
            <dict>
                <key>id</key>
                <string>11723</string>
            </dict>
            <dict>
                <key>id</key>
                <string>11725</string>
            </dict>
            <dict>
                <key>id</key>
                <string>11726</string>
            </dict>
            <dict>
                <key>id</key>
                <string>11728</string>
            </dict>
            <dict>
                <key>id</key>
                <string>11730</string>
            </dict>
            <dict>
                <key>id</key>
                <string>11732</string>
            </dict>
            <dict>
                <key>id</key>
                <string>11734</string>
            </dict>
            <dict>
                <key>id</key>
                <string>11747</string>
            </dict>
            <dict>
                <key>id</key>
                <string>11748</string>
            </dict>
            <dict>
                <key>id</key>
                <string>11749</string>
            </dict>
            <dict>
                <key>id</key>
                <string>11751</string>
            </dict>
            <dict>
                <key>id</key>
                <string>11752</string>
            </dict>
            <dict>
                <key>id</key>
                <string>11754</string>
            </dict>
            <dict>
                <key>id</key>
                <string>11756</string>
            </dict>
            <dict>
                <key>id</key>
                <string>11758</string>
            </dict>
            <dict>
                <key>id</key>
                <string>11760</string>
            </dict>
            <dict>
                <key>id</key>
                <string>11773</string>
            </dict>
            <dict>
                <key>id</key>
                <string>11774</string>
            </dict>
            <dict>
                <key>id</key>
                <string>11775</string>
            </dict>
            <dict>
                <key>id</key>
                <string>11777</string>
            </dict>
            <dict>
                <key>id</key>
                <string>11778</string>
            </dict>
            <dict>
                <key>id</key>
                <string>11780</string>
            </dict>
            <dict>
                <key>id</key>
                <string>11782</string>
            </dict>
            <dict>
                <key>id</key>
                <string>11784</string>
            </dict>
            <dict>
                <key>id</key>
                <string>11786</string>
            </dict>
            <dict>
                <key>id</key>
                <string>11799</string>
            </dict>
            <dict>
                <key>id</key>
                <string>11800</string>
            </dict>
            <dict>
                <key>id</key>
                <string>11801</string>
            </dict>
            <dict>
                <key>id</key>
                <string>11803</string>
            </dict>
            <dict>
                <key>id</key>
                <string>11804</string>
            </dict>
            <dict>
                <key>id</key>
                <string>11806</string>
            </dict>
            <dict>
                <key>id</key>
                <string>11808</string>
            </dict>
            <dict>
                <key>id</key>
                <string>11810</string>
            </dict>
            <dict>
                <key>id</key>
                <string>11812</string>
            </dict>
            <dict>
                <key>id</key>
                <string>11825</string>
            </dict>
            <dict>
                <key>id</key>
                <string>11826</string>
            </dict>
            <dict>
                <key>id</key>
                <string>11827</string>
            </dict>
            <dict>
                <key>id</key>
                <string>11829</string>
            </dict>
            <dict>
                <key>id</key>
                <string>11830</string>
            </dict>
            <dict>
                <key>id</key>
                <string>11832</string>
            </dict>
            <dict>
                <key>id</key>
                <string>11834</string>
            </dict>
            <dict>
                <key>id</key>
                <string>11836</string>
            </dict>
            <dict>
                <key>id</key>
                <string>11838</string>
            </dict>
            <dict>
                <key>id</key>
                <string>11851</string>
            </dict>
            <dict>
                <key>id</key>
                <string>11852</string>
            </dict>
            <dict>
                <key>id</key>
                <string>11853</string>
            </dict>
            <dict>
                <key>id</key>
                <string>11855</string>
            </dict>
            <dict>
                <key>id</key>
                <string>11856</string>
            </dict>
            <dict>
                <key>id</key>
                <string>11858</string>
            </dict>
            <dict>
                <key>id</key>
                <string>11860</string>
            </dict>
            <dict>
                <key>id</key>
                <string>11862</string>
            </dict>
            <dict>
                <key>id</key>
                <string>11864</string>
            </dict>
        </array>
    </dict>
</plist>
