<?xml version="1.0" encoding="UTF-8"?>
<!DOCTYPE plist PUBLIC "-//Apple//DTD PLIST 1.0//EN" "http://www.apple.com/DTDs/PropertyList-1.0.dtd"/>

<plist version="1.0">
    <dict>
        <key>ROOT</key>
        <array>
            <dict>
                <key>id</key>
                <string>98</string>
                <key>children</key>
                <array>
                    <string>11896</string>
                </array>
            </dict>
            <dict>
                <key>id</key>
                <string>102</string>
                <key>Music</key>
                <dict>
                    <key>value</key>
                    <string>2255</string>
                </dict>
                <key>children</key>
                <array>
                    <string>344</string>
                    <string>377</string>
                    <string>642</string>
                    <string>874</string>
                    <string>879</string>
                    <string>977</string>
                    <string>996</string>
                    <string>1049</string>
                    <string>1149</string>
                    <string>1191</string>
                    <string>1527</string>
                    <string>1612</string>
                    <string>2575</string>
                    <string>2596</string>
                    <string>2601</string>
                    <string>2606</string>
                    <string>7426</string>
                </array>
            </dict>
            <dict>
                <key>id</key>
                <string>332</string>
                <key>Music</key>
                <dict>
                    <key>value</key>
                    <string>2254</string>
                </dict>
                <key>children</key>
                <array>
                    <string>339</string>
                    <string>1218</string>
                    <string>1233</string>
                    <string>1244</string>
                    <string>1265</string>
                    <string>1274</string>
                    <string>1280</string>
                    <string>1282</string>
                    <string>2001</string>
                </array>
            </dict>
            <dict>
                <key>id</key>
                <string>343</string>
                <key>Music</key>
                <dict>
                    <key>value</key>
                    <string>2256</string>
                </dict>
                <key>children</key>
                <array>
                    <string>351</string>
                    <string>352</string>
                    <string>1212</string>
                    <string>1654</string>
                    <string>1663</string>
                    <string>1672</string>
                    <string>1675</string>
                    <string>1680</string>
                    <string>1685</string>
                    <string>1783</string>
                    <string>1785</string>
                    <string>1787</string>
                    <string>1793</string>
                    <string>1803</string>
                    <string>1805</string>
                    <string>1809</string>
                    <string>1811</string>
                    <string>1813</string>
                    <string>1815</string>
                    <string>1817</string>
                    <string>1819</string>
                    <string>1821</string>
                    <string>1823</string>
                    <string>1835</string>
                </array>
            </dict>
            <dict>
                <key>id</key>
                <string>1285</string>
                <key>children</key>
                <array>
                    <string>1287</string>
                    <string>1290</string>
                    <string>1291</string>
                    <string>1292</string>
                    <string>1293</string>
                    <string>1406</string>
                    <string>1418</string>
                    <string>1421</string>
                    <string>1423</string>
                    <string>1499</string>
                    <string>1510</string>
                    <string>2049</string>
                    <string>2051</string>
                </array>
            </dict>
            <dict>
                <key>id</key>
                <string>1316</string>
                <key>Music</key>
                <dict>
                    <key>value</key>
                    <string>2255</string>
                </dict>
                <key>children</key>
                <array>
                    <string>1317</string>
                    <string>1318</string>
                    <string>1319</string>
                    <string>1320</string>
                    <string>1321</string>
                    <string>1322</string>
                    <string>1323</string>
                    <string>1324</string>
                    <string>1325</string>
                    <string>1326</string>
                    <string>1327</string>
                    <string>1608</string>
                    <string>1959</string>
                    <string>2571</string>
                    <string>7282</string>
                </array>
            </dict>
            <dict>
                <key>id</key>
                <string>1541</string>
                <key>children</key>
                <array>
                    <string>1542</string>
                    <string>1543</string>
                    <string>1553</string>
                    <string>1554</string>
                    <string>1563</string>
                    <string>1571</string>
                    <string>1624</string>
                    <string>1995</string>
                </array>
            </dict>
            <dict>
                <key>id</key>
                <string>1844</string>
                <key>children</key>
                <array>
                    <string>1845</string>
                    <string>1846</string>
                    <string>1847</string>
                    <string>1848</string>
                    <string>1849</string>
                    <string>1850</string>
                    <string>1851</string>
                    <string>1852</string>
                    <string>1853</string>
                    <string>1854</string>
                    <string>1855</string>
                    <string>1856</string>
                    <string>1857</string>
                    <string>1858</string>
                    <string>1859</string>
                    <string>1860</string>
                    <string>1861</string>
                    <string>1862</string>
                    <string>1863</string>
                    <string>1864</string>
                    <string>1865</string>
                    <string>1866</string>
                    <string>1867</string>
                    <string>1868</string>
                </array>
            </dict>
            <dict>
                <key>id</key>
                <string>1901</string>
                <key>children</key>
                <array>
                    <string>1902</string>
                    <string>1903</string>
                    <string>1904</string>
                    <string>1905</string>
                    <string>1906</string>
                    <string>1907</string>
                    <string>1908</string>
                    <string>1909</string>
                    <string>1910</string>
                    <string>1911</string>
                    <string>1912</string>
                    <string>1913</string>
                    <string>1914</string>
                    <string>1915</string>
                    <string>1916</string>
                    <string>1917</string>
                    <string>1918</string>
                    <string>1919</string>
                    <string>1920</string>
                    <string>1921</string>
                    <string>1922</string>
                    <string>1923</string>
                    <string>1924</string>
                    <string>1925</string>
                    <string>1965</string>
                    <string>8749</string>
                    <string>8752</string>
                    <string>8825</string>
                    <string>8827</string>
                    <string>8829</string>
                </array>
            </dict>
            <dict>
                <key>id</key>
                <string>1979</string>
                <key>children</key>
                <array>
                    <string>1980</string>
                    <string>1981</string>
                    <string>1982</string>
                    <string>1983</string>
                    <string>1984</string>
                    <string>1986</string>
                    <string>1997</string>
                    <string>2073</string>
                    <string>2075</string>
                    <string>2102</string>
                    <string>2105</string>
                    <string>2107</string>
                    <string>2109</string>
                    <string>2111</string>
                    <string>2113</string>
                    <string>2590</string>
                    <string>2592</string>
                </array>
            </dict>
            <dict>
                <key>id</key>
                <string>8834</string>
                <key>children</key>
                <array>
                    <string>8835</string>
                    <string>8836</string>
                    <string>8837</string>
                    <string>8838</string>
                    <string>8839</string>
                    <string>8840</string>
                    <string>8841</string>
                    <string>8842</string>
                </array>
            </dict>
            <dict>
                <key>id</key>
                <string>8844</string>
                <key>children</key>
                <array>
                    <string>8845</string>
                    <string>8846</string>
                    <string>8847</string>
                    <string>8848</string>
                    <string>8849</string>
                    <string>8850</string>
                    <string>8851</string>
                    <string>8852</string>
                </array>
            </dict>
            <dict>
                <key>id</key>
                <string>8854</string>
                <key>children</key>
                <array>
                    <string>8855</string>
                    <string>8856</string>
                    <string>8857</string>
                    <string>8858</string>
                    <string>8859</string>
                    <string>8860</string>
                    <string>8861</string>
                    <string>8862</string>
                </array>
            </dict>
            <dict>
                <key>id</key>
                <string>9203</string>
                <key>Music</key>
                <dict>
                    <key>value</key>
                    <string>2255</string>
                </dict>
                <key>children</key>
                <array>
                    <string>9204</string>
                    <string>9205</string>
                    <string>9206</string>
                    <string>9207</string>
                    <string>9208</string>
                    <string>9209</string>
                    <string>9210</string>
                    <string>9211</string>
                    <string>9212</string>
                    <string>9213</string>
                    <string>9214</string>
                    <string>9215</string>
                    <string>9216</string>
                    <string>9217</string>
                    <string>9218</string>
                </array>
            </dict>
            <dict>
                <key>id</key>
                <string>9237</string>
                <key>Music</key>
                <dict>
                    <key>value</key>
                    <string>2255</string>
                </dict>
                <key>children</key>
                <array>
                    <string>9238</string>
                    <string>9239</string>
                    <string>9240</string>
                    <string>9241</string>
                    <string>9242</string>
                    <string>9243</string>
                    <string>9244</string>
                    <string>9245</string>
                    <string>9246</string>
                    <string>9247</string>
                    <string>9248</string>
                    <string>9249</string>
                    <string>9250</string>
                    <string>9251</string>
                    <string>9252</string>
                    <string>9253</string>
                    <string>9254</string>
                </array>
            </dict>
            <dict>
                <key>id</key>
                <string>9796</string>
                <key>children</key>
                <array>
                    <string>9797</string>
                    <string>9798</string>
                    <string>9799</string>
                    <string>9800</string>
                    <string>9801</string>
                    <string>9802</string>
                    <string>9803</string>
                    <string>9804</string>
                    <string>9805</string>
                    <string>9806</string>
                    <string>9807</string>
                    <string>9808</string>
                    <string>9809</string>
                    <string>9810</string>
                    <string>9811</string>
                    <string>9812</string>
                    <string>9813</string>
                    <string>9814</string>
                    <string>9815</string>
                    <string>9816</string>
                    <string>9817</string>
                    <string>9818</string>
                    <string>9819</string>
                    <string>9820</string>
                    <string>9821</string>
                    <string>9822</string>
                    <string>9823</string>
                    <string>9824</string>
                    <string>9825</string>
                    <string>9826</string>
                </array>
            </dict>
            <dict>
                <key>id</key>
                <string>11288</string>
                <key>Music</key>
                <dict>
                    <key>value</key>
                    <string>2255</string>
                </dict>
                <key>children</key>
                <array>
                    <string>11289</string>
                    <string>11290</string>
                    <string>11291</string>
                    <string>11292</string>
                    <string>11293</string>
                    <string>11294</string>
                    <string>11295</string>
                    <string>11296</string>
                    <string>11297</string>
                    <string>11298</string>
                    <string>11299</string>
                    <string>11300</string>
                    <string>11301</string>
                    <string>11302</string>
                    <string>11303</string>
                </array>
            </dict>
            <dict>
                <key>id</key>
                <string>11322</string>
                <key>Music</key>
                <dict>
                    <key>value</key>
                    <string>2255</string>
                </dict>
                <key>children</key>
                <array>
                    <string>11323</string>
                    <string>11324</string>
                    <string>11325</string>
                    <string>11326</string>
                    <string>11327</string>
                    <string>11328</string>
                    <string>11329</string>
                    <string>11330</string>
                    <string>11331</string>
                    <string>11332</string>
                    <string>11333</string>
                    <string>11334</string>
                    <string>11335</string>
                    <string>11336</string>
                    <string>11337</string>
                    <string>11338</string>
                    <string>11339</string>
                </array>
            </dict>
            <dict>
                <key>id</key>
                <string>11341</string>
                <key>Music</key>
                <dict>
                    <key>value</key>
                    <string>2255</string>
                </dict>
                <key>children</key>
                <array>
                    <string>11342</string>
                    <string>11343</string>
                    <string>11344</string>
                    <string>11345</string>
                    <string>11346</string>
                    <string>11347</string>
                    <string>11348</string>
                    <string>11349</string>
                    <string>11350</string>
                    <string>11351</string>
                    <string>11352</string>
                    <string>11353</string>
                    <string>11354</string>
                    <string>11355</string>
                    <string>11356</string>
                </array>
            </dict>
            <dict>
                <key>id</key>
                <string>11358</string>
                <key>Music</key>
                <dict>
                    <key>value</key>
                    <string>2255</string>
                </dict>
                <key>children</key>
                <array>
                    <string>11359</string>
                    <string>11360</string>
                    <string>11361</string>
                    <string>11362</string>
                    <string>11363</string>
                    <string>11364</string>
                    <string>11365</string>
                    <string>11366</string>
                    <string>11367</string>
                    <string>11368</string>
                    <string>11369</string>
                    <string>11370</string>
                    <string>11371</string>
                    <string>11372</string>
                    <string>11373</string>
                    <string>11374</string>
                    <string>11375</string>
                </array>
            </dict>
            <dict>
                <key>id</key>
                <string>11481</string>
                <key>children</key>
                <array>
                    <string>11482</string>
                    <string>11483</string>
                    <string>11484</string>
                    <string>11485</string>
                    <string>11486</string>
                    <string>11487</string>
                    <string>11488</string>
                    <string>11489</string>
                    <string>11490</string>
                    <string>11491</string>
                    <string>11492</string>
                    <string>11493</string>
                    <string>11494</string>
                    <string>11495</string>
                    <string>11496</string>
                    <string>11497</string>
                    <string>11498</string>
                    <string>11499</string>
                    <string>11500</string>
                    <string>11501</string>
                    <string>11502</string>
                    <string>11503</string>
                    <string>11504</string>
                    <string>11505</string>
                    <string>11506</string>
                    <string>11507</string>
                    <string>11508</string>
                    <string>11509</string>
                    <string>11510</string>
                    <string>11511</string>
                </array>
            </dict>
            <dict>
                <key>id</key>
                <string>11513</string>
                <key>children</key>
                <array>
                    <string>11514</string>
                    <string>11515</string>
                    <string>11516</string>
                    <string>11517</string>
                    <string>11518</string>
                    <string>11519</string>
                    <string>11520</string>
                    <string>11521</string>
                    <string>11522</string>
                    <string>11523</string>
                    <string>11524</string>
                    <string>11525</string>
                    <string>11526</string>
                    <string>11527</string>
                    <string>11528</string>
                    <string>11529</string>
                    <string>11530</string>
                    <string>11531</string>
                    <string>11532</string>
                    <string>11533</string>
                    <string>11534</string>
                    <string>11535</string>
                    <string>11536</string>
                    <string>11537</string>
                    <string>11538</string>
                    <string>11539</string>
                    <string>11540</string>
                    <string>11541</string>
                    <string>11542</string>
                    <string>11543</string>
                </array>
            </dict>
            <dict>
                <key>id</key>
                <string>11711</string>
                <key>children</key>
                <array>
                    <string>11712</string>
                    <string>11713</string>
                    <string>11714</string>
                    <string>11715</string>
                    <string>11716</string>
                    <string>11717</string>
                    <string>11718</string>
                    <string>11719</string>
                    <string>11720</string>
                    <string>11721</string>
                    <string>11722</string>
                    <string>11723</string>
                    <string>11724</string>
                    <string>11725</string>
                    <string>11726</string>
                    <string>11727</string>
                    <string>11728</string>
                    <string>11729</string>
                    <string>11730</string>
                    <string>11731</string>
                    <string>11732</string>
                    <string>11733</string>
                    <string>11734</string>
                    <string>11735</string>
                </array>
            </dict>
            <dict>
                <key>id</key>
                <string>11737</string>
                <key>children</key>
                <array>
                    <string>11738</string>
                    <string>11739</string>
                    <string>11740</string>
                    <string>11741</string>
                    <string>11742</string>
                    <string>11743</string>
                    <string>11744</string>
                    <string>11745</string>
                    <string>11746</string>
                    <string>11747</string>
                    <string>11748</string>
                    <string>11749</string>
                    <string>11750</string>
                    <string>11751</string>
                    <string>11752</string>
                    <string>11753</string>
                    <string>11754</string>
                    <string>11755</string>
                    <string>11756</string>
                    <string>11757</string>
                    <string>11758</string>
                    <string>11759</string>
                    <string>11760</string>
                    <string>11761</string>
                </array>
            </dict>
            <dict>
                <key>id</key>
                <string>11763</string>
                <key>children</key>
                <array>
                    <string>11764</string>
                    <string>11765</string>
                    <string>11766</string>
                    <string>11767</string>
                    <string>11768</string>
                    <string>11769</string>
                    <string>11770</string>
                    <string>11771</string>
                    <string>11772</string>
                    <string>11773</string>
                    <string>11774</string>
                    <string>11775</string>
                    <string>11776</string>
                    <string>11777</string>
                    <string>11778</string>
                    <string>11779</string>
                    <string>11780</string>
                    <string>11781</string>
                    <string>11782</string>
                    <string>11783</string>
                    <string>11784</string>
                    <string>11785</string>
                    <string>11786</string>
                    <string>11787</string>
                </array>
            </dict>
            <dict>
                <key>id</key>
                <string>11789</string>
                <key>Music</key>
                <dict>
                    <key>value</key>
                    <string>2256</string>
                </dict>
                <key>children</key>
                <array>
                    <string>11790</string>
                    <string>11791</string>
                    <string>11792</string>
                    <string>11793</string>
                    <string>11794</string>
                    <string>11795</string>
                    <string>11796</string>
                    <string>11797</string>
                    <string>11798</string>
                    <string>11799</string>
                    <string>11800</string>
                    <string>11801</string>
                    <string>11802</string>
                    <string>11803</string>
                    <string>11804</string>
                    <string>11805</string>
                    <string>11806</string>
                    <string>11807</string>
                    <string>11808</string>
                    <string>11809</string>
                    <string>11810</string>
                    <string>11811</string>
                    <string>11812</string>
                    <string>11813</string>
                </array>
            </dict>
            <dict>
                <key>id</key>
                <string>11815</string>
                <key>Music</key>
                <dict>
                    <key>value</key>
                    <string>2256</string>
                </dict>
                <key>children</key>
                <array>
                    <string>11816</string>
                    <string>11817</string>
                    <string>11818</string>
                    <string>11819</string>
                    <string>11820</string>
                    <string>11821</string>
                    <string>11822</string>
                    <string>11823</string>
                    <string>11824</string>
                    <string>11825</string>
                    <string>11826</string>
                    <string>11827</string>
                    <string>11828</string>
                    <string>11829</string>
                    <string>11830</string>
                    <string>11831</string>
                    <string>11832</string>
                    <string>11833</string>
                    <string>11834</string>
                    <string>11835</string>
                    <string>11836</string>
                    <string>11837</string>
                    <string>11838</string>
                    <string>11839</string>
                </array>
            </dict>
            <dict>
                <key>id</key>
                <string>11841</string>
                <key>Music</key>
                <dict>
                    <key>value</key>
                    <string>2256</string>
                </dict>
                <key>children</key>
                <array>
                    <string>11842</string>
                    <string>11843</string>
                    <string>11844</string>
                    <string>11845</string>
                    <string>11846</string>
                    <string>11847</string>
                    <string>11848</string>
                    <string>11849</string>
                    <string>11850</string>
                    <string>11851</string>
                    <string>11852</string>
                    <string>11853</string>
                    <string>11854</string>
                    <string>11855</string>
                    <string>11856</string>
                    <string>11857</string>
                    <string>11858</string>
                    <string>11859</string>
                    <string>11860</string>
                    <string>11861</string>
                    <string>11862</string>
                    <string>11863</string>
                    <string>11864</string>
                    <string>11865</string>
                </array>
            </dict>
        </array>
    </dict>
</plist>
