<?xml version="1.0" encoding="UTF-8"?>
<!DOCTYPE plist PUBLIC "-//Apple//DTD PLIST 1.0//EN" "http://www.apple.com/DTDs/PropertyList-1.0.dtd"/>

<plist version="1.0">
    <dict>
        <key>ROOT</key>
        <array>
            <dict>
                <key>id</key>
                <string>152</string>
                <key>Default Animation</key>
                <dict>
                    <key>value</key>
                    <string>154</string>
                </dict>
                <key>Defeated Animation</key>
                <dict>
                    <key>value</key>
                    <string>289</string>
                </dict>
                <key>Defeated Sound</key>
                <dict>
                    <key>value</key>
                    <string>2265</string>
                </dict>
                <key>components</key>
                <array>
                    <string>158</string>
                    <string>1407</string>
                </array>
            </dict>
            <dict>
                <key>id</key>
                <string>1364</string>
                <key>Default Animation</key>
                <dict>
                    <key>value</key>
                    <string>1368</string>
                </dict>
                <key>Defeated Animation</key>
                <dict>
                    <key>value</key>
                    <string>1374</string>
                </dict>
                <key>Defeated Sound</key>
                <dict>
                    <key>value</key>
                    <string>2267</string>
                </dict>
                <key>components</key>
                <array>
                    <string>1366</string>
                    <string>1445</string>
                </array>
            </dict>
            <dict>
                <key>id</key>
                <string>1346</string>
                <key>Default Animation</key>
                <dict>
                    <key>value</key>
                    <string>1350</string>
                </dict>
                <key>Defeated Animation</key>
                <dict>
                    <key>value</key>
                    <string>1356</string>
                </dict>
                <key>Defeated Sound</key>
                <dict>
                    <key>value</key>
                    <string>2266</string>
                </dict>
                <key>components</key>
                <array>
                    <string>1348</string>
                    <string>1428</string>
                </array>
            </dict>
        </array>
    </dict>
</plist>
