<?xml version="1.0" encoding="UTF-8"?>
<!DOCTYPE plist PUBLIC "-//Apple//DTD PLIST 1.0//EN" "http://www.apple.com/DTDs/PropertyList-1.0.dtd"/>

<plist version="1.0">
    <dict>
        <key>ROOT</key>
        <array>
            <dict>
                <key>id</key>
                <string>372</string>
                <key>Image</key>
                <dict>
                    <key>value</key>
                    <string>366</string>
                </dict>
            </dict>
            <dict>
                <key>id</key>
                <string>384</string>
                <key>Image</key>
                <dict>
                    <key>value</key>
                    <string>378</string>
                </dict>
            </dict>
            <dict>
                <key>id</key>
                <string>499</string>
                <key>Image</key>
                <dict>
                    <key>value</key>
                    <string>489</string>
                </dict>
            </dict>
            <dict>
                <key>id</key>
                <string>683</string>
                <key>Image</key>
                <dict>
                    <key>value</key>
                    <string>675</string>
                </dict>
            </dict>
            <dict>
                <key>id</key>
                <string>759</string>
                <key>Image</key>
                <dict>
                    <key>value</key>
                    <string>751</string>
                </dict>
            </dict>
            <dict>
                <key>id</key>
                <string>835</string>
                <key>Image</key>
                <dict>
                    <key>value</key>
                    <string>830</string>
                </dict>
            </dict>
            <dict>
                <key>id</key>
                <string>846</string>
                <key>Image</key>
                <dict>
                    <key>value</key>
                    <string>841</string>
                </dict>
            </dict>
            <dict>
                <key>id</key>
                <string>874</string>
                <key>Image</key>
                <dict>
                    <key>value</key>
                    <string>870</string>
                </dict>
            </dict>
            <dict>
                <key>id</key>
                <string>879</string>
                <key>Image</key>
                <dict>
                    <key>value</key>
                    <string>875</string>
                </dict>
            </dict>
            <dict>
                <key>id</key>
                <string>996</string>
                <key>Image</key>
                <dict>
                    <key>value</key>
                    <string>1017</string>
                </dict>
            </dict>
            <dict>
                <key>id</key>
                <string>1049</string>
                <key>Image</key>
                <dict>
                    <key>value</key>
                    <string>1042</string>
                </dict>
            </dict>
            <dict>
                <key>id</key>
                <string>1191</string>
                <key>Image</key>
                <dict>
                    <key>value</key>
                    <string>870</string>
                </dict>
            </dict>
            <dict>
                <key>id</key>
                <string>1212</string>
                <key>Image</key>
                <dict>
                    <key>value</key>
                    <string>1207</string>
                </dict>
            </dict>
            <dict>
                <key>id</key>
                <string>1218</string>
                <key>Image</key>
                <dict>
                    <key>value</key>
                    <string>1214</string>
                </dict>
            </dict>
            <dict>
                <key>id</key>
                <string>1274</string>
                <key>Image</key>
                <dict>
                    <key>value</key>
                    <string>1270</string>
                </dict>
            </dict>
            <dict>
                <key>id</key>
                <string>1280</string>
                <key>Image</key>
                <dict>
                    <key>value</key>
                    <string>1276</string>
                </dict>
            </dict>
            <dict>
                <key>id</key>
                <string>1282</string>
                <key>Image</key>
                <dict>
                    <key>value</key>
                    <string>1276</string>
                </dict>
            </dict>
            <dict>
                <key>id</key>
                <string>1287</string>
                <key>Image</key>
                <dict>
                    <key>value</key>
                    <string>1214</string>
                </dict>
            </dict>
            <dict>
                <key>id</key>
                <string>1291</string>
                <key>Image</key>
                <dict>
                    <key>value</key>
                    <string>1270</string>
                </dict>
            </dict>
            <dict>
                <key>id</key>
                <string>1292</string>
                <key>Image</key>
                <dict>
                    <key>value</key>
                    <string>1276</string>
                </dict>
            </dict>
            <dict>
                <key>id</key>
                <string>1293</string>
                <key>Image</key>
                <dict>
                    <key>value</key>
                    <string>1276</string>
                </dict>
            </dict>
            <dict>
                <key>id</key>
                <string>1322</string>
                <key>Image</key>
                <dict>
                    <key>value</key>
                    <string>870</string>
                </dict>
            </dict>
            <dict>
                <key>id</key>
                <string>1323</string>
                <key>Image</key>
                <dict>
                    <key>value</key>
                    <string>875</string>
                </dict>
            </dict>
            <dict>
                <key>id</key>
                <string>1325</string>
                <key>Image</key>
                <dict>
                    <key>value</key>
                    <string>1017</string>
                </dict>
            </dict>
            <dict>
                <key>id</key>
                <string>1326</string>
                <key>Image</key>
                <dict>
                    <key>value</key>
                    <string>1042</string>
                </dict>
            </dict>
            <dict>
                <key>id</key>
                <string>1392</string>
                <key>Image</key>
                <dict>
                    <key>value</key>
                    <string>1382</string>
                </dict>
            </dict>
            <dict>
                <key>id</key>
                <string>1401</string>
                <key>Image</key>
                <dict>
                    <key>value</key>
                    <string>1395</string>
                </dict>
            </dict>
            <dict>
                <key>id</key>
                <string>1413</string>
                <key>Image</key>
                <dict>
                    <key>value</key>
                    <string>1408</string>
                </dict>
            </dict>
            <dict>
                <key>id</key>
                <string>1434</string>
                <key>Image</key>
                <dict>
                    <key>value</key>
                    <string>1429</string>
                </dict>
            </dict>
            <dict>
                <key>id</key>
                <string>1442</string>
                <key>Image</key>
                <dict>
                    <key>value</key>
                    <string>1437</string>
                </dict>
            </dict>
            <dict>
                <key>id</key>
                <string>1451</string>
                <key>Image</key>
                <dict>
                    <key>value</key>
                    <string>1446</string>
                </dict>
            </dict>
            <dict>
                <key>id</key>
                <string>1459</string>
                <key>Image</key>
                <dict>
                    <key>value</key>
                    <string>1454</string>
                </dict>
            </dict>
            <dict>
                <key>id</key>
                <string>1542</string>
                <key>Image</key>
                <dict>
                    <key>value</key>
                    <string>1214</string>
                </dict>
            </dict>
            <dict>
                <key>id</key>
                <string>1654</string>
                <key>Image</key>
                <dict>
                    <key>value</key>
                    <string>1655</string>
                </dict>
            </dict>
            <dict>
                <key>id</key>
                <string>1680</string>
                <key>Image</key>
                <dict>
                    <key>value</key>
                    <string>1676</string>
                </dict>
            </dict>
            <dict>
                <key>id</key>
                <string>1685</string>
                <key>Image</key>
                <dict>
                    <key>value</key>
                    <string>1042</string>
                </dict>
            </dict>
            <dict>
                <key>id</key>
                <string>1793</string>
                <key>Image</key>
                <dict>
                    <key>value</key>
                    <string>1788</string>
                </dict>
            </dict>
            <dict>
                <key>id</key>
                <string>1809</string>
                <key>Image</key>
                <dict>
                    <key>value</key>
                    <string>1042</string>
                </dict>
            </dict>
            <dict>
                <key>id</key>
                <string>1813</string>
                <key>Image</key>
                <dict>
                    <key>value</key>
                    <string>1788</string>
                </dict>
            </dict>
            <dict>
                <key>id</key>
                <string>1817</string>
                <key>Image</key>
                <dict>
                    <key>value</key>
                    <string>1042</string>
                </dict>
            </dict>
            <dict>
                <key>id</key>
                <string>1821</string>
                <key>Image</key>
                <dict>
                    <key>value</key>
                    <string>1788</string>
                </dict>
            </dict>
            <dict>
                <key>id</key>
                <string>1847</string>
                <key>Image</key>
                <dict>
                    <key>value</key>
                    <string>1875</string>
                </dict>
            </dict>
            <dict>
                <key>id</key>
                <string>1848</string>
                <key>Image</key>
                <dict>
                    <key>value</key>
                    <string>1869</string>
                </dict>
            </dict>
            <dict>
                <key>id</key>
                <string>1852</string>
                <key>Image</key>
                <dict>
                    <key>value</key>
                    <string>1676</string>
                </dict>
            </dict>
            <dict>
                <key>id</key>
                <string>1853</string>
                <key>Image</key>
                <dict>
                    <key>value</key>
                    <string>1042</string>
                </dict>
            </dict>
            <dict>
                <key>id</key>
                <string>1857</string>
                <key>Image</key>
                <dict>
                    <key>value</key>
                    <string>1788</string>
                </dict>
            </dict>
            <dict>
                <key>id</key>
                <string>1860</string>
                <key>Image</key>
                <dict>
                    <key>value</key>
                    <string>1042</string>
                </dict>
            </dict>
            <dict>
                <key>id</key>
                <string>1862</string>
                <key>Image</key>
                <dict>
                    <key>value</key>
                    <string>1788</string>
                </dict>
            </dict>
            <dict>
                <key>id</key>
                <string>1864</string>
                <key>Image</key>
                <dict>
                    <key>value</key>
                    <string>1042</string>
                </dict>
            </dict>
            <dict>
                <key>id</key>
                <string>1866</string>
                <key>Image</key>
                <dict>
                    <key>value</key>
                    <string>1788</string>
                </dict>
            </dict>
            <dict>
                <key>id</key>
                <string>1904</string>
                <key>Image</key>
                <dict>
                    <key>value</key>
                    <string>1926</string>
                </dict>
            </dict>
            <dict>
                <key>id</key>
                <string>1905</string>
                <key>Image</key>
                <dict>
                    <key>value</key>
                    <string>1947</string>
                </dict>
            </dict>
            <dict>
                <key>id</key>
                <string>1909</string>
                <key>Image</key>
                <dict>
                    <key>value</key>
                    <string>1676</string>
                </dict>
            </dict>
            <dict>
                <key>id</key>
                <string>1910</string>
                <key>Image</key>
                <dict>
                    <key>value</key>
                    <string>1042</string>
                </dict>
            </dict>
            <dict>
                <key>id</key>
                <string>1914</string>
                <key>Image</key>
                <dict>
                    <key>value</key>
                    <string>1788</string>
                </dict>
            </dict>
            <dict>
                <key>id</key>
                <string>1917</string>
                <key>Image</key>
                <dict>
                    <key>value</key>
                    <string>1042</string>
                </dict>
            </dict>
            <dict>
                <key>id</key>
                <string>1919</string>
                <key>Image</key>
                <dict>
                    <key>value</key>
                    <string>1788</string>
                </dict>
            </dict>
            <dict>
                <key>id</key>
                <string>1921</string>
                <key>Image</key>
                <dict>
                    <key>value</key>
                    <string>1042</string>
                </dict>
            </dict>
            <dict>
                <key>id</key>
                <string>1923</string>
                <key>Image</key>
                <dict>
                    <key>value</key>
                    <string>1788</string>
                </dict>
            </dict>
            <dict>
                <key>id</key>
                <string>1980</string>
                <key>Image</key>
                <dict>
                    <key>value</key>
                    <string>1214</string>
                </dict>
            </dict>
            <dict>
                <key>id</key>
                <string>2102</string>
                <key>Image</key>
                <dict>
                    <key>value</key>
                    <string>1042</string>
                </dict>
            </dict>
            <dict>
                <key>id</key>
                <string>2107</string>
                <key>Image</key>
                <dict>
                    <key>value</key>
                    <string>1042</string>
                </dict>
            </dict>
            <dict>
                <key>id</key>
                <string>2109</string>
                <key>Image</key>
                <dict>
                    <key>value</key>
                    <string>1042</string>
                </dict>
            </dict>
            <dict>
                <key>id</key>
                <string>2169</string>
                <key>Image</key>
                <dict>
                    <key>value</key>
                    <string>2164</string>
                </dict>
            </dict>
            <dict>
                <key>id</key>
                <string>2187</string>
                <key>Image</key>
                <dict>
                    <key>value</key>
                    <string>2182</string>
                </dict>
            </dict>
            <dict>
                <key>id</key>
                <string>2206</string>
                <key>Image</key>
                <dict>
                    <key>value</key>
                    <string>2201</string>
                </dict>
            </dict>
            <dict>
                <key>id</key>
                <string>2218</string>
                <key>Image</key>
                <dict>
                    <key>value</key>
                    <string>2213</string>
                </dict>
            </dict>
            <dict>
                <key>id</key>
                <string>2229</string>
                <key>Image</key>
                <dict>
                    <key>value</key>
                    <string>2224</string>
                </dict>
            </dict>
            <dict>
                <key>id</key>
                <string>2292</string>
                <key>Image</key>
                <dict>
                    <key>value</key>
                    <string>489</string>
                </dict>
            </dict>
            <dict>
                <key>id</key>
                <string>2341</string>
                <key>Image</key>
                <dict>
                    <key>value</key>
                    <string>2335</string>
                </dict>
            </dict>
            <dict>
                <key>id</key>
                <string>2571</string>
                <key>Image</key>
                <dict>
                    <key>value</key>
                    <string>870</string>
                </dict>
            </dict>
            <dict>
                <key>id</key>
                <string>2590</string>
                <key>Image</key>
                <dict>
                    <key>value</key>
                    <string>1042</string>
                </dict>
            </dict>
            <dict>
                <key>id</key>
                <string>2601</string>
                <key>Image</key>
                <dict>
                    <key>value</key>
                    <string>2597</string>
                </dict>
            </dict>
            <dict>
                <key>id</key>
                <string>2606</string>
                <key>Image</key>
                <dict>
                    <key>value</key>
                    <string>2597</string>
                </dict>
            </dict>
            <dict>
                <key>id</key>
                <string>2630</string>
                <key>Image</key>
                <dict>
                    <key>value</key>
                    <string>2625</string>
                </dict>
            </dict>
            <dict>
                <key>id</key>
                <string>3136</string>
                <key>Image</key>
                <dict>
                    <key>value</key>
                    <string>3131</string>
                </dict>
            </dict>
            <dict>
                <key>id</key>
                <string>3148</string>
                <key>Image</key>
                <dict>
                    <key>value</key>
                    <string>3143</string>
                </dict>
            </dict>
            <dict>
                <key>id</key>
                <string>3159</string>
                <key>Image</key>
                <dict>
                    <key>value</key>
                    <string>3154</string>
                </dict>
            </dict>
            <dict>
                <key>id</key>
                <string>3172</string>
                <key>Image</key>
                <dict>
                    <key>value</key>
                    <string>3167</string>
                </dict>
            </dict>
            <dict>
                <key>id</key>
                <string>3184</string>
                <key>Image</key>
                <dict>
                    <key>value</key>
                    <string>3179</string>
                </dict>
            </dict>
            <dict>
                <key>id</key>
                <string>3196</string>
                <key>Image</key>
                <dict>
                    <key>value</key>
                    <string>3191</string>
                </dict>
            </dict>
            <dict>
                <key>id</key>
                <string>3208</string>
                <key>Image</key>
                <dict>
                    <key>value</key>
                    <string>3203</string>
                </dict>
            </dict>
            <dict>
                <key>id</key>
                <string>7232</string>
                <key>Image</key>
                <dict>
                    <key>value</key>
                    <string>7227</string>
                </dict>
            </dict>
            <dict>
                <key>id</key>
                <string>8825</string>
                <key>Image</key>
                <dict>
                    <key>value</key>
                    <string>1788</string>
                </dict>
            </dict>
            <dict>
                <key>id</key>
                <string>8827</string>
                <key>Image</key>
                <dict>
                    <key>value</key>
                    <string>1788</string>
                </dict>
            </dict>
            <dict>
                <key>id</key>
                <string>8835</string>
                <key>Image</key>
                <dict>
                    <key>value</key>
                    <string>1214</string>
                </dict>
            </dict>
            <dict>
                <key>id</key>
                <string>8845</string>
                <key>Image</key>
                <dict>
                    <key>value</key>
                    <string>1214</string>
                </dict>
            </dict>
            <dict>
                <key>id</key>
                <string>8855</string>
                <key>Image</key>
                <dict>
                    <key>value</key>
                    <string>1214</string>
                </dict>
            </dict>
            <dict>
                <key>id</key>
                <string>9209</string>
                <key>Image</key>
                <dict>
                    <key>value</key>
                    <string>870</string>
                </dict>
            </dict>
            <dict>
                <key>id</key>
                <string>9210</string>
                <key>Image</key>
                <dict>
                    <key>value</key>
                    <string>875</string>
                </dict>
            </dict>
            <dict>
                <key>id</key>
                <string>9212</string>
                <key>Image</key>
                <dict>
                    <key>value</key>
                    <string>1017</string>
                </dict>
            </dict>
            <dict>
                <key>id</key>
                <string>9213</string>
                <key>Image</key>
                <dict>
                    <key>value</key>
                    <string>1042</string>
                </dict>
            </dict>
            <dict>
                <key>id</key>
                <string>9217</string>
                <key>Image</key>
                <dict>
                    <key>value</key>
                    <string>870</string>
                </dict>
            </dict>
            <dict>
                <key>id</key>
                <string>9226</string>
                <key>Image</key>
                <dict>
                    <key>value</key>
                    <string>870</string>
                </dict>
            </dict>
            <dict>
                <key>id</key>
                <string>9227</string>
                <key>Image</key>
                <dict>
                    <key>value</key>
                    <string>875</string>
                </dict>
            </dict>
            <dict>
                <key>id</key>
                <string>9229</string>
                <key>Image</key>
                <dict>
                    <key>value</key>
                    <string>1017</string>
                </dict>
            </dict>
            <dict>
                <key>id</key>
                <string>9230</string>
                <key>Image</key>
                <dict>
                    <key>value</key>
                    <string>1042</string>
                </dict>
            </dict>
            <dict>
                <key>id</key>
                <string>9234</string>
                <key>Image</key>
                <dict>
                    <key>value</key>
                    <string>870</string>
                </dict>
            </dict>
            <dict>
                <key>id</key>
                <string>9241</string>
                <key>Image</key>
                <dict>
                    <key>value</key>
                    <string>870</string>
                </dict>
            </dict>
            <dict>
                <key>id</key>
                <string>9242</string>
                <key>Image</key>
                <dict>
                    <key>value</key>
                    <string>875</string>
                </dict>
            </dict>
            <dict>
                <key>id</key>
                <string>9244</string>
                <key>Image</key>
                <dict>
                    <key>value</key>
                    <string>1017</string>
                </dict>
            </dict>
            <dict>
                <key>id</key>
                <string>9245</string>
                <key>Image</key>
                <dict>
                    <key>value</key>
                    <string>1042</string>
                </dict>
            </dict>
            <dict>
                <key>id</key>
                <string>9247</string>
                <key>Image</key>
                <dict>
                    <key>value</key>
                    <string>870</string>
                </dict>
            </dict>
            <dict>
                <key>id</key>
                <string>9252</string>
                <key>Image</key>
                <dict>
                    <key>value</key>
                    <string>2597</string>
                </dict>
            </dict>
            <dict>
                <key>id</key>
                <string>9253</string>
                <key>Image</key>
                <dict>
                    <key>value</key>
                    <string>2597</string>
                </dict>
            </dict>
            <dict>
                <key>id</key>
                <string>9747</string>
                <key>Image</key>
                <dict>
                    <key>value</key>
                    <string>1207</string>
                </dict>
            </dict>
            <dict>
                <key>id</key>
                <string>9748</string>
                <key>Image</key>
                <dict>
                    <key>value</key>
                    <string>1655</string>
                </dict>
            </dict>
            <dict>
                <key>id</key>
                <string>9752</string>
                <key>Image</key>
                <dict>
                    <key>value</key>
                    <string>1676</string>
                </dict>
            </dict>
            <dict>
                <key>id</key>
                <string>9753</string>
                <key>Image</key>
                <dict>
                    <key>value</key>
                    <string>1042</string>
                </dict>
            </dict>
            <dict>
                <key>id</key>
                <string>9757</string>
                <key>Image</key>
                <dict>
                    <key>value</key>
                    <string>1788</string>
                </dict>
            </dict>
            <dict>
                <key>id</key>
                <string>9760</string>
                <key>Image</key>
                <dict>
                    <key>value</key>
                    <string>1042</string>
                </dict>
            </dict>
            <dict>
                <key>id</key>
                <string>9762</string>
                <key>Image</key>
                <dict>
                    <key>value</key>
                    <string>1788</string>
                </dict>
            </dict>
            <dict>
                <key>id</key>
                <string>9764</string>
                <key>Image</key>
                <dict>
                    <key>value</key>
                    <string>1042</string>
                </dict>
            </dict>
            <dict>
                <key>id</key>
                <string>9766</string>
                <key>Image</key>
                <dict>
                    <key>value</key>
                    <string>1788</string>
                </dict>
            </dict>
            <dict>
                <key>id</key>
                <string>9773</string>
                <key>Image</key>
                <dict>
                    <key>value</key>
                    <string>1207</string>
                </dict>
            </dict>
            <dict>
                <key>id</key>
                <string>9774</string>
                <key>Image</key>
                <dict>
                    <key>value</key>
                    <string>1655</string>
                </dict>
            </dict>
            <dict>
                <key>id</key>
                <string>9778</string>
                <key>Image</key>
                <dict>
                    <key>value</key>
                    <string>1676</string>
                </dict>
            </dict>
            <dict>
                <key>id</key>
                <string>9779</string>
                <key>Image</key>
                <dict>
                    <key>value</key>
                    <string>1042</string>
                </dict>
            </dict>
            <dict>
                <key>id</key>
                <string>9783</string>
                <key>Image</key>
                <dict>
                    <key>value</key>
                    <string>1788</string>
                </dict>
            </dict>
            <dict>
                <key>id</key>
                <string>9786</string>
                <key>Image</key>
                <dict>
                    <key>value</key>
                    <string>1042</string>
                </dict>
            </dict>
            <dict>
                <key>id</key>
                <string>9788</string>
                <key>Image</key>
                <dict>
                    <key>value</key>
                    <string>1788</string>
                </dict>
            </dict>
            <dict>
                <key>id</key>
                <string>9790</string>
                <key>Image</key>
                <dict>
                    <key>value</key>
                    <string>1042</string>
                </dict>
            </dict>
            <dict>
                <key>id</key>
                <string>9792</string>
                <key>Image</key>
                <dict>
                    <key>value</key>
                    <string>1788</string>
                </dict>
            </dict>
            <dict>
                <key>id</key>
                <string>9799</string>
                <key>Image</key>
                <dict>
                    <key>value</key>
                    <string>1926</string>
                </dict>
            </dict>
            <dict>
                <key>id</key>
                <string>9800</string>
                <key>Image</key>
                <dict>
                    <key>value</key>
                    <string>1947</string>
                </dict>
            </dict>
            <dict>
                <key>id</key>
                <string>9804</string>
                <key>Image</key>
                <dict>
                    <key>value</key>
                    <string>1676</string>
                </dict>
            </dict>
            <dict>
                <key>id</key>
                <string>9805</string>
                <key>Image</key>
                <dict>
                    <key>value</key>
                    <string>1042</string>
                </dict>
            </dict>
            <dict>
                <key>id</key>
                <string>9809</string>
                <key>Image</key>
                <dict>
                    <key>value</key>
                    <string>1788</string>
                </dict>
            </dict>
            <dict>
                <key>id</key>
                <string>9812</string>
                <key>Image</key>
                <dict>
                    <key>value</key>
                    <string>1042</string>
                </dict>
            </dict>
            <dict>
                <key>id</key>
                <string>9814</string>
                <key>Image</key>
                <dict>
                    <key>value</key>
                    <string>1788</string>
                </dict>
            </dict>
            <dict>
                <key>id</key>
                <string>9816</string>
                <key>Image</key>
                <dict>
                    <key>value</key>
                    <string>1042</string>
                </dict>
            </dict>
            <dict>
                <key>id</key>
                <string>9818</string>
                <key>Image</key>
                <dict>
                    <key>value</key>
                    <string>1788</string>
                </dict>
            </dict>
            <dict>
                <key>id</key>
                <string>9824</string>
                <key>Image</key>
                <dict>
                    <key>value</key>
                    <string>1788</string>
                </dict>
            </dict>
            <dict>
                <key>id</key>
                <string>9825</string>
                <key>Image</key>
                <dict>
                    <key>value</key>
                    <string>1788</string>
                </dict>
            </dict>
            <dict>
                <key>id</key>
                <string>9831</string>
                <key>Image</key>
                <dict>
                    <key>value</key>
                    <string>1875</string>
                </dict>
            </dict>
            <dict>
                <key>id</key>
                <string>9832</string>
                <key>Image</key>
                <dict>
                    <key>value</key>
                    <string>1869</string>
                </dict>
            </dict>
            <dict>
                <key>id</key>
                <string>9836</string>
                <key>Image</key>
                <dict>
                    <key>value</key>
                    <string>1676</string>
                </dict>
            </dict>
            <dict>
                <key>id</key>
                <string>9837</string>
                <key>Image</key>
                <dict>
                    <key>value</key>
                    <string>1042</string>
                </dict>
            </dict>
            <dict>
                <key>id</key>
                <string>9841</string>
                <key>Image</key>
                <dict>
                    <key>value</key>
                    <string>1788</string>
                </dict>
            </dict>
            <dict>
                <key>id</key>
                <string>9844</string>
                <key>Image</key>
                <dict>
                    <key>value</key>
                    <string>1042</string>
                </dict>
            </dict>
            <dict>
                <key>id</key>
                <string>9846</string>
                <key>Image</key>
                <dict>
                    <key>value</key>
                    <string>1788</string>
                </dict>
            </dict>
            <dict>
                <key>id</key>
                <string>9848</string>
                <key>Image</key>
                <dict>
                    <key>value</key>
                    <string>1042</string>
                </dict>
            </dict>
            <dict>
                <key>id</key>
                <string>9850</string>
                <key>Image</key>
                <dict>
                    <key>value</key>
                    <string>1788</string>
                </dict>
            </dict>
            <dict>
                <key>id</key>
                <string>11294</string>
                <key>Image</key>
                <dict>
                    <key>value</key>
                    <string>870</string>
                </dict>
            </dict>
            <dict>
                <key>id</key>
                <string>11295</string>
                <key>Image</key>
                <dict>
                    <key>value</key>
                    <string>875</string>
                </dict>
            </dict>
            <dict>
                <key>id</key>
                <string>11297</string>
                <key>Image</key>
                <dict>
                    <key>value</key>
                    <string>1017</string>
                </dict>
            </dict>
            <dict>
                <key>id</key>
                <string>11298</string>
                <key>Image</key>
                <dict>
                    <key>value</key>
                    <string>1042</string>
                </dict>
            </dict>
            <dict>
                <key>id</key>
                <string>11302</string>
                <key>Image</key>
                <dict>
                    <key>value</key>
                    <string>870</string>
                </dict>
            </dict>
            <dict>
                <key>id</key>
                <string>11311</string>
                <key>Image</key>
                <dict>
                    <key>value</key>
                    <string>870</string>
                </dict>
            </dict>
            <dict>
                <key>id</key>
                <string>11312</string>
                <key>Image</key>
                <dict>
                    <key>value</key>
                    <string>875</string>
                </dict>
            </dict>
            <dict>
                <key>id</key>
                <string>11314</string>
                <key>Image</key>
                <dict>
                    <key>value</key>
                    <string>1017</string>
                </dict>
            </dict>
            <dict>
                <key>id</key>
                <string>11315</string>
                <key>Image</key>
                <dict>
                    <key>value</key>
                    <string>1042</string>
                </dict>
            </dict>
            <dict>
                <key>id</key>
                <string>11319</string>
                <key>Image</key>
                <dict>
                    <key>value</key>
                    <string>870</string>
                </dict>
            </dict>
            <dict>
                <key>id</key>
                <string>11326</string>
                <key>Image</key>
                <dict>
                    <key>value</key>
                    <string>870</string>
                </dict>
            </dict>
            <dict>
                <key>id</key>
                <string>11327</string>
                <key>Image</key>
                <dict>
                    <key>value</key>
                    <string>875</string>
                </dict>
            </dict>
            <dict>
                <key>id</key>
                <string>11329</string>
                <key>Image</key>
                <dict>
                    <key>value</key>
                    <string>1017</string>
                </dict>
            </dict>
            <dict>
                <key>id</key>
                <string>11330</string>
                <key>Image</key>
                <dict>
                    <key>value</key>
                    <string>1042</string>
                </dict>
            </dict>
            <dict>
                <key>id</key>
                <string>11332</string>
                <key>Image</key>
                <dict>
                    <key>value</key>
                    <string>870</string>
                </dict>
            </dict>
            <dict>
                <key>id</key>
                <string>11337</string>
                <key>Image</key>
                <dict>
                    <key>value</key>
                    <string>2597</string>
                </dict>
            </dict>
            <dict>
                <key>id</key>
                <string>11338</string>
                <key>Image</key>
                <dict>
                    <key>value</key>
                    <string>2597</string>
                </dict>
            </dict>
            <dict>
                <key>id</key>
                <string>11347</string>
                <key>Image</key>
                <dict>
                    <key>value</key>
                    <string>870</string>
                </dict>
            </dict>
            <dict>
                <key>id</key>
                <string>11348</string>
                <key>Image</key>
                <dict>
                    <key>value</key>
                    <string>875</string>
                </dict>
            </dict>
            <dict>
                <key>id</key>
                <string>11350</string>
                <key>Image</key>
                <dict>
                    <key>value</key>
                    <string>1017</string>
                </dict>
            </dict>
            <dict>
                <key>id</key>
                <string>11351</string>
                <key>Image</key>
                <dict>
                    <key>value</key>
                    <string>1042</string>
                </dict>
            </dict>
            <dict>
                <key>id</key>
                <string>11355</string>
                <key>Image</key>
                <dict>
                    <key>value</key>
                    <string>870</string>
                </dict>
            </dict>
            <dict>
                <key>id</key>
                <string>11362</string>
                <key>Image</key>
                <dict>
                    <key>value</key>
                    <string>870</string>
                </dict>
            </dict>
            <dict>
                <key>id</key>
                <string>11363</string>
                <key>Image</key>
                <dict>
                    <key>value</key>
                    <string>875</string>
                </dict>
            </dict>
            <dict>
                <key>id</key>
                <string>11365</string>
                <key>Image</key>
                <dict>
                    <key>value</key>
                    <string>1017</string>
                </dict>
            </dict>
            <dict>
                <key>id</key>
                <string>11366</string>
                <key>Image</key>
                <dict>
                    <key>value</key>
                    <string>1042</string>
                </dict>
            </dict>
            <dict>
                <key>id</key>
                <string>11368</string>
                <key>Image</key>
                <dict>
                    <key>value</key>
                    <string>870</string>
                </dict>
            </dict>
            <dict>
                <key>id</key>
                <string>11373</string>
                <key>Image</key>
                <dict>
                    <key>value</key>
                    <string>2597</string>
                </dict>
            </dict>
            <dict>
                <key>id</key>
                <string>11374</string>
                <key>Image</key>
                <dict>
                    <key>value</key>
                    <string>2597</string>
                </dict>
            </dict>
            <dict>
                <key>id</key>
                <string>11380</string>
                <key>Image</key>
                <dict>
                    <key>value</key>
                    <string>1207</string>
                </dict>
            </dict>
            <dict>
                <key>id</key>
                <string>11381</string>
                <key>Image</key>
                <dict>
                    <key>value</key>
                    <string>1655</string>
                </dict>
            </dict>
            <dict>
                <key>id</key>
                <string>11385</string>
                <key>Image</key>
                <dict>
                    <key>value</key>
                    <string>1676</string>
                </dict>
            </dict>
            <dict>
                <key>id</key>
                <string>11386</string>
                <key>Image</key>
                <dict>
                    <key>value</key>
                    <string>1042</string>
                </dict>
            </dict>
            <dict>
                <key>id</key>
                <string>11390</string>
                <key>Image</key>
                <dict>
                    <key>value</key>
                    <string>1788</string>
                </dict>
            </dict>
            <dict>
                <key>id</key>
                <string>11393</string>
                <key>Image</key>
                <dict>
                    <key>value</key>
                    <string>1042</string>
                </dict>
            </dict>
            <dict>
                <key>id</key>
                <string>11395</string>
                <key>Image</key>
                <dict>
                    <key>value</key>
                    <string>1788</string>
                </dict>
            </dict>
            <dict>
                <key>id</key>
                <string>11397</string>
                <key>Image</key>
                <dict>
                    <key>value</key>
                    <string>1042</string>
                </dict>
            </dict>
            <dict>
                <key>id</key>
                <string>11399</string>
                <key>Image</key>
                <dict>
                    <key>value</key>
                    <string>1788</string>
                </dict>
            </dict>
            <dict>
                <key>id</key>
                <string>11406</string>
                <key>Image</key>
                <dict>
                    <key>value</key>
                    <string>1207</string>
                </dict>
            </dict>
            <dict>
                <key>id</key>
                <string>11407</string>
                <key>Image</key>
                <dict>
                    <key>value</key>
                    <string>1655</string>
                </dict>
            </dict>
            <dict>
                <key>id</key>
                <string>11411</string>
                <key>Image</key>
                <dict>
                    <key>value</key>
                    <string>1676</string>
                </dict>
            </dict>
            <dict>
                <key>id</key>
                <string>11412</string>
                <key>Image</key>
                <dict>
                    <key>value</key>
                    <string>1042</string>
                </dict>
            </dict>
            <dict>
                <key>id</key>
                <string>11416</string>
                <key>Image</key>
                <dict>
                    <key>value</key>
                    <string>1788</string>
                </dict>
            </dict>
            <dict>
                <key>id</key>
                <string>11419</string>
                <key>Image</key>
                <dict>
                    <key>value</key>
                    <string>1042</string>
                </dict>
            </dict>
            <dict>
                <key>id</key>
                <string>11421</string>
                <key>Image</key>
                <dict>
                    <key>value</key>
                    <string>1788</string>
                </dict>
            </dict>
            <dict>
                <key>id</key>
                <string>11423</string>
                <key>Image</key>
                <dict>
                    <key>value</key>
                    <string>1042</string>
                </dict>
            </dict>
            <dict>
                <key>id</key>
                <string>11425</string>
                <key>Image</key>
                <dict>
                    <key>value</key>
                    <string>1788</string>
                </dict>
            </dict>
            <dict>
                <key>id</key>
                <string>11432</string>
                <key>Image</key>
                <dict>
                    <key>value</key>
                    <string>1875</string>
                </dict>
            </dict>
            <dict>
                <key>id</key>
                <string>11433</string>
                <key>Image</key>
                <dict>
                    <key>value</key>
                    <string>1869</string>
                </dict>
            </dict>
            <dict>
                <key>id</key>
                <string>11437</string>
                <key>Image</key>
                <dict>
                    <key>value</key>
                    <string>1676</string>
                </dict>
            </dict>
            <dict>
                <key>id</key>
                <string>11438</string>
                <key>Image</key>
                <dict>
                    <key>value</key>
                    <string>1042</string>
                </dict>
            </dict>
            <dict>
                <key>id</key>
                <string>11442</string>
                <key>Image</key>
                <dict>
                    <key>value</key>
                    <string>1788</string>
                </dict>
            </dict>
            <dict>
                <key>id</key>
                <string>11445</string>
                <key>Image</key>
                <dict>
                    <key>value</key>
                    <string>1042</string>
                </dict>
            </dict>
            <dict>
                <key>id</key>
                <string>11447</string>
                <key>Image</key>
                <dict>
                    <key>value</key>
                    <string>1788</string>
                </dict>
            </dict>
            <dict>
                <key>id</key>
                <string>11449</string>
                <key>Image</key>
                <dict>
                    <key>value</key>
                    <string>1042</string>
                </dict>
            </dict>
            <dict>
                <key>id</key>
                <string>11451</string>
                <key>Image</key>
                <dict>
                    <key>value</key>
                    <string>1788</string>
                </dict>
            </dict>
            <dict>
                <key>id</key>
                <string>11458</string>
                <key>Image</key>
                <dict>
                    <key>value</key>
                    <string>1875</string>
                </dict>
            </dict>
            <dict>
                <key>id</key>
                <string>11459</string>
                <key>Image</key>
                <dict>
                    <key>value</key>
                    <string>1869</string>
                </dict>
            </dict>
            <dict>
                <key>id</key>
                <string>11463</string>
                <key>Image</key>
                <dict>
                    <key>value</key>
                    <string>1676</string>
                </dict>
            </dict>
            <dict>
                <key>id</key>
                <string>11464</string>
                <key>Image</key>
                <dict>
                    <key>value</key>
                    <string>1042</string>
                </dict>
            </dict>
            <dict>
                <key>id</key>
                <string>11468</string>
                <key>Image</key>
                <dict>
                    <key>value</key>
                    <string>1788</string>
                </dict>
            </dict>
            <dict>
                <key>id</key>
                <string>11471</string>
                <key>Image</key>
                <dict>
                    <key>value</key>
                    <string>1042</string>
                </dict>
            </dict>
            <dict>
                <key>id</key>
                <string>11473</string>
                <key>Image</key>
                <dict>
                    <key>value</key>
                    <string>1788</string>
                </dict>
            </dict>
            <dict>
                <key>id</key>
                <string>11475</string>
                <key>Image</key>
                <dict>
                    <key>value</key>
                    <string>1042</string>
                </dict>
            </dict>
            <dict>
                <key>id</key>
                <string>11477</string>
                <key>Image</key>
                <dict>
                    <key>value</key>
                    <string>1788</string>
                </dict>
            </dict>
            <dict>
                <key>id</key>
                <string>11484</string>
                <key>Image</key>
                <dict>
                    <key>value</key>
                    <string>1926</string>
                </dict>
            </dict>
            <dict>
                <key>id</key>
                <string>11485</string>
                <key>Image</key>
                <dict>
                    <key>value</key>
                    <string>1947</string>
                </dict>
            </dict>
            <dict>
                <key>id</key>
                <string>11489</string>
                <key>Image</key>
                <dict>
                    <key>value</key>
                    <string>1676</string>
                </dict>
            </dict>
            <dict>
                <key>id</key>
                <string>11490</string>
                <key>Image</key>
                <dict>
                    <key>value</key>
                    <string>1042</string>
                </dict>
            </dict>
            <dict>
                <key>id</key>
                <string>11494</string>
                <key>Image</key>
                <dict>
                    <key>value</key>
                    <string>1788</string>
                </dict>
            </dict>
            <dict>
                <key>id</key>
                <string>11497</string>
                <key>Image</key>
                <dict>
                    <key>value</key>
                    <string>1042</string>
                </dict>
            </dict>
            <dict>
                <key>id</key>
                <string>11499</string>
                <key>Image</key>
                <dict>
                    <key>value</key>
                    <string>1788</string>
                </dict>
            </dict>
            <dict>
                <key>id</key>
                <string>11501</string>
                <key>Image</key>
                <dict>
                    <key>value</key>
                    <string>1042</string>
                </dict>
            </dict>
            <dict>
                <key>id</key>
                <string>11503</string>
                <key>Image</key>
                <dict>
                    <key>value</key>
                    <string>1788</string>
                </dict>
            </dict>
            <dict>
                <key>id</key>
                <string>11509</string>
                <key>Image</key>
                <dict>
                    <key>value</key>
                    <string>1788</string>
                </dict>
            </dict>
            <dict>
                <key>id</key>
                <string>11510</string>
                <key>Image</key>
                <dict>
                    <key>value</key>
                    <string>1788</string>
                </dict>
            </dict>
            <dict>
                <key>id</key>
                <string>11516</string>
                <key>Image</key>
                <dict>
                    <key>value</key>
                    <string>1926</string>
                </dict>
            </dict>
            <dict>
                <key>id</key>
                <string>11517</string>
                <key>Image</key>
                <dict>
                    <key>value</key>
                    <string>1947</string>
                </dict>
            </dict>
            <dict>
                <key>id</key>
                <string>11521</string>
                <key>Image</key>
                <dict>
                    <key>value</key>
                    <string>1676</string>
                </dict>
            </dict>
            <dict>
                <key>id</key>
                <string>11522</string>
                <key>Image</key>
                <dict>
                    <key>value</key>
                    <string>1042</string>
                </dict>
            </dict>
            <dict>
                <key>id</key>
                <string>11526</string>
                <key>Image</key>
                <dict>
                    <key>value</key>
                    <string>1788</string>
                </dict>
            </dict>
            <dict>
                <key>id</key>
                <string>11529</string>
                <key>Image</key>
                <dict>
                    <key>value</key>
                    <string>1042</string>
                </dict>
            </dict>
            <dict>
                <key>id</key>
                <string>11531</string>
                <key>Image</key>
                <dict>
                    <key>value</key>
                    <string>1788</string>
                </dict>
            </dict>
            <dict>
                <key>id</key>
                <string>11533</string>
                <key>Image</key>
                <dict>
                    <key>value</key>
                    <string>1042</string>
                </dict>
            </dict>
            <dict>
                <key>id</key>
                <string>11535</string>
                <key>Image</key>
                <dict>
                    <key>value</key>
                    <string>1788</string>
                </dict>
            </dict>
            <dict>
                <key>id</key>
                <string>11541</string>
                <key>Image</key>
                <dict>
                    <key>value</key>
                    <string>1788</string>
                </dict>
            </dict>
            <dict>
                <key>id</key>
                <string>11542</string>
                <key>Image</key>
                <dict>
                    <key>value</key>
                    <string>1788</string>
                </dict>
            </dict>
            <dict>
                <key>id</key>
                <string>11557</string>
                <key>Image</key>
                <dict>
                    <key>value</key>
                    <string>1875</string>
                </dict>
            </dict>
            <dict>
                <key>id</key>
                <string>11558</string>
                <key>Image</key>
                <dict>
                    <key>value</key>
                    <string>1869</string>
                </dict>
            </dict>
            <dict>
                <key>id</key>
                <string>11562</string>
                <key>Image</key>
                <dict>
                    <key>value</key>
                    <string>1676</string>
                </dict>
            </dict>
            <dict>
                <key>id</key>
                <string>11563</string>
                <key>Image</key>
                <dict>
                    <key>value</key>
                    <string>1042</string>
                </dict>
            </dict>
            <dict>
                <key>id</key>
                <string>11567</string>
                <key>Image</key>
                <dict>
                    <key>value</key>
                    <string>1788</string>
                </dict>
            </dict>
            <dict>
                <key>id</key>
                <string>11570</string>
                <key>Image</key>
                <dict>
                    <key>value</key>
                    <string>1042</string>
                </dict>
            </dict>
            <dict>
                <key>id</key>
                <string>11572</string>
                <key>Image</key>
                <dict>
                    <key>value</key>
                    <string>1788</string>
                </dict>
            </dict>
            <dict>
                <key>id</key>
                <string>11574</string>
                <key>Image</key>
                <dict>
                    <key>value</key>
                    <string>1042</string>
                </dict>
            </dict>
            <dict>
                <key>id</key>
                <string>11576</string>
                <key>Image</key>
                <dict>
                    <key>value</key>
                    <string>1788</string>
                </dict>
            </dict>
            <dict>
                <key>id</key>
                <string>11583</string>
                <key>Image</key>
                <dict>
                    <key>value</key>
                    <string>1875</string>
                </dict>
            </dict>
            <dict>
                <key>id</key>
                <string>11584</string>
                <key>Image</key>
                <dict>
                    <key>value</key>
                    <string>1869</string>
                </dict>
            </dict>
            <dict>
                <key>id</key>
                <string>11588</string>
                <key>Image</key>
                <dict>
                    <key>value</key>
                    <string>1676</string>
                </dict>
            </dict>
            <dict>
                <key>id</key>
                <string>11589</string>
                <key>Image</key>
                <dict>
                    <key>value</key>
                    <string>1042</string>
                </dict>
            </dict>
            <dict>
                <key>id</key>
                <string>11593</string>
                <key>Image</key>
                <dict>
                    <key>value</key>
                    <string>1788</string>
                </dict>
            </dict>
            <dict>
                <key>id</key>
                <string>11596</string>
                <key>Image</key>
                <dict>
                    <key>value</key>
                    <string>1042</string>
                </dict>
            </dict>
            <dict>
                <key>id</key>
                <string>11598</string>
                <key>Image</key>
                <dict>
                    <key>value</key>
                    <string>1788</string>
                </dict>
            </dict>
            <dict>
                <key>id</key>
                <string>11600</string>
                <key>Image</key>
                <dict>
                    <key>value</key>
                    <string>1042</string>
                </dict>
            </dict>
            <dict>
                <key>id</key>
                <string>11602</string>
                <key>Image</key>
                <dict>
                    <key>value</key>
                    <string>1788</string>
                </dict>
            </dict>
            <dict>
                <key>id</key>
                <string>11609</string>
                <key>Image</key>
                <dict>
                    <key>value</key>
                    <string>1875</string>
                </dict>
            </dict>
            <dict>
                <key>id</key>
                <string>11610</string>
                <key>Image</key>
                <dict>
                    <key>value</key>
                    <string>1869</string>
                </dict>
            </dict>
            <dict>
                <key>id</key>
                <string>11614</string>
                <key>Image</key>
                <dict>
                    <key>value</key>
                    <string>1676</string>
                </dict>
            </dict>
            <dict>
                <key>id</key>
                <string>11615</string>
                <key>Image</key>
                <dict>
                    <key>value</key>
                    <string>1042</string>
                </dict>
            </dict>
            <dict>
                <key>id</key>
                <string>11619</string>
                <key>Image</key>
                <dict>
                    <key>value</key>
                    <string>1788</string>
                </dict>
            </dict>
            <dict>
                <key>id</key>
                <string>11622</string>
                <key>Image</key>
                <dict>
                    <key>value</key>
                    <string>1042</string>
                </dict>
            </dict>
            <dict>
                <key>id</key>
                <string>11624</string>
                <key>Image</key>
                <dict>
                    <key>value</key>
                    <string>1788</string>
                </dict>
            </dict>
            <dict>
                <key>id</key>
                <string>11626</string>
                <key>Image</key>
                <dict>
                    <key>value</key>
                    <string>1042</string>
                </dict>
            </dict>
            <dict>
                <key>id</key>
                <string>11628</string>
                <key>Image</key>
                <dict>
                    <key>value</key>
                    <string>1788</string>
                </dict>
            </dict>
            <dict>
                <key>id</key>
                <string>11635</string>
                <key>Image</key>
                <dict>
                    <key>value</key>
                    <string>1207</string>
                </dict>
            </dict>
            <dict>
                <key>id</key>
                <string>11636</string>
                <key>Image</key>
                <dict>
                    <key>value</key>
                    <string>1655</string>
                </dict>
            </dict>
            <dict>
                <key>id</key>
                <string>11640</string>
                <key>Image</key>
                <dict>
                    <key>value</key>
                    <string>1676</string>
                </dict>
            </dict>
            <dict>
                <key>id</key>
                <string>11641</string>
                <key>Image</key>
                <dict>
                    <key>value</key>
                    <string>1042</string>
                </dict>
            </dict>
            <dict>
                <key>id</key>
                <string>11645</string>
                <key>Image</key>
                <dict>
                    <key>value</key>
                    <string>1788</string>
                </dict>
            </dict>
            <dict>
                <key>id</key>
                <string>11648</string>
                <key>Image</key>
                <dict>
                    <key>value</key>
                    <string>1042</string>
                </dict>
            </dict>
            <dict>
                <key>id</key>
                <string>11650</string>
                <key>Image</key>
                <dict>
                    <key>value</key>
                    <string>1788</string>
                </dict>
            </dict>
            <dict>
                <key>id</key>
                <string>11652</string>
                <key>Image</key>
                <dict>
                    <key>value</key>
                    <string>1042</string>
                </dict>
            </dict>
            <dict>
                <key>id</key>
                <string>11654</string>
                <key>Image</key>
                <dict>
                    <key>value</key>
                    <string>1788</string>
                </dict>
            </dict>
            <dict>
                <key>id</key>
                <string>11661</string>
                <key>Image</key>
                <dict>
                    <key>value</key>
                    <string>1207</string>
                </dict>
            </dict>
            <dict>
                <key>id</key>
                <string>11662</string>
                <key>Image</key>
                <dict>
                    <key>value</key>
                    <string>1655</string>
                </dict>
            </dict>
            <dict>
                <key>id</key>
                <string>11666</string>
                <key>Image</key>
                <dict>
                    <key>value</key>
                    <string>1676</string>
                </dict>
            </dict>
            <dict>
                <key>id</key>
                <string>11667</string>
                <key>Image</key>
                <dict>
                    <key>value</key>
                    <string>1042</string>
                </dict>
            </dict>
            <dict>
                <key>id</key>
                <string>11671</string>
                <key>Image</key>
                <dict>
                    <key>value</key>
                    <string>1788</string>
                </dict>
            </dict>
            <dict>
                <key>id</key>
                <string>11674</string>
                <key>Image</key>
                <dict>
                    <key>value</key>
                    <string>1042</string>
                </dict>
            </dict>
            <dict>
                <key>id</key>
                <string>11676</string>
                <key>Image</key>
                <dict>
                    <key>value</key>
                    <string>1788</string>
                </dict>
            </dict>
            <dict>
                <key>id</key>
                <string>11678</string>
                <key>Image</key>
                <dict>
                    <key>value</key>
                    <string>1042</string>
                </dict>
            </dict>
            <dict>
                <key>id</key>
                <string>11680</string>
                <key>Image</key>
                <dict>
                    <key>value</key>
                    <string>1788</string>
                </dict>
            </dict>
            <dict>
                <key>id</key>
                <string>11687</string>
                <key>Image</key>
                <dict>
                    <key>value</key>
                    <string>1207</string>
                </dict>
            </dict>
            <dict>
                <key>id</key>
                <string>11688</string>
                <key>Image</key>
                <dict>
                    <key>value</key>
                    <string>1655</string>
                </dict>
            </dict>
            <dict>
                <key>id</key>
                <string>11692</string>
                <key>Image</key>
                <dict>
                    <key>value</key>
                    <string>1676</string>
                </dict>
            </dict>
            <dict>
                <key>id</key>
                <string>11693</string>
                <key>Image</key>
                <dict>
                    <key>value</key>
                    <string>1042</string>
                </dict>
            </dict>
            <dict>
                <key>id</key>
                <string>11697</string>
                <key>Image</key>
                <dict>
                    <key>value</key>
                    <string>1788</string>
                </dict>
            </dict>
            <dict>
                <key>id</key>
                <string>11700</string>
                <key>Image</key>
                <dict>
                    <key>value</key>
                    <string>1042</string>
                </dict>
            </dict>
            <dict>
                <key>id</key>
                <string>11702</string>
                <key>Image</key>
                <dict>
                    <key>value</key>
                    <string>1788</string>
                </dict>
            </dict>
            <dict>
                <key>id</key>
                <string>11704</string>
                <key>Image</key>
                <dict>
                    <key>value</key>
                    <string>1042</string>
                </dict>
            </dict>
            <dict>
                <key>id</key>
                <string>11706</string>
                <key>Image</key>
                <dict>
                    <key>value</key>
                    <string>1788</string>
                </dict>
            </dict>
            <dict>
                <key>id</key>
                <string>11714</string>
                <key>Image</key>
                <dict>
                    <key>value</key>
                    <string>1875</string>
                </dict>
            </dict>
            <dict>
                <key>id</key>
                <string>11715</string>
                <key>Image</key>
                <dict>
                    <key>value</key>
                    <string>1869</string>
                </dict>
            </dict>
            <dict>
                <key>id</key>
                <string>11719</string>
                <key>Image</key>
                <dict>
                    <key>value</key>
                    <string>1676</string>
                </dict>
            </dict>
            <dict>
                <key>id</key>
                <string>11720</string>
                <key>Image</key>
                <dict>
                    <key>value</key>
                    <string>1042</string>
                </dict>
            </dict>
            <dict>
                <key>id</key>
                <string>11724</string>
                <key>Image</key>
                <dict>
                    <key>value</key>
                    <string>1788</string>
                </dict>
            </dict>
            <dict>
                <key>id</key>
                <string>11727</string>
                <key>Image</key>
                <dict>
                    <key>value</key>
                    <string>1042</string>
                </dict>
            </dict>
            <dict>
                <key>id</key>
                <string>11729</string>
                <key>Image</key>
                <dict>
                    <key>value</key>
                    <string>1788</string>
                </dict>
            </dict>
            <dict>
                <key>id</key>
                <string>11731</string>
                <key>Image</key>
                <dict>
                    <key>value</key>
                    <string>1042</string>
                </dict>
            </dict>
            <dict>
                <key>id</key>
                <string>11733</string>
                <key>Image</key>
                <dict>
                    <key>value</key>
                    <string>1788</string>
                </dict>
            </dict>
            <dict>
                <key>id</key>
                <string>11740</string>
                <key>Image</key>
                <dict>
                    <key>value</key>
                    <string>1875</string>
                </dict>
            </dict>
            <dict>
                <key>id</key>
                <string>11741</string>
                <key>Image</key>
                <dict>
                    <key>value</key>
                    <string>1869</string>
                </dict>
            </dict>
            <dict>
                <key>id</key>
                <string>11745</string>
                <key>Image</key>
                <dict>
                    <key>value</key>
                    <string>1676</string>
                </dict>
            </dict>
            <dict>
                <key>id</key>
                <string>11746</string>
                <key>Image</key>
                <dict>
                    <key>value</key>
                    <string>1042</string>
                </dict>
            </dict>
            <dict>
                <key>id</key>
                <string>11750</string>
                <key>Image</key>
                <dict>
                    <key>value</key>
                    <string>1788</string>
                </dict>
            </dict>
            <dict>
                <key>id</key>
                <string>11753</string>
                <key>Image</key>
                <dict>
                    <key>value</key>
                    <string>1042</string>
                </dict>
            </dict>
            <dict>
                <key>id</key>
                <string>11755</string>
                <key>Image</key>
                <dict>
                    <key>value</key>
                    <string>1788</string>
                </dict>
            </dict>
            <dict>
                <key>id</key>
                <string>11757</string>
                <key>Image</key>
                <dict>
                    <key>value</key>
                    <string>1042</string>
                </dict>
            </dict>
            <dict>
                <key>id</key>
                <string>11759</string>
                <key>Image</key>
                <dict>
                    <key>value</key>
                    <string>1788</string>
                </dict>
            </dict>
            <dict>
                <key>id</key>
                <string>11766</string>
                <key>Image</key>
                <dict>
                    <key>value</key>
                    <string>1875</string>
                </dict>
            </dict>
            <dict>
                <key>id</key>
                <string>11767</string>
                <key>Image</key>
                <dict>
                    <key>value</key>
                    <string>1869</string>
                </dict>
            </dict>
            <dict>
                <key>id</key>
                <string>11771</string>
                <key>Image</key>
                <dict>
                    <key>value</key>
                    <string>1676</string>
                </dict>
            </dict>
            <dict>
                <key>id</key>
                <string>11772</string>
                <key>Image</key>
                <dict>
                    <key>value</key>
                    <string>1042</string>
                </dict>
            </dict>
            <dict>
                <key>id</key>
                <string>11776</string>
                <key>Image</key>
                <dict>
                    <key>value</key>
                    <string>1788</string>
                </dict>
            </dict>
            <dict>
                <key>id</key>
                <string>11779</string>
                <key>Image</key>
                <dict>
                    <key>value</key>
                    <string>1042</string>
                </dict>
            </dict>
            <dict>
                <key>id</key>
                <string>11781</string>
                <key>Image</key>
                <dict>
                    <key>value</key>
                    <string>1788</string>
                </dict>
            </dict>
            <dict>
                <key>id</key>
                <string>11783</string>
                <key>Image</key>
                <dict>
                    <key>value</key>
                    <string>1042</string>
                </dict>
            </dict>
            <dict>
                <key>id</key>
                <string>11785</string>
                <key>Image</key>
                <dict>
                    <key>value</key>
                    <string>1788</string>
                </dict>
            </dict>
            <dict>
                <key>id</key>
                <string>11792</string>
                <key>Image</key>
                <dict>
                    <key>value</key>
                    <string>1207</string>
                </dict>
            </dict>
            <dict>
                <key>id</key>
                <string>11793</string>
                <key>Image</key>
                <dict>
                    <key>value</key>
                    <string>1655</string>
                </dict>
            </dict>
            <dict>
                <key>id</key>
                <string>11797</string>
                <key>Image</key>
                <dict>
                    <key>value</key>
                    <string>1676</string>
                </dict>
            </dict>
            <dict>
                <key>id</key>
                <string>11798</string>
                <key>Image</key>
                <dict>
                    <key>value</key>
                    <string>1042</string>
                </dict>
            </dict>
            <dict>
                <key>id</key>
                <string>11802</string>
                <key>Image</key>
                <dict>
                    <key>value</key>
                    <string>1788</string>
                </dict>
            </dict>
            <dict>
                <key>id</key>
                <string>11805</string>
                <key>Image</key>
                <dict>
                    <key>value</key>
                    <string>1042</string>
                </dict>
            </dict>
            <dict>
                <key>id</key>
                <string>11807</string>
                <key>Image</key>
                <dict>
                    <key>value</key>
                    <string>1788</string>
                </dict>
            </dict>
            <dict>
                <key>id</key>
                <string>11809</string>
                <key>Image</key>
                <dict>
                    <key>value</key>
                    <string>1042</string>
                </dict>
            </dict>
            <dict>
                <key>id</key>
                <string>11811</string>
                <key>Image</key>
                <dict>
                    <key>value</key>
                    <string>1788</string>
                </dict>
            </dict>
            <dict>
                <key>id</key>
                <string>11818</string>
                <key>Image</key>
                <dict>
                    <key>value</key>
                    <string>1207</string>
                </dict>
            </dict>
            <dict>
                <key>id</key>
                <string>11819</string>
                <key>Image</key>
                <dict>
                    <key>value</key>
                    <string>1655</string>
                </dict>
            </dict>
            <dict>
                <key>id</key>
                <string>11823</string>
                <key>Image</key>
                <dict>
                    <key>value</key>
                    <string>1676</string>
                </dict>
            </dict>
            <dict>
                <key>id</key>
                <string>11824</string>
                <key>Image</key>
                <dict>
                    <key>value</key>
                    <string>1042</string>
                </dict>
            </dict>
            <dict>
                <key>id</key>
                <string>11828</string>
                <key>Image</key>
                <dict>
                    <key>value</key>
                    <string>1788</string>
                </dict>
            </dict>
            <dict>
                <key>id</key>
                <string>11831</string>
                <key>Image</key>
                <dict>
                    <key>value</key>
                    <string>1042</string>
                </dict>
            </dict>
            <dict>
                <key>id</key>
                <string>11833</string>
                <key>Image</key>
                <dict>
                    <key>value</key>
                    <string>1788</string>
                </dict>
            </dict>
            <dict>
                <key>id</key>
                <string>11835</string>
                <key>Image</key>
                <dict>
                    <key>value</key>
                    <string>1042</string>
                </dict>
            </dict>
            <dict>
                <key>id</key>
                <string>11837</string>
                <key>Image</key>
                <dict>
                    <key>value</key>
                    <string>1788</string>
                </dict>
            </dict>
            <dict>
                <key>id</key>
                <string>11844</string>
                <key>Image</key>
                <dict>
                    <key>value</key>
                    <string>1207</string>
                </dict>
            </dict>
            <dict>
                <key>id</key>
                <string>11845</string>
                <key>Image</key>
                <dict>
                    <key>value</key>
                    <string>1655</string>
                </dict>
            </dict>
            <dict>
                <key>id</key>
                <string>11849</string>
                <key>Image</key>
                <dict>
                    <key>value</key>
                    <string>1676</string>
                </dict>
            </dict>
            <dict>
                <key>id</key>
                <string>11850</string>
                <key>Image</key>
                <dict>
                    <key>value</key>
                    <string>1042</string>
                </dict>
            </dict>
            <dict>
                <key>id</key>
                <string>11854</string>
                <key>Image</key>
                <dict>
                    <key>value</key>
                    <string>1788</string>
                </dict>
            </dict>
            <dict>
                <key>id</key>
                <string>11857</string>
                <key>Image</key>
                <dict>
                    <key>value</key>
                    <string>1042</string>
                </dict>
            </dict>
            <dict>
                <key>id</key>
                <string>11859</string>
                <key>Image</key>
                <dict>
                    <key>value</key>
                    <string>1788</string>
                </dict>
            </dict>
            <dict>
                <key>id</key>
                <string>11861</string>
                <key>Image</key>
                <dict>
                    <key>value</key>
                    <string>1042</string>
                </dict>
            </dict>
            <dict>
                <key>id</key>
                <string>11863</string>
                <key>Image</key>
                <dict>
                    <key>value</key>
                    <string>1788</string>
                </dict>
            </dict>
            <dict>
                <key>id</key>
                <string>11896</string>
                <key>Image</key>
                <dict>
                    <key>value</key>
                    <string>11892</string>
                </dict>
            </dict>
        </array>
    </dict>
</plist>
