<?xml version="1.0" encoding="UTF-8"?>
<!DOCTYPE plist PUBLIC "-//Apple//DTD PLIST 1.0//EN" "http://www.apple.com/DTDs/PropertyList-1.0.dtd"/>

<plist version="1.0">
    <dict>
        <key>ROOT</key>
        <array>
            <dict>
                <key>id</key>
                <string>11039</string>
                <key>Asset</key>
                <dict>
                    <key>value</key>
                    <string>652</string>
                </dict>
            </dict>
            <dict>
                <key>id</key>
                <string>11052</string>
                <key>Asset</key>
                <dict>
                    <key>value</key>
                    <string>843</string>
                </dict>
            </dict>
            <dict>
                <key>id</key>
                <string>11053</string>
                <key>Asset</key>
                <dict>
                    <key>value</key>
                    <string>843</string>
                </dict>
            </dict>
            <dict>
                <key>id</key>
                <string>11054</string>
                <key>Asset</key>
                <dict>
                    <key>value</key>
                    <string>3156</string>
                </dict>
            </dict>
            <dict>
                <key>id</key>
                <string>11064</string>
                <key>Asset</key>
                <dict>
                    <key>value</key>
                    <string>843</string>
                </dict>
            </dict>
            <dict>
                <key>id</key>
                <string>11065</string>
                <key>Asset</key>
                <dict>
                    <key>value</key>
                    <string>843</string>
                </dict>
            </dict>
            <dict>
                <key>id</key>
                <string>11067</string>
                <key>Asset</key>
                <dict>
                    <key>value</key>
                    <string>3156</string>
                </dict>
            </dict>
            <dict>
                <key>id</key>
                <string>11069</string>
                <key>Asset</key>
                <dict>
                    <key>value</key>
                    <string>652</string>
                </dict>
            </dict>
            <dict>
                <key>id</key>
                <string>11078</string>
                <key>Asset</key>
                <dict>
                    <key>value</key>
                    <string>843</string>
                </dict>
            </dict>
            <dict>
                <key>id</key>
                <string>11079</string>
                <key>Asset</key>
                <dict>
                    <key>value</key>
                    <string>843</string>
                </dict>
            </dict>
            <dict>
                <key>id</key>
                <string>11081</string>
                <key>Asset</key>
                <dict>
                    <key>value</key>
                    <string>3156</string>
                </dict>
            </dict>
            <dict>
                <key>id</key>
                <string>11083</string>
                <key>Asset</key>
                <dict>
                    <key>value</key>
                    <string>764</string>
                </dict>
            </dict>
            <dict>
                <key>id</key>
                <string>11096</string>
                <key>Asset</key>
                <dict>
                    <key>value</key>
                    <string>843</string>
                </dict>
            </dict>
            <dict>
                <key>id</key>
                <string>11097</string>
                <key>Asset</key>
                <dict>
                    <key>value</key>
                    <string>843</string>
                </dict>
            </dict>
            <dict>
                <key>id</key>
                <string>11098</string>
                <key>Asset</key>
                <dict>
                    <key>value</key>
                    <string>3145</string>
                </dict>
            </dict>
            <dict>
                <key>id</key>
                <string>11128</string>
                <key>Asset</key>
                <dict>
                    <key>value</key>
                    <string>843</string>
                </dict>
            </dict>
            <dict>
                <key>id</key>
                <string>11129</string>
                <key>Asset</key>
                <dict>
                    <key>value</key>
                    <string>843</string>
                </dict>
            </dict>
            <dict>
                <key>id</key>
                <string>11131</string>
                <key>Asset</key>
                <dict>
                    <key>value</key>
                    <string>3145</string>
                </dict>
            </dict>
            <dict>
                <key>id</key>
                <string>11145</string>
                <key>Asset</key>
                <dict>
                    <key>value</key>
                    <string>843</string>
                </dict>
            </dict>
            <dict>
                <key>id</key>
                <string>11146</string>
                <key>Asset</key>
                <dict>
                    <key>value</key>
                    <string>843</string>
                </dict>
            </dict>
            <dict>
                <key>id</key>
                <string>11148</string>
                <key>Asset</key>
                <dict>
                    <key>value</key>
                    <string>3145</string>
                </dict>
            </dict>
            <dict>
                <key>id</key>
                <string>11149</string>
                <key>Asset</key>
                <dict>
                    <key>value</key>
                    <string>652</string>
                </dict>
            </dict>
            <dict>
                <key>id</key>
                <string>11162</string>
                <key>Asset</key>
                <dict>
                    <key>value</key>
                    <string>843</string>
                </dict>
            </dict>
            <dict>
                <key>id</key>
                <string>11163</string>
                <key>Asset</key>
                <dict>
                    <key>value</key>
                    <string>843</string>
                </dict>
            </dict>
            <dict>
                <key>id</key>
                <string>11165</string>
                <key>Asset</key>
                <dict>
                    <key>value</key>
                    <string>3133</string>
                </dict>
            </dict>
            <dict>
                <key>id</key>
                <string>11167</string>
                <key>Asset</key>
                <dict>
                    <key>value</key>
                    <string>764</string>
                </dict>
            </dict>
            <dict>
                <key>id</key>
                <string>11178</string>
                <key>Asset</key>
                <dict>
                    <key>value</key>
                    <string>843</string>
                </dict>
            </dict>
            <dict>
                <key>id</key>
                <string>11179</string>
                <key>Asset</key>
                <dict>
                    <key>value</key>
                    <string>843</string>
                </dict>
            </dict>
            <dict>
                <key>id</key>
                <string>11181</string>
                <key>Asset</key>
                <dict>
                    <key>value</key>
                    <string>3133</string>
                </dict>
            </dict>
            <dict>
                <key>id</key>
                <string>11197</string>
                <key>Asset</key>
                <dict>
                    <key>value</key>
                    <string>843</string>
                </dict>
            </dict>
            <dict>
                <key>id</key>
                <string>11198</string>
                <key>Asset</key>
                <dict>
                    <key>value</key>
                    <string>843</string>
                </dict>
            </dict>
            <dict>
                <key>id</key>
                <string>11200</string>
                <key>Asset</key>
                <dict>
                    <key>value</key>
                    <string>3133</string>
                </dict>
            </dict>
            <dict>
                <key>id</key>
                <string>11219</string>
                <key>Asset</key>
                <dict>
                    <key>value</key>
                    <string>843</string>
                </dict>
            </dict>
            <dict>
                <key>id</key>
                <string>11220</string>
                <key>Asset</key>
                <dict>
                    <key>value</key>
                    <string>843</string>
                </dict>
            </dict>
            <dict>
                <key>id</key>
                <string>11221</string>
                <key>Asset</key>
                <dict>
                    <key>value</key>
                    <string>2226</string>
                </dict>
            </dict>
            <dict>
                <key>id</key>
                <string>11223</string>
                <key>Asset</key>
                <dict>
                    <key>value</key>
                    <string>652</string>
                </dict>
            </dict>
            <dict>
                <key>id</key>
                <string>11245</string>
                <key>Asset</key>
                <dict>
                    <key>value</key>
                    <string>843</string>
                </dict>
            </dict>
            <dict>
                <key>id</key>
                <string>11246</string>
                <key>Asset</key>
                <dict>
                    <key>value</key>
                    <string>843</string>
                </dict>
            </dict>
            <dict>
                <key>id</key>
                <string>11248</string>
                <key>Asset</key>
                <dict>
                    <key>value</key>
                    <string>2226</string>
                </dict>
            </dict>
            <dict>
                <key>id</key>
                <string>11266</string>
                <key>Asset</key>
                <dict>
                    <key>value</key>
                    <string>843</string>
                </dict>
            </dict>
            <dict>
                <key>id</key>
                <string>11267</string>
                <key>Asset</key>
                <dict>
                    <key>value</key>
                    <string>843</string>
                </dict>
            </dict>
            <dict>
                <key>id</key>
                <string>11269</string>
                <key>Asset</key>
                <dict>
                    <key>value</key>
                    <string>2226</string>
                </dict>
            </dict>
            <dict>
                <key>id</key>
                <string>11271</string>
                <key>Asset</key>
                <dict>
                    <key>value</key>
                    <string>764</string>
                </dict>
            </dict>
        </array>
    </dict>
</plist>
