<?xml version="1.0" encoding="UTF-8"?>
<!DOCTYPE plist PUBLIC "-//Apple//DTD PLIST 1.0//EN" "http://www.apple.com/DTDs/PropertyList-1.0.dtd"/>

<plist version="1.0">
    <dict>
        <key>ROOT</key>
        <array>
            <dict>
                <key>id</key>
                <string>1407</string>
                <key>Regular Icon</key>
                <dict>
                    <key>value</key>
                    <string>1412</string>
                </dict>
            </dict>
            <dict>
                <key>id</key>
                <string>1428</string>
                <key>Regular Icon</key>
                <dict>
                    <key>value</key>
                    <string>1441</string>
                </dict>
                <key>Locked Icon</key>
                <dict>
                    <key>value</key>
                    <string>1433</string>
                </dict>
            </dict>
            <dict>
                <key>id</key>
                <string>1445</string>
                <key>Regular Icon</key>
                <dict>
                    <key>value</key>
                    <string>1450</string>
                </dict>
                <key>Locked Icon</key>
                <dict>
                    <key>value</key>
                    <string>1458</string>
                </dict>
            </dict>
        </array>
    </dict>
</plist>
