<?xml version="1.0" encoding="UTF-8"?>
<!DOCTYPE plist PUBLIC "-//Apple//DTD PLIST 1.0//EN" "http://www.apple.com/DTDs/PropertyList-1.0.dtd"/>

<plist version="1.0">
    <dict>
        <key>ROOT</key>
        <array>
            <dict>
                <key>id</key>
                <string>1265</string>
                <key>Image</key>
                <dict>
                    <key>value</key>
                    <string>1266</string>
                </dict>
                <key>Click Sound</key>
                <dict>
                    <key>value</key>
                    <string>2261</string>
                </dict>
            </dict>
            <dict>
                <key>id</key>
                <string>1290</string>
                <key>Image</key>
                <dict>
                    <key>value</key>
                    <string>1335</string>
                </dict>
                <key>Click Sound</key>
                <dict>
                    <key>value</key>
                    <string>2261</string>
                </dict>
            </dict>
            <dict>
                <key>id</key>
                <string>1543</string>
                <key>Image</key>
                <dict>
                    <key>value</key>
                    <string>1614</string>
                </dict>
                <key>Click Sound</key>
                <dict>
                    <key>value</key>
                    <string>2261</string>
                </dict>
            </dict>
            <dict>
                <key>id</key>
                <string>1663</string>
                <key>Image</key>
                <dict>
                    <key>value</key>
                    <string>1664</string>
                </dict>
                <key>Click Sound</key>
                <dict>
                    <key>value</key>
                    <string>2261</string>
                </dict>
            </dict>
            <dict>
                <key>id</key>
                <string>1849</string>
                <key>Image</key>
                <dict>
                    <key>value</key>
                    <string>1881</string>
                </dict>
                <key>Click Sound</key>
                <dict>
                    <key>value</key>
                    <string>2261</string>
                </dict>
            </dict>
            <dict>
                <key>id</key>
                <string>1906</string>
                <key>Image</key>
                <dict>
                    <key>value</key>
                    <string>1933</string>
                </dict>
            </dict>
            <dict>
                <key>id</key>
                <string>1981</string>
                <key>Image</key>
                <dict>
                    <key>value</key>
                    <string>1987</string>
                </dict>
                <key>Click Sound</key>
                <dict>
                    <key>value</key>
                    <string>2261</string>
                </dict>
            </dict>
            <dict>
                <key>id</key>
                <string>8836</string>
                <key>Image</key>
                <dict>
                    <key>value</key>
                    <string>1614</string>
                </dict>
                <key>Click Sound</key>
                <dict>
                    <key>value</key>
                    <string>2261</string>
                </dict>
            </dict>
            <dict>
                <key>id</key>
                <string>8846</string>
                <key>Image</key>
                <dict>
                    <key>value</key>
                    <string>1614</string>
                </dict>
                <key>Click Sound</key>
                <dict>
                    <key>value</key>
                    <string>2261</string>
                </dict>
            </dict>
            <dict>
                <key>id</key>
                <string>8856</string>
                <key>Image</key>
                <dict>
                    <key>value</key>
                    <string>1614</string>
                </dict>
                <key>Click Sound</key>
                <dict>
                    <key>value</key>
                    <string>2261</string>
                </dict>
            </dict>
            <dict>
                <key>id</key>
                <string>9749</string>
                <key>Image</key>
                <dict>
                    <key>value</key>
                    <string>1664</string>
                </dict>
            </dict>
            <dict>
                <key>id</key>
                <string>9775</string>
                <key>Image</key>
                <dict>
                    <key>value</key>
                    <string>1664</string>
                </dict>
            </dict>
            <dict>
                <key>id</key>
                <string>9801</string>
                <key>Image</key>
                <dict>
                    <key>value</key>
                    <string>1933</string>
                </dict>
            </dict>
            <dict>
                <key>id</key>
                <string>9833</string>
                <key>Image</key>
                <dict>
                    <key>value</key>
                    <string>1881</string>
                </dict>
            </dict>
            <dict>
                <key>id</key>
                <string>11382</string>
                <key>Image</key>
                <dict>
                    <key>value</key>
                    <string>1664</string>
                </dict>
            </dict>
            <dict>
                <key>id</key>
                <string>11408</string>
                <key>Image</key>
                <dict>
                    <key>value</key>
                    <string>1664</string>
                </dict>
            </dict>
            <dict>
                <key>id</key>
                <string>11434</string>
                <key>Image</key>
                <dict>
                    <key>value</key>
                    <string>1881</string>
                </dict>
            </dict>
            <dict>
                <key>id</key>
                <string>11460</string>
                <key>Image</key>
                <dict>
                    <key>value</key>
                    <string>1881</string>
                </dict>
            </dict>
            <dict>
                <key>id</key>
                <string>11486</string>
                <key>Image</key>
                <dict>
                    <key>value</key>
                    <string>1933</string>
                </dict>
            </dict>
            <dict>
                <key>id</key>
                <string>11518</string>
                <key>Image</key>
                <dict>
                    <key>value</key>
                    <string>1933</string>
                </dict>
            </dict>
            <dict>
                <key>id</key>
                <string>11559</string>
                <key>Image</key>
                <dict>
                    <key>value</key>
                    <string>1881</string>
                </dict>
                <key>Click Sound</key>
                <dict>
                    <key>value</key>
                    <string>2261</string>
                </dict>
            </dict>
            <dict>
                <key>id</key>
                <string>11585</string>
                <key>Image</key>
                <dict>
                    <key>value</key>
                    <string>1881</string>
                </dict>
                <key>Click Sound</key>
                <dict>
                    <key>value</key>
                    <string>2261</string>
                </dict>
            </dict>
            <dict>
                <key>id</key>
                <string>11611</string>
                <key>Image</key>
                <dict>
                    <key>value</key>
                    <string>1881</string>
                </dict>
                <key>Click Sound</key>
                <dict>
                    <key>value</key>
                    <string>2261</string>
                </dict>
            </dict>
            <dict>
                <key>id</key>
                <string>11637</string>
                <key>Image</key>
                <dict>
                    <key>value</key>
                    <string>1664</string>
                </dict>
                <key>Click Sound</key>
                <dict>
                    <key>value</key>
                    <string>2261</string>
                </dict>
            </dict>
            <dict>
                <key>id</key>
                <string>11663</string>
                <key>Image</key>
                <dict>
                    <key>value</key>
                    <string>1664</string>
                </dict>
                <key>Click Sound</key>
                <dict>
                    <key>value</key>
                    <string>2261</string>
                </dict>
            </dict>
            <dict>
                <key>id</key>
                <string>11689</string>
                <key>Image</key>
                <dict>
                    <key>value</key>
                    <string>1664</string>
                </dict>
                <key>Click Sound</key>
                <dict>
                    <key>value</key>
                    <string>2261</string>
                </dict>
            </dict>
            <dict>
                <key>id</key>
                <string>11716</string>
                <key>Image</key>
                <dict>
                    <key>value</key>
                    <string>1881</string>
                </dict>
                <key>Click Sound</key>
                <dict>
                    <key>value</key>
                    <string>2261</string>
                </dict>
            </dict>
            <dict>
                <key>id</key>
                <string>11742</string>
                <key>Image</key>
                <dict>
                    <key>value</key>
                    <string>1881</string>
                </dict>
                <key>Click Sound</key>
                <dict>
                    <key>value</key>
                    <string>2261</string>
                </dict>
            </dict>
            <dict>
                <key>id</key>
                <string>11768</string>
                <key>Image</key>
                <dict>
                    <key>value</key>
                    <string>1881</string>
                </dict>
                <key>Click Sound</key>
                <dict>
                    <key>value</key>
                    <string>2261</string>
                </dict>
            </dict>
            <dict>
                <key>id</key>
                <string>11794</string>
                <key>Image</key>
                <dict>
                    <key>value</key>
                    <string>1664</string>
                </dict>
                <key>Click Sound</key>
                <dict>
                    <key>value</key>
                    <string>2261</string>
                </dict>
            </dict>
            <dict>
                <key>id</key>
                <string>11820</string>
                <key>Image</key>
                <dict>
                    <key>value</key>
                    <string>1664</string>
                </dict>
                <key>Click Sound</key>
                <dict>
                    <key>value</key>
                    <string>2261</string>
                </dict>
            </dict>
            <dict>
                <key>id</key>
                <string>11846</string>
                <key>Image</key>
                <dict>
                    <key>value</key>
                    <string>1664</string>
                </dict>
                <key>Click Sound</key>
                <dict>
                    <key>value</key>
                    <string>2261</string>
                </dict>
            </dict>
        </array>
    </dict>
</plist>
