<?xml version="1.0" encoding="UTF-8"?>
<!DOCTYPE plist PUBLIC "-//Apple//DTD PLIST 1.0//EN" "http://www.apple.com/DTDs/PropertyList-1.0.dtd"/>

<plist version="1.0">
    <dict>
        <key>ROOT</key>
        <array>
            <dict>
                <key>id</key>
                <string>152</string>
                <key>className</key>
                <string>PTModelAssetCharacter</string>
                <key>Name</key>
                <dict>
                    <key>value</key>
                    <string>Sports Car</string>
                </dict>
                <key>Collision Shape</key>
                <dict>
                    <key>id</key>
                    <string>153</string>
                    <key>className</key>
                    <string>PTModelPolygon</string>
                    <key>Name</key>
                    <dict>
                        <key>value</key>
                        <string></string>
                    </dict>
                    <key>points</key>
                    <array>
                        <string>{-51.000000,-103.000000}</string>
                        <string>{47.000000,-103.000000}</string>
                        <string>{47.000000,111.000000}</string>
                        <string>{-51.000000,111.000000}</string>
                    </array>
                    <key>oneWayCollisionVector</key>
                    <string>{0.000000,0.000000}</string>
                    <key>shapeType</key>
                    <string>1</string>
                </dict>
                <key>Game Over Delay</key>
                <dict>
                    <key>value</key>
                    <string>1.000000</string>
                </dict>
                <key>Camera Shake</key>
                <dict>
                    <key>value</key>
                    <string>1.000000</string>
                </dict>
                <key>Camera Flash</key>
                <dict>
                    <key>value</key>
                    <string>1.000000</string>
                </dict>
                <key>Fall Attribute</key>
                <dict>
                    <key>value</key>
                    <string>1.000000</string>
                </dict>
                <key>Purchase Method</key>
                <dict>
                    <key>selectedStringValue</key>
                    <string>kFree</string>
                </dict>
                <key>Price</key>
                <dict>
                    <key>visible</key>
                    <string>0</string>
                </dict>
                <key>Store Identifier</key>
                <dict>
                    <key>visible</key>
                    <string>0</string>
                    <key>value</key>
                    <string></string>
                </dict>
                <key>Web Link</key>
                <dict>
                    <key>visible</key>
                    <string>0</string>
                    <key>value</key>
                    <string></string>
                </dict>
                <key>Ad Network</key>
                <dict>
                    <key>visible</key>
                    <string>0</string>
                    <key>selectedStringValue</key>
                    <string>kHeyzap</string>
                </dict>
            </dict>
            <dict>
                <key>id</key>
                <string>1364</string>
                <key>className</key>
                <string>PTModelAssetCharacter</string>
                <key>Name</key>
                <dict>
                    <key>value</key>
                    <string>Taxi Driver</string>
                </dict>
                <key>Collision Shape</key>
                <dict>
                    <key>id</key>
                    <string>1367</string>
                    <key>className</key>
                    <string>PTModelPolygon</string>
                    <key>Name</key>
                    <dict>
                        <key>value</key>
                        <string></string>
                    </dict>
                    <key>points</key>
                    <array>
                        <string>{-51.000000,-103.000000}</string>
                        <string>{47.000000,-103.000000}</string>
                        <string>{47.000000,111.000000}</string>
                        <string>{-51.000000,111.000000}</string>
                    </array>
                    <key>oneWayCollisionVector</key>
                    <string>{0.000000,0.000000}</string>
                    <key>shapeType</key>
                    <string>1</string>
                </dict>
                <key>Game Over Delay</key>
                <dict>
                    <key>value</key>
                    <string>1.000000</string>
                </dict>
                <key>Camera Shake</key>
                <dict>
                    <key>value</key>
                    <string>1.000000</string>
                </dict>
                <key>Camera Flash</key>
                <dict>
                    <key>value</key>
                    <string>1.000000</string>
                </dict>
                <key>Fall Attribute</key>
                <dict>
                    <key>value</key>
                    <string>1.000000</string>
                </dict>
                <key>Purchase Method</key>
                <dict>
                    <key>selectedStringValue</key>
                    <string>kFree</string>
                </dict>
                <key>Price</key>
                <dict>
                    <key>visible</key>
                    <string>0</string>
                    <key>value</key>
                    <string>120.000000</string>
                </dict>
                <key>Store Identifier</key>
                <dict>
                    <key>visible</key>
                    <string>0</string>
                    <key>value</key>
                    <string></string>
                </dict>
                <key>Web Link</key>
                <dict>
                    <key>visible</key>
                    <string>0</string>
                    <key>value</key>
                    <string></string>
                </dict>
                <key>Ad Network</key>
                <dict>
                    <key>visible</key>
                    <string>0</string>
                    <key>selectedStringValue</key>
                    <string>kHeyzap</string>
                </dict>
            </dict>
            <dict>
                <key>id</key>
                <string>1346</string>
                <key>className</key>
                <string>PTModelAssetCharacter</string>
                <key>Name</key>
                <dict>
                    <key>value</key>
                    <string>Cop Car</string>
                </dict>
                <key>Collision Shape</key>
                <dict>
                    <key>id</key>
                    <string>1349</string>
                    <key>className</key>
                    <string>PTModelPolygon</string>
                    <key>Name</key>
                    <dict>
                        <key>value</key>
                        <string></string>
                    </dict>
                    <key>points</key>
                    <array>
                        <string>{-51.000000,-103.000000}</string>
                        <string>{47.000000,-103.000000}</string>
                        <string>{47.000000,111.000000}</string>
                        <string>{-51.000000,111.000000}</string>
                    </array>
                    <key>oneWayCollisionVector</key>
                    <string>{0.000000,0.000000}</string>
                    <key>shapeType</key>
                    <string>1</string>
                </dict>
                <key>Game Over Delay</key>
                <dict>
                    <key>value</key>
                    <string>1.000000</string>
                </dict>
                <key>Camera Shake</key>
                <dict>
                    <key>value</key>
                    <string>1.000000</string>
                </dict>
                <key>Camera Flash</key>
                <dict>
                    <key>value</key>
                    <string>1.000000</string>
                </dict>
                <key>Fall Attribute</key>
                <dict>
                    <key>value</key>
                    <string>1.000000</string>
                </dict>
                <key>Purchase Method</key>
                <dict>
                    <key>selectedStringValue</key>
                    <string>kFree</string>
                </dict>
                <key>Price</key>
                <dict>
                    <key>visible</key>
                    <string>0</string>
                    <key>value</key>
                    <string>100.000000</string>
                </dict>
                <key>Store Identifier</key>
                <dict>
                    <key>visible</key>
                    <string>0</string>
                    <key>value</key>
                    <string></string>
                </dict>
                <key>Web Link</key>
                <dict>
                    <key>visible</key>
                    <string>0</string>
                    <key>value</key>
                    <string></string>
                </dict>
                <key>Ad Network</key>
                <dict>
                    <key>visible</key>
                    <string>0</string>
                    <key>selectedStringValue</key>
                    <string>kHeyzap</string>
                </dict>
            </dict>
        </array>
    </dict>
</plist>
