<?xml version="1.0" encoding="UTF-8"?>
<!DOCTYPE plist PUBLIC "-//Apple//DTD PLIST 1.0//EN" "http://www.apple.com/DTDs/PropertyList-1.0.dtd"/>

<plist version="1.0">
    <dict>
        <key>ROOT</key>
        <array>
            <dict>
                <key>id</key>
                <string>1319</string>
                <key>Image</key>
                <dict>
                    <key>value</key>
                    <string>541</string>
                </dict>
            </dict>
            <dict>
                <key>id</key>
                <string>1320</string>
                <key>Image</key>
                <dict>
                    <key>value</key>
                    <string>537</string>
                </dict>
            </dict>
            <dict>
                <key>id</key>
                <string>9206</string>
                <key>Image</key>
                <dict>
                    <key>value</key>
                    <string>541</string>
                </dict>
            </dict>
            <dict>
                <key>id</key>
                <string>9207</string>
                <key>Image</key>
                <dict>
                    <key>value</key>
                    <string>537</string>
                </dict>
            </dict>
            <dict>
                <key>id</key>
                <string>9223</string>
                <key>Image</key>
                <dict>
                    <key>value</key>
                    <string>541</string>
                </dict>
            </dict>
            <dict>
                <key>id</key>
                <string>9224</string>
                <key>Image</key>
                <dict>
                    <key>value</key>
                    <string>537</string>
                </dict>
            </dict>
            <dict>
                <key>id</key>
                <string>11291</string>
                <key>Image</key>
                <dict>
                    <key>value</key>
                    <string>541</string>
                </dict>
            </dict>
            <dict>
                <key>id</key>
                <string>11292</string>
                <key>Image</key>
                <dict>
                    <key>value</key>
                    <string>537</string>
                </dict>
            </dict>
            <dict>
                <key>id</key>
                <string>11308</string>
                <key>Image</key>
                <dict>
                    <key>value</key>
                    <string>541</string>
                </dict>
            </dict>
            <dict>
                <key>id</key>
                <string>11309</string>
                <key>Image</key>
                <dict>
                    <key>value</key>
                    <string>537</string>
                </dict>
            </dict>
            <dict>
                <key>id</key>
                <string>11344</string>
                <key>Image</key>
                <dict>
                    <key>value</key>
                    <string>541</string>
                </dict>
            </dict>
            <dict>
                <key>id</key>
                <string>11345</string>
                <key>Image</key>
                <dict>
                    <key>value</key>
                    <string>537</string>
                </dict>
            </dict>
        </array>
    </dict>
</plist>
