<?xml version="1.0" encoding="UTF-8"?>
<!DOCTYPE plist PUBLIC "-//Apple//DTD PLIST 1.0//EN" "http://www.apple.com/DTDs/PropertyList-1.0.dtd"/>

<plist version="1.0">
    <dict>
        <key>ROOT</key>
        <array>
            <dict>
                <key>id</key>
                <string>381</string>
                <key>className</key>
                <string>PTModelAssetPowerup</string>
                <key>Name</key>
                <dict>
                    <key>value</key>
                    <string>Speed</string>
                </dict>
                <key>Collision Shape</key>
                <dict>
                    <key>id</key>
                    <string>400</string>
                    <key>className</key>
                    <string>PTModelCircle</string>
                    <key>Name</key>
                    <dict>
                        <key>value</key>
                        <string></string>
                    </dict>
                    <key>points</key>
                    <array>
                        <string>{-2.500000,-2.500000}</string>
                        <string>{42.900002,-1.500000}</string>
                    </array>
                    <key>oneWayCollisionVector</key>
                    <string>{0.000000,0.000000}</string>
                    <key>shapeType</key>
                    <string>2</string>
                </dict>
                <key>Powerup Type</key>
                <dict>
                    <key>selectedStringValue</key>
                    <string>kPowerupGameplay</string>
                </dict>
                <key>Animation Placement</key>
                <dict>
                    <key>selectedStringValue</key>
                    <string>kPowerupCharacterConstraint</string>
                </dict>
                <key>Animation Behaviour</key>
                <dict>
                    <key>selectedStringValue</key>
                    <string>kOverlayBehaviour</string>
                </dict>
                <key>Reward Coins</key>
                <dict>
                    <key>value</key>
                    <string>1.000000</string>
                </dict>
                <key>Show coin reward</key>
                <dict>
                    <key>value</key>
                    <string>0</string>
                </dict>
                <key>Show points reward</key>
                <dict>
                    <key>value</key>
                    <string>0</string>
                </dict>
                <key>Duration</key>
                <dict>
                    <key>value</key>
                    <string>3.000000</string>
                </dict>
                <key>Max Speed</key>
                <dict>
                    <key>value</key>
                    <string>{40.000,0.000}</string>
                </dict>
                <key>Gravity</key>
                <dict>
                    <key>value</key>
                    <string>{0.000,0.000}</string>
                </dict>
                <key>Jump Force</key>
                <dict>
                    <key>value</key>
                    <string>{0.000,7.000}</string>
                </dict>
                <key>Jump Timeout</key>
                <dict>
                    <key>value</key>
                    <string>0.000000</string>
                </dict>
                <key>Game Speed Min</key>
                <dict>
                    <key>value</key>
                    <string>200.000000</string>
                </dict>
                <key>Game Speed Max</key>
                <dict>
                    <key>value</key>
                    <string>200.000000</string>
                </dict>
                <key>Friction</key>
                <dict>
                    <key>value</key>
                    <string>50.000000</string>
                </dict>
                <key>Time Warp</key>
                <dict>
                    <key>value</key>
                    <string>60.000000</string>
                </dict>
                <key>Velocity Drag</key>
                <dict>
                    <key>value</key>
                    <string>0.800000</string>
                </dict>
                <key>Bounce Force</key>
                <dict>
                    <key>value</key>
                    <string>{0.000,100.000}</string>
                </dict>
                <key>Score Multiplier</key>
                <dict>
                    <key>value</key>
                    <string>1.000000</string>
                </dict>
                <key>Air Drag</key>
                <dict>
                    <key>value</key>
                    <string>{0.000,0.000}</string>
                </dict>
                <key>Game Direction</key>
                <dict>
                    <key>value</key>
                    <string>-90.000000</string>
                </dict>
            </dict>
            <dict>
                <key>id</key>
                <string>717</string>
                <key>className</key>
                <string>PTModelAssetPowerup</string>
                <key>Name</key>
                <dict>
                    <key>value</key>
                    <string>Super_Speed</string>
                </dict>
                <key>Collision Shape</key>
                <dict>
                    <key>id</key>
                    <string>799</string>
                    <key>className</key>
                    <string>PTModelCircle</string>
                    <key>Name</key>
                    <dict>
                        <key>value</key>
                        <string></string>
                    </dict>
                    <key>points</key>
                    <array>
                        <string>{0.000000,0.000000}</string>
                        <string>{53.200001,0.000000}</string>
                    </array>
                    <key>oneWayCollisionVector</key>
                    <string>{0.000000,0.000000}</string>
                    <key>shapeType</key>
                    <string>2</string>
                </dict>
                <key>Powerup Type</key>
                <dict>
                    <key>selectedStringValue</key>
                    <string>kPowerupGameplay</string>
                </dict>
                <key>Animation Placement</key>
                <dict>
                    <key>selectedStringValue</key>
                    <string>kPowerupCharacterConstraint</string>
                </dict>
                <key>Animation Behaviour</key>
                <dict>
                    <key>selectedStringValue</key>
                    <string>kOverlayBehaviour</string>
                </dict>
                <key>Reward Coins</key>
                <dict>
                    <key>value</key>
                    <string>1.000000</string>
                </dict>
                <key>Show coin reward</key>
                <dict>
                    <key>value</key>
                    <string>0</string>
                </dict>
                <key>Show points reward</key>
                <dict>
                    <key>value</key>
                    <string>0</string>
                </dict>
                <key>Duration</key>
                <dict>
                    <key>value</key>
                    <string>5.000000</string>
                </dict>
                <key>Max Speed</key>
                <dict>
                    <key>value</key>
                    <string>{40.000,0.000}</string>
                </dict>
                <key>Gravity</key>
                <dict>
                    <key>value</key>
                    <string>{0.000,0.000}</string>
                </dict>
                <key>Jump Force</key>
                <dict>
                    <key>value</key>
                    <string>{0.000,7.000}</string>
                </dict>
                <key>Jump Timeout</key>
                <dict>
                    <key>value</key>
                    <string>0.000000</string>
                </dict>
                <key>Game Speed Min</key>
                <dict>
                    <key>value</key>
                    <string>250.000000</string>
                </dict>
                <key>Game Speed Max</key>
                <dict>
                    <key>value</key>
                    <string>250.000000</string>
                </dict>
                <key>Friction</key>
                <dict>
                    <key>value</key>
                    <string>50.000000</string>
                </dict>
                <key>Time Warp</key>
                <dict>
                    <key>value</key>
                    <string>70.000000</string>
                </dict>
                <key>Velocity Drag</key>
                <dict>
                    <key>value</key>
                    <string>0.800000</string>
                </dict>
                <key>Bounce Force</key>
                <dict>
                    <key>value</key>
                    <string>{0.000,100.000}</string>
                </dict>
                <key>Score Multiplier</key>
                <dict>
                    <key>value</key>
                    <string>1.000000</string>
                </dict>
                <key>Air Drag</key>
                <dict>
                    <key>value</key>
                    <string>{0.000,0.000}</string>
                </dict>
                <key>Game Direction</key>
                <dict>
                    <key>value</key>
                    <string>-90.000000</string>
                </dict>
            </dict>
            <dict>
                <key>id</key>
                <string>680</string>
                <key>className</key>
                <string>PTModelAssetPowerup</string>
                <key>Name</key>
                <dict>
                    <key>value</key>
                    <string>COINS-1</string>
                </dict>
                <key>Collision Shape</key>
                <dict>
                    <key>id</key>
                    <string>800</string>
                    <key>className</key>
                    <string>PTModelCircle</string>
                    <key>Name</key>
                    <dict>
                        <key>value</key>
                        <string></string>
                    </dict>
                    <key>points</key>
                    <array>
                        <string>{1.500000,1.500000}</string>
                        <string>{50.099998,6.500000}</string>
                    </array>
                    <key>oneWayCollisionVector</key>
                    <string>{0.000000,0.000000}</string>
                    <key>shapeType</key>
                    <string>2</string>
                </dict>
                <key>Powerup Type</key>
                <dict>
                    <key>selectedStringValue</key>
                    <string>kPowerupNone</string>
                </dict>
                <key>Animation Placement</key>
                <dict>
                    <key>selectedStringValue</key>
                    <string>kPowerupCharacterConstraint</string>
                </dict>
                <key>Animation Behaviour</key>
                <dict>
                    <key>selectedStringValue</key>
                    <string>kOverlayBehaviour</string>
                </dict>
                <key>Show coin reward</key>
                <dict>
                    <key>value</key>
                    <string>0</string>
                </dict>
                <key>Reward Points</key>
                <dict>
                    <key>value</key>
                    <string>1.000000</string>
                </dict>
                <key>Show points reward</key>
                <dict>
                    <key>value</key>
                    <string>0</string>
                </dict>
                <key>Gameplay properties</key>
                <dict>
                    <key>visible</key>
                    <string>0</string>
                </dict>
                <key>Max Speed</key>
                <dict>
                    <key>visible</key>
                    <string>0</string>
                    <key>value</key>
                    <string>{45.000,0.000}</string>
                </dict>
                <key>Gravity</key>
                <dict>
                    <key>visible</key>
                    <string>0</string>
                    <key>value</key>
                    <string>{0.000,0.000}</string>
                </dict>
                <key>Jump Force</key>
                <dict>
                    <key>visible</key>
                    <string>0</string>
                    <key>value</key>
                    <string>{0.000,7.000}</string>
                </dict>
                <key>Jump Counter</key>
                <dict>
                    <key>visible</key>
                    <string>0</string>
                </dict>
                <key>Jump Timeout</key>
                <dict>
                    <key>visible</key>
                    <string>0</string>
                    <key>value</key>
                    <string>0.000000</string>
                </dict>
                <key>Jump From Ground</key>
                <dict>
                    <key>visible</key>
                    <string>0</string>
                </dict>
                <key>Right Lean Force</key>
                <dict>
                    <key>visible</key>
                    <string>0</string>
                </dict>
                <key>Left Lean Force</key>
                <dict>
                    <key>visible</key>
                    <string>0</string>
                </dict>
                <key>Game Speed Min</key>
                <dict>
                    <key>visible</key>
                    <string>0</string>
                    <key>value</key>
                    <string>125.000000</string>
                </dict>
                <key>Game Speed Max</key>
                <dict>
                    <key>visible</key>
                    <string>0</string>
                    <key>value</key>
                    <string>125.000000</string>
                </dict>
                <key>Speed Increase</key>
                <dict>
                    <key>visible</key>
                    <string>0</string>
                </dict>
                <key>Friction</key>
                <dict>
                    <key>visible</key>
                    <string>0</string>
                    <key>value</key>
                    <string>50.000000</string>
                </dict>
                <key>Time Warp</key>
                <dict>
                    <key>visible</key>
                    <string>0</string>
                    <key>value</key>
                    <string>50.000000</string>
                </dict>
                <key>Velocity Drag</key>
                <dict>
                    <key>visible</key>
                    <string>0</string>
                    <key>value</key>
                    <string>0.800000</string>
                </dict>
                <key>Rotation Drag</key>
                <dict>
                    <key>visible</key>
                    <string>0</string>
                </dict>
                <key>Bounce Force</key>
                <dict>
                    <key>visible</key>
                    <string>0</string>
                    <key>value</key>
                    <string>{0.000,100.000}</string>
                </dict>
                <key>Bounce</key>
                <dict>
                    <key>visible</key>
                    <string>0</string>
                </dict>
                <key>Score Multiplier</key>
                <dict>
                    <key>visible</key>
                    <string>0</string>
                    <key>value</key>
                    <string>1.000000</string>
                </dict>
                <key>Air Drag</key>
                <dict>
                    <key>visible</key>
                    <string>0</string>
                    <key>value</key>
                    <string>{0.000,0.000}</string>
                </dict>
                <key>Platform Friction</key>
                <dict>
                    <key>visible</key>
                    <string>0</string>
                </dict>
                <key>Game Direction</key>
                <dict>
                    <key>visible</key>
                    <string>0</string>
                    <key>value</key>
                    <string>-90.000000</string>
                </dict>
                <key>Fixed Rotation</key>
                <dict>
                    <key>visible</key>
                    <string>0</string>
                    <key>value</key>
                    <string>1</string>
                </dict>
            </dict>
            <dict>
                <key>id</key>
                <string>2338</string>
                <key>className</key>
                <string>PTModelAssetPowerup</string>
                <key>Name</key>
                <dict>
                    <key>value</key>
                    <string>magnet</string>
                </dict>
                <key>Collision Shape</key>
                <dict>
                    <key>id</key>
                    <string>2339</string>
                    <key>className</key>
                    <string>PTModelPolygon</string>
                    <key>Name</key>
                    <dict>
                        <key>value</key>
                        <string></string>
                    </dict>
                    <key>points</key>
                    <array>
                        <string>{-68.500000,-68.500000}</string>
                        <string>{68.500000,-68.500000}</string>
                        <string>{68.500000,68.500000}</string>
                        <string>{-68.500000,68.500000}</string>
                    </array>
                    <key>oneWayCollisionVector</key>
                    <string>{0.000000,0.000000}</string>
                    <key>shapeType</key>
                    <string>1</string>
                </dict>
                <key>Powerup Type</key>
                <dict>
                    <key>selectedStringValue</key>
                    <string>kPowerupMagnet</string>
                </dict>
                <key>Animation Placement</key>
                <dict>
                    <key>selectedStringValue</key>
                    <string>kPowerupCharacterConstraint</string>
                </dict>
                <key>Animation Behaviour</key>
                <dict>
                    <key>selectedStringValue</key>
                    <string>kOverlayBehaviour</string>
                </dict>
                <key>Show coin reward</key>
                <dict>
                    <key>value</key>
                    <string>0</string>
                </dict>
                <key>Show points reward</key>
                <dict>
                    <key>value</key>
                    <string>0</string>
                </dict>
                <key>Duration</key>
                <dict>
                    <key>value</key>
                    <string>5.000000</string>
                </dict>
                <key>Camera Shake</key>
                <dict>
                    <key>value</key>
                    <string>0.300000</string>
                </dict>
                <key>Gameplay properties</key>
                <dict>
                    <key>visible</key>
                    <string>0</string>
                </dict>
                <key>Max Speed</key>
                <dict>
                    <key>visible</key>
                    <string>0</string>
                    <key>value</key>
                    <string>{45.000,0.000}</string>
                </dict>
                <key>Gravity</key>
                <dict>
                    <key>visible</key>
                    <string>0</string>
                    <key>value</key>
                    <string>{0.000,0.000}</string>
                </dict>
                <key>Jump Force</key>
                <dict>
                    <key>visible</key>
                    <string>0</string>
                    <key>value</key>
                    <string>{0.000,7.000}</string>
                </dict>
                <key>Jump Counter</key>
                <dict>
                    <key>visible</key>
                    <string>0</string>
                </dict>
                <key>Jump Timeout</key>
                <dict>
                    <key>visible</key>
                    <string>0</string>
                    <key>value</key>
                    <string>0.000000</string>
                </dict>
                <key>Jump From Ground</key>
                <dict>
                    <key>visible</key>
                    <string>0</string>
                </dict>
                <key>Right Lean Force</key>
                <dict>
                    <key>visible</key>
                    <string>0</string>
                    <key>value</key>
                    <string>45.000000</string>
                </dict>
                <key>Left Lean Force</key>
                <dict>
                    <key>visible</key>
                    <string>0</string>
                    <key>value</key>
                    <string>45.000000</string>
                </dict>
                <key>Game Speed Min</key>
                <dict>
                    <key>visible</key>
                    <string>0</string>
                    <key>value</key>
                    <string>125.000000</string>
                </dict>
                <key>Game Speed Max</key>
                <dict>
                    <key>visible</key>
                    <string>0</string>
                    <key>value</key>
                    <string>125.000000</string>
                </dict>
                <key>Speed Increase</key>
                <dict>
                    <key>visible</key>
                    <string>0</string>
                </dict>
                <key>Friction</key>
                <dict>
                    <key>visible</key>
                    <string>0</string>
                    <key>value</key>
                    <string>50.000000</string>
                </dict>
                <key>Time Warp</key>
                <dict>
                    <key>visible</key>
                    <string>0</string>
                    <key>value</key>
                    <string>50.000000</string>
                </dict>
                <key>Velocity Drag</key>
                <dict>
                    <key>visible</key>
                    <string>0</string>
                    <key>value</key>
                    <string>0.800000</string>
                </dict>
                <key>Rotation Drag</key>
                <dict>
                    <key>visible</key>
                    <string>0</string>
                </dict>
                <key>Bounce Force</key>
                <dict>
                    <key>visible</key>
                    <string>0</string>
                    <key>value</key>
                    <string>{0.000,100.000}</string>
                </dict>
                <key>Bounce</key>
                <dict>
                    <key>visible</key>
                    <string>0</string>
                </dict>
                <key>Score Multiplier</key>
                <dict>
                    <key>visible</key>
                    <string>0</string>
                    <key>value</key>
                    <string>1.000000</string>
                </dict>
                <key>Air Drag</key>
                <dict>
                    <key>visible</key>
                    <string>0</string>
                    <key>value</key>
                    <string>{0.000,0.000}</string>
                </dict>
                <key>Platform Friction</key>
                <dict>
                    <key>visible</key>
                    <string>0</string>
                </dict>
                <key>Game Direction</key>
                <dict>
                    <key>visible</key>
                    <string>0</string>
                    <key>value</key>
                    <string>-90.000000</string>
                </dict>
                <key>Fixed Rotation</key>
                <dict>
                    <key>visible</key>
                    <string>0</string>
                    <key>value</key>
                    <string>1</string>
                </dict>
            </dict>
            <dict>
                <key>id</key>
                <string>7229</string>
                <key>className</key>
                <string>PTModelAssetPowerup</string>
                <key>Name</key>
                <dict>
                    <key>value</key>
                    <string>Speed Action</string>
                </dict>
                <key>Collision Shape</key>
                <dict>
                    <key>id</key>
                    <string>7230</string>
                    <key>className</key>
                    <string>PTModelPolygon</string>
                    <key>Name</key>
                    <dict>
                        <key>value</key>
                        <string></string>
                    </dict>
                    <key>points</key>
                    <array>
                        <string>{-50.000000,-44.000000}</string>
                        <string>{50.000000,-44.000000}</string>
                        <string>{50.000000,44.000000}</string>
                        <string>{-50.000000,44.000000}</string>
                    </array>
                    <key>oneWayCollisionVector</key>
                    <string>{0.000000,0.000000}</string>
                    <key>shapeType</key>
                    <string>1</string>
                </dict>
                <key>Powerup Type</key>
                <dict>
                    <key>selectedStringValue</key>
                    <string>kPowerupGameplay</string>
                </dict>
                <key>Animation Placement</key>
                <dict>
                    <key>selectedStringValue</key>
                    <string>kPowerupCharacterConstraint</string>
                </dict>
                <key>Animation Behaviour</key>
                <dict>
                    <key>selectedStringValue</key>
                    <string>kOverlayBehaviour</string>
                </dict>
                <key>Show coin reward</key>
                <dict>
                    <key>value</key>
                    <string>0</string>
                </dict>
                <key>Show points reward</key>
                <dict>
                    <key>value</key>
                    <string>0</string>
                </dict>
                <key>Duration</key>
                <dict>
                    <key>value</key>
                    <string>3.000000</string>
                </dict>
                <key>Max Speed</key>
                <dict>
                    <key>value</key>
                    <string>{45.000,0.000}</string>
                </dict>
                <key>Gravity</key>
                <dict>
                    <key>value</key>
                    <string>{0.000,0.000}</string>
                </dict>
                <key>Jump Force</key>
                <dict>
                    <key>value</key>
                    <string>{0.000,7.000}</string>
                </dict>
                <key>Jump Timeout</key>
                <dict>
                    <key>value</key>
                    <string>0.000000</string>
                </dict>
                <key>Right Lean Force</key>
                <dict>
                    <key>value</key>
                    <string>45.000000</string>
                </dict>
                <key>Left Lean Force</key>
                <dict>
                    <key>value</key>
                    <string>45.000000</string>
                </dict>
                <key>Game Speed Min</key>
                <dict>
                    <key>value</key>
                    <string>200.000000</string>
                </dict>
                <key>Game Speed Max</key>
                <dict>
                    <key>value</key>
                    <string>200.000000</string>
                </dict>
                <key>Friction</key>
                <dict>
                    <key>value</key>
                    <string>50.000000</string>
                </dict>
                <key>Time Warp</key>
                <dict>
                    <key>value</key>
                    <string>50.000000</string>
                </dict>
                <key>Velocity Drag</key>
                <dict>
                    <key>value</key>
                    <string>0.800000</string>
                </dict>
                <key>Bounce Force</key>
                <dict>
                    <key>value</key>
                    <string>{0.000,100.000}</string>
                </dict>
                <key>Score Multiplier</key>
                <dict>
                    <key>value</key>
                    <string>1.000000</string>
                </dict>
                <key>Air Drag</key>
                <dict>
                    <key>value</key>
                    <string>{0.000,0.000}</string>
                </dict>
                <key>Game Direction</key>
                <dict>
                    <key>value</key>
                    <string>-90.000000</string>
                </dict>
                <key>Fixed Rotation</key>
                <dict>
                    <key>value</key>
                    <string>1</string>
                </dict>
            </dict>
        </array>
    </dict>
</plist>
