<?xml version="1.0" encoding="UTF-8"?>
<!DOCTYPE plist PUBLIC "-//Apple//DTD PLIST 1.0//EN" "http://www.apple.com/DTDs/PropertyList-1.0.dtd"/>

<plist version="1.0">
    <dict>
        <key>ROOT</key>
        <array>
            <dict>
                <key>id</key>
                <string>339</string>
                <key>Image</key>
                <dict>
                    <key>value</key>
                    <string>1225</string>
                </dict>
                <key>Click Sound</key>
                <dict>
                    <key>value</key>
                    <string>2260</string>
                </dict>
            </dict>
            <dict>
                <key>id</key>
                <string>351</string>
                <key>Image</key>
                <dict>
                    <key>value</key>
                    <string>1638</string>
                </dict>
                <key>Click Sound</key>
                <dict>
                    <key>value</key>
                    <string>2262</string>
                </dict>
            </dict>
            <dict>
                <key>id</key>
                <string>352</string>
                <key>Image</key>
                <dict>
                    <key>value</key>
                    <string>1644</string>
                </dict>
                <key>Click Sound</key>
                <dict>
                    <key>value</key>
                    <string>2261</string>
                </dict>
            </dict>
            <dict>
                <key>id</key>
                <string>1242</string>
            </dict>
            <dict>
                <key>id</key>
                <string>1244</string>
                <key>Image</key>
                <dict>
                    <key>value</key>
                    <string>1245</string>
                </dict>
                <key>Click Sound</key>
                <dict>
                    <key>value</key>
                    <string>2261</string>
                </dict>
            </dict>
            <dict>
                <key>id</key>
                <string>1416</string>
            </dict>
            <dict>
                <key>id</key>
                <string>1418</string>
                <key>Click Sound</key>
                <dict>
                    <key>value</key>
                    <string>2262</string>
                </dict>
            </dict>
            <dict>
                <key>id</key>
                <string>1497</string>
            </dict>
            <dict>
                <key>id</key>
                <string>1499</string>
                <key>Image</key>
                <dict>
                    <key>value</key>
                    <string>1504</string>
                </dict>
                <key>Click Sound</key>
                <dict>
                    <key>value</key>
                    <string>2261</string>
                </dict>
            </dict>
            <dict>
                <key>id</key>
                <string>1531</string>
            </dict>
            <dict>
                <key>id</key>
                <string>1553</string>
                <key>Image</key>
                <dict>
                    <key>value</key>
                    <string>1504</string>
                </dict>
                <key>Click Sound</key>
                <dict>
                    <key>value</key>
                    <string>2261</string>
                </dict>
            </dict>
            <dict>
                <key>id</key>
                <string>1561</string>
            </dict>
            <dict>
                <key>id</key>
                <string>1563</string>
                <key>Image</key>
                <dict>
                    <key>value</key>
                    <string>1591</string>
                </dict>
                <key>Click Sound</key>
                <dict>
                    <key>value</key>
                    <string>2262</string>
                </dict>
            </dict>
            <dict>
                <key>id</key>
                <string>1571</string>
                <key>Image</key>
                <dict>
                    <key>value</key>
                    <string>1597</string>
                </dict>
                <key>Click Sound</key>
                <dict>
                    <key>value</key>
                    <string>2262</string>
                </dict>
            </dict>
            <dict>
                <key>id</key>
                <string>1608</string>
                <key>Image</key>
                <dict>
                    <key>value</key>
                    <string>1534</string>
                </dict>
                <key>Click Sound</key>
                <dict>
                    <key>value</key>
                    <string>2261</string>
                </dict>
            </dict>
            <dict>
                <key>id</key>
                <string>1672</string>
                <key>Image</key>
                <dict>
                    <key>value</key>
                    <string>1504</string>
                </dict>
                <key>Click Sound</key>
                <dict>
                    <key>value</key>
                    <string>2261</string>
                </dict>
            </dict>
            <dict>
                <key>id</key>
                <string>1833</string>
            </dict>
            <dict>
                <key>id</key>
                <string>1835</string>
                <key>Image</key>
                <dict>
                    <key>value</key>
                    <string>1829</string>
                </dict>
                <key>Click Sound</key>
                <dict>
                    <key>value</key>
                    <string>2261</string>
                </dict>
            </dict>
            <dict>
                <key>id</key>
                <string>1845</string>
                <key>Image</key>
                <dict>
                    <key>value</key>
                    <string>1887</string>
                </dict>
                <key>Click Sound</key>
                <dict>
                    <key>value</key>
                    <string>2262</string>
                </dict>
            </dict>
            <dict>
                <key>id</key>
                <string>1846</string>
                <key>Image</key>
                <dict>
                    <key>value</key>
                    <string>1644</string>
                </dict>
                <key>Click Sound</key>
                <dict>
                    <key>value</key>
                    <string>2261</string>
                </dict>
            </dict>
            <dict>
                <key>id</key>
                <string>1850</string>
                <key>Image</key>
                <dict>
                    <key>value</key>
                    <string>1638</string>
                </dict>
                <key>Click Sound</key>
                <dict>
                    <key>value</key>
                    <string>2261</string>
                </dict>
            </dict>
            <dict>
                <key>id</key>
                <string>1868</string>
                <key>Image</key>
                <dict>
                    <key>value</key>
                    <string>1829</string>
                </dict>
                <key>Click Sound</key>
                <dict>
                    <key>value</key>
                    <string>2261</string>
                </dict>
            </dict>
            <dict>
                <key>id</key>
                <string>1902</string>
                <key>Image</key>
                <dict>
                    <key>value</key>
                    <string>1941</string>
                </dict>
                <key>Click Sound</key>
                <dict>
                    <key>value</key>
                    <string>2262</string>
                </dict>
            </dict>
            <dict>
                <key>id</key>
                <string>1903</string>
                <key>Image</key>
                <dict>
                    <key>value</key>
                    <string>1644</string>
                </dict>
                <key>Click Sound</key>
                <dict>
                    <key>value</key>
                    <string>2261</string>
                </dict>
            </dict>
            <dict>
                <key>id</key>
                <string>1907</string>
                <key>Image</key>
                <dict>
                    <key>value</key>
                    <string>1638</string>
                </dict>
                <key>Click Sound</key>
                <dict>
                    <key>value</key>
                    <string>2261</string>
                </dict>
            </dict>
            <dict>
                <key>id</key>
                <string>1925</string>
                <key>Image</key>
                <dict>
                    <key>value</key>
                    <string>1829</string>
                </dict>
                <key>Click Sound</key>
                <dict>
                    <key>value</key>
                    <string>2261</string>
                </dict>
            </dict>
            <dict>
                <key>id</key>
                <string>1982</string>
                <key>Image</key>
                <dict>
                    <key>value</key>
                    <string>1504</string>
                </dict>
                <key>Click Sound</key>
                <dict>
                    <key>value</key>
                    <string>2261</string>
                </dict>
            </dict>
            <dict>
                <key>id</key>
                <string>1984</string>
                <key>Image</key>
                <dict>
                    <key>value</key>
                    <string>2054</string>
                </dict>
                <key>Click Sound</key>
                <dict>
                    <key>value</key>
                    <string>2262</string>
                </dict>
            </dict>
            <dict>
                <key>id</key>
                <string>1993</string>
                <key>Image</key>
                <dict>
                    <key>value</key>
                    <string>1829</string>
                </dict>
            </dict>
            <dict>
                <key>id</key>
                <string>1995</string>
                <key>Image</key>
                <dict>
                    <key>value</key>
                    <string>1829</string>
                </dict>
                <key>Click Sound</key>
                <dict>
                    <key>value</key>
                    <string>2261</string>
                </dict>
            </dict>
            <dict>
                <key>id</key>
                <string>1997</string>
                <key>Image</key>
                <dict>
                    <key>value</key>
                    <string>1829</string>
                </dict>
                <key>Click Sound</key>
                <dict>
                    <key>value</key>
                    <string>2261</string>
                </dict>
            </dict>
            <dict>
                <key>id</key>
                <string>2001</string>
                <key>Image</key>
                <dict>
                    <key>value</key>
                    <string>1829</string>
                </dict>
                <key>Click Sound</key>
                <dict>
                    <key>value</key>
                    <string>2261</string>
                </dict>
            </dict>
            <dict>
                <key>id</key>
                <string>2049</string>
                <key>Click Sound</key>
                <dict>
                    <key>value</key>
                    <string>2262</string>
                </dict>
            </dict>
            <dict>
                <key>id</key>
                <string>2051</string>
                <key>Click Sound</key>
                <dict>
                    <key>value</key>
                    <string>2262</string>
                </dict>
            </dict>
            <dict>
                <key>id</key>
                <string>2575</string>
                <key>Image</key>
                <dict>
                    <key>value</key>
                    <string>1534</string>
                </dict>
                <key>Click Sound</key>
                <dict>
                    <key>value</key>
                    <string>2261</string>
                </dict>
            </dict>
            <dict>
                <key>id</key>
                <string>8837</string>
                <key>Image</key>
                <dict>
                    <key>value</key>
                    <string>1504</string>
                </dict>
                <key>Click Sound</key>
                <dict>
                    <key>value</key>
                    <string>2261</string>
                </dict>
            </dict>
            <dict>
                <key>id</key>
                <string>8839</string>
                <key>Image</key>
                <dict>
                    <key>value</key>
                    <string>1591</string>
                </dict>
                <key>Click Sound</key>
                <dict>
                    <key>value</key>
                    <string>2262</string>
                </dict>
            </dict>
            <dict>
                <key>id</key>
                <string>8840</string>
                <key>Image</key>
                <dict>
                    <key>value</key>
                    <string>1597</string>
                </dict>
                <key>Click Sound</key>
                <dict>
                    <key>value</key>
                    <string>2262</string>
                </dict>
            </dict>
            <dict>
                <key>id</key>
                <string>8842</string>
                <key>Image</key>
                <dict>
                    <key>value</key>
                    <string>1829</string>
                </dict>
                <key>Click Sound</key>
                <dict>
                    <key>value</key>
                    <string>2261</string>
                </dict>
            </dict>
            <dict>
                <key>id</key>
                <string>8847</string>
                <key>Image</key>
                <dict>
                    <key>value</key>
                    <string>1504</string>
                </dict>
                <key>Click Sound</key>
                <dict>
                    <key>value</key>
                    <string>2261</string>
                </dict>
            </dict>
            <dict>
                <key>id</key>
                <string>8849</string>
                <key>Image</key>
                <dict>
                    <key>value</key>
                    <string>1591</string>
                </dict>
                <key>Click Sound</key>
                <dict>
                    <key>value</key>
                    <string>2262</string>
                </dict>
            </dict>
            <dict>
                <key>id</key>
                <string>8850</string>
                <key>Image</key>
                <dict>
                    <key>value</key>
                    <string>1597</string>
                </dict>
                <key>Click Sound</key>
                <dict>
                    <key>value</key>
                    <string>2262</string>
                </dict>
            </dict>
            <dict>
                <key>id</key>
                <string>8852</string>
                <key>Image</key>
                <dict>
                    <key>value</key>
                    <string>1829</string>
                </dict>
                <key>Click Sound</key>
                <dict>
                    <key>value</key>
                    <string>2261</string>
                </dict>
            </dict>
            <dict>
                <key>id</key>
                <string>8857</string>
                <key>Image</key>
                <dict>
                    <key>value</key>
                    <string>1504</string>
                </dict>
                <key>Click Sound</key>
                <dict>
                    <key>value</key>
                    <string>2261</string>
                </dict>
            </dict>
            <dict>
                <key>id</key>
                <string>8859</string>
                <key>Image</key>
                <dict>
                    <key>value</key>
                    <string>1591</string>
                </dict>
                <key>Click Sound</key>
                <dict>
                    <key>value</key>
                    <string>2262</string>
                </dict>
            </dict>
            <dict>
                <key>id</key>
                <string>8860</string>
                <key>Image</key>
                <dict>
                    <key>value</key>
                    <string>1597</string>
                </dict>
                <key>Click Sound</key>
                <dict>
                    <key>value</key>
                    <string>2262</string>
                </dict>
            </dict>
            <dict>
                <key>id</key>
                <string>8862</string>
                <key>Image</key>
                <dict>
                    <key>value</key>
                    <string>1829</string>
                </dict>
                <key>Click Sound</key>
                <dict>
                    <key>value</key>
                    <string>2261</string>
                </dict>
            </dict>
            <dict>
                <key>id</key>
                <string>9215</string>
                <key>Image</key>
                <dict>
                    <key>value</key>
                    <string>1534</string>
                </dict>
                <key>Click Sound</key>
                <dict>
                    <key>value</key>
                    <string>2261</string>
                </dict>
            </dict>
            <dict>
                <key>id</key>
                <string>9232</string>
                <key>Image</key>
                <dict>
                    <key>value</key>
                    <string>1534</string>
                </dict>
            </dict>
            <dict>
                <key>id</key>
                <string>9250</string>
                <key>Image</key>
                <dict>
                    <key>value</key>
                    <string>1534</string>
                </dict>
                <key>Click Sound</key>
                <dict>
                    <key>value</key>
                    <string>2261</string>
                </dict>
            </dict>
            <dict>
                <key>id</key>
                <string>9745</string>
                <key>Image</key>
                <dict>
                    <key>value</key>
                    <string>1638</string>
                </dict>
            </dict>
            <dict>
                <key>id</key>
                <string>9746</string>
                <key>Image</key>
                <dict>
                    <key>value</key>
                    <string>1644</string>
                </dict>
            </dict>
            <dict>
                <key>id</key>
                <string>9750</string>
                <key>Image</key>
                <dict>
                    <key>value</key>
                    <string>1504</string>
                </dict>
            </dict>
            <dict>
                <key>id</key>
                <string>9768</string>
                <key>Image</key>
                <dict>
                    <key>value</key>
                    <string>1829</string>
                </dict>
            </dict>
            <dict>
                <key>id</key>
                <string>9771</string>
                <key>Image</key>
                <dict>
                    <key>value</key>
                    <string>1638</string>
                </dict>
            </dict>
            <dict>
                <key>id</key>
                <string>9772</string>
                <key>Image</key>
                <dict>
                    <key>value</key>
                    <string>1644</string>
                </dict>
            </dict>
            <dict>
                <key>id</key>
                <string>9776</string>
                <key>Image</key>
                <dict>
                    <key>value</key>
                    <string>1504</string>
                </dict>
            </dict>
            <dict>
                <key>id</key>
                <string>9794</string>
                <key>Image</key>
                <dict>
                    <key>value</key>
                    <string>1829</string>
                </dict>
            </dict>
            <dict>
                <key>id</key>
                <string>9797</string>
                <key>Image</key>
                <dict>
                    <key>value</key>
                    <string>1941</string>
                </dict>
            </dict>
            <dict>
                <key>id</key>
                <string>9798</string>
                <key>Image</key>
                <dict>
                    <key>value</key>
                    <string>1644</string>
                </dict>
            </dict>
            <dict>
                <key>id</key>
                <string>9802</string>
                <key>Image</key>
                <dict>
                    <key>value</key>
                    <string>1638</string>
                </dict>
            </dict>
            <dict>
                <key>id</key>
                <string>9820</string>
                <key>Image</key>
                <dict>
                    <key>value</key>
                    <string>1829</string>
                </dict>
            </dict>
            <dict>
                <key>id</key>
                <string>9829</string>
                <key>Image</key>
                <dict>
                    <key>value</key>
                    <string>1887</string>
                </dict>
            </dict>
            <dict>
                <key>id</key>
                <string>9830</string>
                <key>Image</key>
                <dict>
                    <key>value</key>
                    <string>1644</string>
                </dict>
            </dict>
            <dict>
                <key>id</key>
                <string>9834</string>
                <key>Image</key>
                <dict>
                    <key>value</key>
                    <string>1638</string>
                </dict>
            </dict>
            <dict>
                <key>id</key>
                <string>9852</string>
                <key>Image</key>
                <dict>
                    <key>value</key>
                    <string>1829</string>
                </dict>
            </dict>
            <dict>
                <key>id</key>
                <string>11300</string>
                <key>Image</key>
                <dict>
                    <key>value</key>
                    <string>1534</string>
                </dict>
                <key>Click Sound</key>
                <dict>
                    <key>value</key>
                    <string>2261</string>
                </dict>
            </dict>
            <dict>
                <key>id</key>
                <string>11317</string>
                <key>Image</key>
                <dict>
                    <key>value</key>
                    <string>1534</string>
                </dict>
            </dict>
            <dict>
                <key>id</key>
                <string>11335</string>
                <key>Image</key>
                <dict>
                    <key>value</key>
                    <string>1534</string>
                </dict>
                <key>Click Sound</key>
                <dict>
                    <key>value</key>
                    <string>2261</string>
                </dict>
            </dict>
            <dict>
                <key>id</key>
                <string>11353</string>
                <key>Image</key>
                <dict>
                    <key>value</key>
                    <string>1534</string>
                </dict>
                <key>Click Sound</key>
                <dict>
                    <key>value</key>
                    <string>2261</string>
                </dict>
            </dict>
            <dict>
                <key>id</key>
                <string>11371</string>
                <key>Image</key>
                <dict>
                    <key>value</key>
                    <string>1534</string>
                </dict>
                <key>Click Sound</key>
                <dict>
                    <key>value</key>
                    <string>2261</string>
                </dict>
            </dict>
            <dict>
                <key>id</key>
                <string>11378</string>
                <key>Image</key>
                <dict>
                    <key>value</key>
                    <string>1638</string>
                </dict>
            </dict>
            <dict>
                <key>id</key>
                <string>11379</string>
                <key>Image</key>
                <dict>
                    <key>value</key>
                    <string>1644</string>
                </dict>
            </dict>
            <dict>
                <key>id</key>
                <string>11383</string>
                <key>Image</key>
                <dict>
                    <key>value</key>
                    <string>1504</string>
                </dict>
            </dict>
            <dict>
                <key>id</key>
                <string>11401</string>
                <key>Image</key>
                <dict>
                    <key>value</key>
                    <string>1829</string>
                </dict>
            </dict>
            <dict>
                <key>id</key>
                <string>11404</string>
                <key>Image</key>
                <dict>
                    <key>value</key>
                    <string>1638</string>
                </dict>
            </dict>
            <dict>
                <key>id</key>
                <string>11405</string>
                <key>Image</key>
                <dict>
                    <key>value</key>
                    <string>1644</string>
                </dict>
            </dict>
            <dict>
                <key>id</key>
                <string>11409</string>
                <key>Image</key>
                <dict>
                    <key>value</key>
                    <string>1504</string>
                </dict>
            </dict>
            <dict>
                <key>id</key>
                <string>11427</string>
                <key>Image</key>
                <dict>
                    <key>value</key>
                    <string>1829</string>
                </dict>
            </dict>
            <dict>
                <key>id</key>
                <string>11430</string>
                <key>Image</key>
                <dict>
                    <key>value</key>
                    <string>1887</string>
                </dict>
            </dict>
            <dict>
                <key>id</key>
                <string>11431</string>
                <key>Image</key>
                <dict>
                    <key>value</key>
                    <string>1644</string>
                </dict>
            </dict>
            <dict>
                <key>id</key>
                <string>11435</string>
                <key>Image</key>
                <dict>
                    <key>value</key>
                    <string>1638</string>
                </dict>
            </dict>
            <dict>
                <key>id</key>
                <string>11453</string>
                <key>Image</key>
                <dict>
                    <key>value</key>
                    <string>1829</string>
                </dict>
            </dict>
            <dict>
                <key>id</key>
                <string>11456</string>
                <key>Image</key>
                <dict>
                    <key>value</key>
                    <string>1887</string>
                </dict>
            </dict>
            <dict>
                <key>id</key>
                <string>11457</string>
                <key>Image</key>
                <dict>
                    <key>value</key>
                    <string>1644</string>
                </dict>
            </dict>
            <dict>
                <key>id</key>
                <string>11461</string>
                <key>Image</key>
                <dict>
                    <key>value</key>
                    <string>1638</string>
                </dict>
            </dict>
            <dict>
                <key>id</key>
                <string>11479</string>
                <key>Image</key>
                <dict>
                    <key>value</key>
                    <string>1829</string>
                </dict>
            </dict>
            <dict>
                <key>id</key>
                <string>11482</string>
                <key>Image</key>
                <dict>
                    <key>value</key>
                    <string>1941</string>
                </dict>
            </dict>
            <dict>
                <key>id</key>
                <string>11483</string>
                <key>Image</key>
                <dict>
                    <key>value</key>
                    <string>1644</string>
                </dict>
            </dict>
            <dict>
                <key>id</key>
                <string>11487</string>
                <key>Image</key>
                <dict>
                    <key>value</key>
                    <string>1638</string>
                </dict>
            </dict>
            <dict>
                <key>id</key>
                <string>11505</string>
                <key>Image</key>
                <dict>
                    <key>value</key>
                    <string>1829</string>
                </dict>
            </dict>
            <dict>
                <key>id</key>
                <string>11514</string>
                <key>Image</key>
                <dict>
                    <key>value</key>
                    <string>1941</string>
                </dict>
                <key>Click Sound</key>
                <dict>
                    <key>value</key>
                    <string>2262</string>
                </dict>
            </dict>
            <dict>
                <key>id</key>
                <string>11515</string>
                <key>Image</key>
                <dict>
                    <key>value</key>
                    <string>1644</string>
                </dict>
                <key>Click Sound</key>
                <dict>
                    <key>value</key>
                    <string>2261</string>
                </dict>
            </dict>
            <dict>
                <key>id</key>
                <string>11519</string>
                <key>Image</key>
                <dict>
                    <key>value</key>
                    <string>1638</string>
                </dict>
                <key>Click Sound</key>
                <dict>
                    <key>value</key>
                    <string>2261</string>
                </dict>
            </dict>
            <dict>
                <key>id</key>
                <string>11537</string>
                <key>Image</key>
                <dict>
                    <key>value</key>
                    <string>1829</string>
                </dict>
                <key>Click Sound</key>
                <dict>
                    <key>value</key>
                    <string>2261</string>
                </dict>
            </dict>
            <dict>
                <key>id</key>
                <string>11555</string>
                <key>Image</key>
                <dict>
                    <key>value</key>
                    <string>1887</string>
                </dict>
                <key>Click Sound</key>
                <dict>
                    <key>value</key>
                    <string>2262</string>
                </dict>
            </dict>
            <dict>
                <key>id</key>
                <string>11556</string>
                <key>Image</key>
                <dict>
                    <key>value</key>
                    <string>1644</string>
                </dict>
                <key>Click Sound</key>
                <dict>
                    <key>value</key>
                    <string>2261</string>
                </dict>
            </dict>
            <dict>
                <key>id</key>
                <string>11560</string>
                <key>Image</key>
                <dict>
                    <key>value</key>
                    <string>1638</string>
                </dict>
                <key>Click Sound</key>
                <dict>
                    <key>value</key>
                    <string>2261</string>
                </dict>
            </dict>
            <dict>
                <key>id</key>
                <string>11578</string>
                <key>Image</key>
                <dict>
                    <key>value</key>
                    <string>1829</string>
                </dict>
                <key>Click Sound</key>
                <dict>
                    <key>value</key>
                    <string>2261</string>
                </dict>
            </dict>
            <dict>
                <key>id</key>
                <string>11581</string>
                <key>Image</key>
                <dict>
                    <key>value</key>
                    <string>1887</string>
                </dict>
                <key>Click Sound</key>
                <dict>
                    <key>value</key>
                    <string>2262</string>
                </dict>
            </dict>
            <dict>
                <key>id</key>
                <string>11582</string>
                <key>Image</key>
                <dict>
                    <key>value</key>
                    <string>1644</string>
                </dict>
                <key>Click Sound</key>
                <dict>
                    <key>value</key>
                    <string>2261</string>
                </dict>
            </dict>
            <dict>
                <key>id</key>
                <string>11586</string>
                <key>Image</key>
                <dict>
                    <key>value</key>
                    <string>1638</string>
                </dict>
                <key>Click Sound</key>
                <dict>
                    <key>value</key>
                    <string>2261</string>
                </dict>
            </dict>
            <dict>
                <key>id</key>
                <string>11604</string>
                <key>Image</key>
                <dict>
                    <key>value</key>
                    <string>1829</string>
                </dict>
                <key>Click Sound</key>
                <dict>
                    <key>value</key>
                    <string>2261</string>
                </dict>
            </dict>
            <dict>
                <key>id</key>
                <string>11607</string>
                <key>Image</key>
                <dict>
                    <key>value</key>
                    <string>1887</string>
                </dict>
                <key>Click Sound</key>
                <dict>
                    <key>value</key>
                    <string>2262</string>
                </dict>
            </dict>
            <dict>
                <key>id</key>
                <string>11608</string>
                <key>Image</key>
                <dict>
                    <key>value</key>
                    <string>1644</string>
                </dict>
                <key>Click Sound</key>
                <dict>
                    <key>value</key>
                    <string>2261</string>
                </dict>
            </dict>
            <dict>
                <key>id</key>
                <string>11612</string>
                <key>Image</key>
                <dict>
                    <key>value</key>
                    <string>1638</string>
                </dict>
                <key>Click Sound</key>
                <dict>
                    <key>value</key>
                    <string>2261</string>
                </dict>
            </dict>
            <dict>
                <key>id</key>
                <string>11630</string>
                <key>Image</key>
                <dict>
                    <key>value</key>
                    <string>1829</string>
                </dict>
                <key>Click Sound</key>
                <dict>
                    <key>value</key>
                    <string>2261</string>
                </dict>
            </dict>
            <dict>
                <key>id</key>
                <string>11633</string>
                <key>Image</key>
                <dict>
                    <key>value</key>
                    <string>1638</string>
                </dict>
                <key>Click Sound</key>
                <dict>
                    <key>value</key>
                    <string>2262</string>
                </dict>
            </dict>
            <dict>
                <key>id</key>
                <string>11634</string>
                <key>Image</key>
                <dict>
                    <key>value</key>
                    <string>1644</string>
                </dict>
                <key>Click Sound</key>
                <dict>
                    <key>value</key>
                    <string>2261</string>
                </dict>
            </dict>
            <dict>
                <key>id</key>
                <string>11638</string>
                <key>Image</key>
                <dict>
                    <key>value</key>
                    <string>1504</string>
                </dict>
                <key>Click Sound</key>
                <dict>
                    <key>value</key>
                    <string>2261</string>
                </dict>
            </dict>
            <dict>
                <key>id</key>
                <string>11656</string>
                <key>Image</key>
                <dict>
                    <key>value</key>
                    <string>1829</string>
                </dict>
                <key>Click Sound</key>
                <dict>
                    <key>value</key>
                    <string>2261</string>
                </dict>
            </dict>
            <dict>
                <key>id</key>
                <string>11659</string>
                <key>Image</key>
                <dict>
                    <key>value</key>
                    <string>1638</string>
                </dict>
                <key>Click Sound</key>
                <dict>
                    <key>value</key>
                    <string>2262</string>
                </dict>
            </dict>
            <dict>
                <key>id</key>
                <string>11660</string>
                <key>Image</key>
                <dict>
                    <key>value</key>
                    <string>1644</string>
                </dict>
                <key>Click Sound</key>
                <dict>
                    <key>value</key>
                    <string>2261</string>
                </dict>
            </dict>
            <dict>
                <key>id</key>
                <string>11664</string>
                <key>Image</key>
                <dict>
                    <key>value</key>
                    <string>1504</string>
                </dict>
                <key>Click Sound</key>
                <dict>
                    <key>value</key>
                    <string>2261</string>
                </dict>
            </dict>
            <dict>
                <key>id</key>
                <string>11682</string>
                <key>Image</key>
                <dict>
                    <key>value</key>
                    <string>1829</string>
                </dict>
                <key>Click Sound</key>
                <dict>
                    <key>value</key>
                    <string>2261</string>
                </dict>
            </dict>
            <dict>
                <key>id</key>
                <string>11685</string>
                <key>Image</key>
                <dict>
                    <key>value</key>
                    <string>1638</string>
                </dict>
                <key>Click Sound</key>
                <dict>
                    <key>value</key>
                    <string>2262</string>
                </dict>
            </dict>
            <dict>
                <key>id</key>
                <string>11686</string>
                <key>Image</key>
                <dict>
                    <key>value</key>
                    <string>1644</string>
                </dict>
                <key>Click Sound</key>
                <dict>
                    <key>value</key>
                    <string>2261</string>
                </dict>
            </dict>
            <dict>
                <key>id</key>
                <string>11690</string>
                <key>Image</key>
                <dict>
                    <key>value</key>
                    <string>1504</string>
                </dict>
                <key>Click Sound</key>
                <dict>
                    <key>value</key>
                    <string>2261</string>
                </dict>
            </dict>
            <dict>
                <key>id</key>
                <string>11708</string>
                <key>Image</key>
                <dict>
                    <key>value</key>
                    <string>1829</string>
                </dict>
                <key>Click Sound</key>
                <dict>
                    <key>value</key>
                    <string>2261</string>
                </dict>
            </dict>
            <dict>
                <key>id</key>
                <string>11712</string>
                <key>Image</key>
                <dict>
                    <key>value</key>
                    <string>1887</string>
                </dict>
                <key>Click Sound</key>
                <dict>
                    <key>value</key>
                    <string>2262</string>
                </dict>
            </dict>
            <dict>
                <key>id</key>
                <string>11713</string>
                <key>Image</key>
                <dict>
                    <key>value</key>
                    <string>1644</string>
                </dict>
                <key>Click Sound</key>
                <dict>
                    <key>value</key>
                    <string>2261</string>
                </dict>
            </dict>
            <dict>
                <key>id</key>
                <string>11717</string>
                <key>Image</key>
                <dict>
                    <key>value</key>
                    <string>1638</string>
                </dict>
                <key>Click Sound</key>
                <dict>
                    <key>value</key>
                    <string>2261</string>
                </dict>
            </dict>
            <dict>
                <key>id</key>
                <string>11735</string>
                <key>Image</key>
                <dict>
                    <key>value</key>
                    <string>1829</string>
                </dict>
                <key>Click Sound</key>
                <dict>
                    <key>value</key>
                    <string>2261</string>
                </dict>
            </dict>
            <dict>
                <key>id</key>
                <string>11738</string>
                <key>Image</key>
                <dict>
                    <key>value</key>
                    <string>1887</string>
                </dict>
                <key>Click Sound</key>
                <dict>
                    <key>value</key>
                    <string>2262</string>
                </dict>
            </dict>
            <dict>
                <key>id</key>
                <string>11739</string>
                <key>Image</key>
                <dict>
                    <key>value</key>
                    <string>1644</string>
                </dict>
                <key>Click Sound</key>
                <dict>
                    <key>value</key>
                    <string>2261</string>
                </dict>
            </dict>
            <dict>
                <key>id</key>
                <string>11743</string>
                <key>Image</key>
                <dict>
                    <key>value</key>
                    <string>1638</string>
                </dict>
                <key>Click Sound</key>
                <dict>
                    <key>value</key>
                    <string>2261</string>
                </dict>
            </dict>
            <dict>
                <key>id</key>
                <string>11761</string>
                <key>Image</key>
                <dict>
                    <key>value</key>
                    <string>1829</string>
                </dict>
                <key>Click Sound</key>
                <dict>
                    <key>value</key>
                    <string>2261</string>
                </dict>
            </dict>
            <dict>
                <key>id</key>
                <string>11764</string>
                <key>Image</key>
                <dict>
                    <key>value</key>
                    <string>1887</string>
                </dict>
                <key>Click Sound</key>
                <dict>
                    <key>value</key>
                    <string>2262</string>
                </dict>
            </dict>
            <dict>
                <key>id</key>
                <string>11765</string>
                <key>Image</key>
                <dict>
                    <key>value</key>
                    <string>1644</string>
                </dict>
                <key>Click Sound</key>
                <dict>
                    <key>value</key>
                    <string>2261</string>
                </dict>
            </dict>
            <dict>
                <key>id</key>
                <string>11769</string>
                <key>Image</key>
                <dict>
                    <key>value</key>
                    <string>1638</string>
                </dict>
                <key>Click Sound</key>
                <dict>
                    <key>value</key>
                    <string>2261</string>
                </dict>
            </dict>
            <dict>
                <key>id</key>
                <string>11787</string>
                <key>Image</key>
                <dict>
                    <key>value</key>
                    <string>1829</string>
                </dict>
                <key>Click Sound</key>
                <dict>
                    <key>value</key>
                    <string>2261</string>
                </dict>
            </dict>
            <dict>
                <key>id</key>
                <string>11790</string>
                <key>Image</key>
                <dict>
                    <key>value</key>
                    <string>1638</string>
                </dict>
                <key>Click Sound</key>
                <dict>
                    <key>value</key>
                    <string>2262</string>
                </dict>
            </dict>
            <dict>
                <key>id</key>
                <string>11791</string>
                <key>Image</key>
                <dict>
                    <key>value</key>
                    <string>1644</string>
                </dict>
                <key>Click Sound</key>
                <dict>
                    <key>value</key>
                    <string>2261</string>
                </dict>
            </dict>
            <dict>
                <key>id</key>
                <string>11795</string>
                <key>Image</key>
                <dict>
                    <key>value</key>
                    <string>1504</string>
                </dict>
                <key>Click Sound</key>
                <dict>
                    <key>value</key>
                    <string>2261</string>
                </dict>
            </dict>
            <dict>
                <key>id</key>
                <string>11813</string>
                <key>Image</key>
                <dict>
                    <key>value</key>
                    <string>1829</string>
                </dict>
                <key>Click Sound</key>
                <dict>
                    <key>value</key>
                    <string>2261</string>
                </dict>
            </dict>
            <dict>
                <key>id</key>
                <string>11816</string>
                <key>Image</key>
                <dict>
                    <key>value</key>
                    <string>1638</string>
                </dict>
                <key>Click Sound</key>
                <dict>
                    <key>value</key>
                    <string>2262</string>
                </dict>
            </dict>
            <dict>
                <key>id</key>
                <string>11817</string>
                <key>Image</key>
                <dict>
                    <key>value</key>
                    <string>1644</string>
                </dict>
                <key>Click Sound</key>
                <dict>
                    <key>value</key>
                    <string>2261</string>
                </dict>
            </dict>
            <dict>
                <key>id</key>
                <string>11821</string>
                <key>Image</key>
                <dict>
                    <key>value</key>
                    <string>1504</string>
                </dict>
                <key>Click Sound</key>
                <dict>
                    <key>value</key>
                    <string>2261</string>
                </dict>
            </dict>
            <dict>
                <key>id</key>
                <string>11839</string>
                <key>Image</key>
                <dict>
                    <key>value</key>
                    <string>1829</string>
                </dict>
                <key>Click Sound</key>
                <dict>
                    <key>value</key>
                    <string>2261</string>
                </dict>
            </dict>
            <dict>
                <key>id</key>
                <string>11842</string>
                <key>Image</key>
                <dict>
                    <key>value</key>
                    <string>1638</string>
                </dict>
                <key>Click Sound</key>
                <dict>
                    <key>value</key>
                    <string>2262</string>
                </dict>
            </dict>
            <dict>
                <key>id</key>
                <string>11843</string>
                <key>Image</key>
                <dict>
                    <key>value</key>
                    <string>1644</string>
                </dict>
                <key>Click Sound</key>
                <dict>
                    <key>value</key>
                    <string>2261</string>
                </dict>
            </dict>
            <dict>
                <key>id</key>
                <string>11847</string>
                <key>Image</key>
                <dict>
                    <key>value</key>
                    <string>1504</string>
                </dict>
                <key>Click Sound</key>
                <dict>
                    <key>value</key>
                    <string>2261</string>
                </dict>
            </dict>
            <dict>
                <key>id</key>
                <string>11865</string>
                <key>Image</key>
                <dict>
                    <key>value</key>
                    <string>1829</string>
                </dict>
                <key>Click Sound</key>
                <dict>
                    <key>value</key>
                    <string>2261</string>
                </dict>
            </dict>
        </array>
    </dict>
</plist>
