<?xml version="1.0" encoding="UTF-8"?>
<!DOCTYPE plist PUBLIC "-//Apple//DTD PLIST 1.0//EN" "http://www.apple.com/DTDs/PropertyList-1.0.dtd"/>

<plist version="1.0">
    <dict>
        <key>ROOT</key>
        <array>
            <dict>
                <key>id</key>
                <string>100</string>
                <key>className</key>
                <string>PTModelScreenScene</string>
                <key>Name</key>
                <dict>
                    <key>visible</key>
                    <string>0</string>
                    <key>value</key>
                    <string>Untitled</string>
                </dict>
                <key>Ad Interstitial</key>
                <dict>
                    <key>selectedStringValue</key>
                    <string>kNoAds</string>
                </dict>
                <key>Ad Banner</key>
                <dict>
                    <key>selectedStringValue</key>
                    <string>kNoAds</string>
                </dict>
                <key>Background Scene</key>
                <dict>
                    <key>visible</key>
                    <string>0</string>
                    <key>selectedStringValue</key>
                    <string>kNoBackground</string>
                </dict>
                <key>Gravity</key>
                <dict>
                    <key>value</key>
                    <string>{0.000,0.000}</string>
                </dict>
                <key>Game Speed Min</key>
                <dict>
                    <key>visible</key>
                    <string>0</string>
                    <key>value</key>
                    <string>5.000000</string>
                </dict>
                <key>Game Speed Max</key>
                <dict>
                    <key>visible</key>
                    <string>0</string>
                    <key>value</key>
                    <string>5.000000</string>
                </dict>
                <key>Speed Increase</key>
                <dict>
                    <key>visible</key>
                    <string>0</string>
                </dict>
                <key>Friction</key>
                <dict>
                    <key>value</key>
                    <string>0.500000</string>
                </dict>
                <key>Velocity Drag</key>
                <dict>
                    <key>value</key>
                    <string>0.800000</string>
                </dict>
                <key>Game Direction</key>
                <dict>
                    <key>value</key>
                    <string>-90.000000</string>
                </dict>
                <key>Back Deletion Threshold</key>
                <dict>
                    <key>visible</key>
                    <string>0</string>
                    <key>value</key>
                    <string>1000.000000</string>
                </dict>
                <key>Sides Deletion Threshold</key>
                <dict>
                    <key>visible</key>
                    <string>0</string>
                    <key>value</key>
                    <string>700.000000</string>
                </dict>
                <key>key</key>
                <string>PTPScreenGameField</string>
                <key>openFrames</key>
                <string>40</string>
                <key>idleFrames</key>
                <string>40</string>
                <key>closeFrames</key>
                <string>0</string>
                <key>objectFrameEdgeState_0</key>
                <string>1</string>
                <key>objectFrameEdgeState_1</key>
                <string>1</string>
                <key>objectFrameEdgeState_2</key>
                <string>2</string>
                <key>objectFrameEdgeState_3</key>
                <string>1</string>
                <key>objectFrameRect</key>
                <string>{{0.1656,0.0000},{0.6704,0.6308}}</string>
            </dict>
            <dict>
                <key>id</key>
                <string>1573</string>
                <key>className</key>
                <string>PTModelScreenScene</string>
                <key>Name</key>
                <dict>
                    <key>visible</key>
                    <string>0</string>
                    <key>value</key>
                    <string>Untitled</string>
                </dict>
                <key>Ad Interstitial</key>
                <dict>
                    <key>selectedStringValue</key>
                    <string>kNoAds</string>
                </dict>
                <key>Ad Banner</key>
                <dict>
                    <key>selectedStringValue</key>
                    <string>kNoAds</string>
                </dict>
                <key>Background Scene</key>
                <dict>
                    <key>visible</key>
                    <string>0</string>
                    <key>selectedStringValue</key>
                    <string>kNoBackground</string>
                </dict>
                <key>Gravity</key>
                <dict>
                    <key>value</key>
                    <string>{0.000,0.000}</string>
                </dict>
                <key>Game Speed Min</key>
                <dict>
                    <key>visible</key>
                    <string>0</string>
                    <key>value</key>
                    <string>5.000000</string>
                </dict>
                <key>Game Speed Max</key>
                <dict>
                    <key>visible</key>
                    <string>0</string>
                    <key>value</key>
                    <string>5.000000</string>
                </dict>
                <key>Speed Increase</key>
                <dict>
                    <key>visible</key>
                    <string>0</string>
                </dict>
                <key>Friction</key>
                <dict>
                    <key>value</key>
                    <string>0.500000</string>
                </dict>
                <key>Velocity Drag</key>
                <dict>
                    <key>value</key>
                    <string>0.800000</string>
                </dict>
                <key>Game Direction</key>
                <dict>
                    <key>value</key>
                    <string>-90.000000</string>
                </dict>
                <key>Back Deletion Threshold</key>
                <dict>
                    <key>visible</key>
                    <string>0</string>
                    <key>value</key>
                    <string>1000.000000</string>
                </dict>
                <key>Sides Deletion Threshold</key>
                <dict>
                    <key>visible</key>
                    <string>0</string>
                    <key>value</key>
                    <string>700.000000</string>
                </dict>
                <key>key</key>
                <string>PTPScreenScene 1</string>
                <key>openFrames</key>
                <string>40</string>
                <key>idleFrames</key>
                <string>40</string>
                <key>closeFrames</key>
                <string>0</string>
                <key>objectFrameEdgeState_0</key>
                <string>0</string>
                <key>objectFrameEdgeState_1</key>
                <string>1</string>
                <key>objectFrameEdgeState_2</key>
                <string>2</string>
                <key>objectFrameEdgeState_3</key>
                <string>1</string>
                <key>objectFrameRect</key>
                <string>{{0.1656,0.0000},{0.6704,0.6308}}</string>
            </dict>
            <dict>
                <key>id</key>
                <string>3619</string>
                <key>className</key>
                <string>PTModelScreenScene</string>
                <key>Name</key>
                <dict>
                    <key>visible</key>
                    <string>0</string>
                    <key>value</key>
                    <string>Untitled</string>
                </dict>
                <key>Ad Interstitial</key>
                <dict>
                    <key>selectedStringValue</key>
                    <string>kNoAds</string>
                </dict>
                <key>Ad Banner</key>
                <dict>
                    <key>selectedStringValue</key>
                    <string>kNoAds</string>
                </dict>
                <key>Background Scene</key>
                <dict>
                    <key>visible</key>
                    <string>0</string>
                    <key>selectedStringValue</key>
                    <string>kNoBackground</string>
                </dict>
                <key>Gravity</key>
                <dict>
                    <key>value</key>
                    <string>{0.000,0.000}</string>
                </dict>
                <key>Game Speed Min</key>
                <dict>
                    <key>visible</key>
                    <string>0</string>
                    <key>value</key>
                    <string>5.000000</string>
                </dict>
                <key>Game Speed Max</key>
                <dict>
                    <key>visible</key>
                    <string>0</string>
                    <key>value</key>
                    <string>5.000000</string>
                </dict>
                <key>Speed Increase</key>
                <dict>
                    <key>visible</key>
                    <string>0</string>
                </dict>
                <key>Friction</key>
                <dict>
                    <key>value</key>
                    <string>0.500000</string>
                </dict>
                <key>Velocity Drag</key>
                <dict>
                    <key>value</key>
                    <string>0.800000</string>
                </dict>
                <key>Game Direction</key>
                <dict>
                    <key>value</key>
                    <string>-90.000000</string>
                </dict>
                <key>Back Deletion Threshold</key>
                <dict>
                    <key>visible</key>
                    <string>0</string>
                    <key>value</key>
                    <string>1000.000000</string>
                </dict>
                <key>Sides Deletion Threshold</key>
                <dict>
                    <key>visible</key>
                    <string>0</string>
                    <key>value</key>
                    <string>700.000000</string>
                </dict>
                <key>key</key>
                <string>PTPScreenScene 3</string>
                <key>openFrames</key>
                <string>40</string>
                <key>idleFrames</key>
                <string>40</string>
                <key>closeFrames</key>
                <string>0</string>
                <key>objectFrameEdgeState_0</key>
                <string>1</string>
                <key>objectFrameEdgeState_1</key>
                <string>1</string>
                <key>objectFrameEdgeState_2</key>
                <string>2</string>
                <key>objectFrameEdgeState_3</key>
                <string>1</string>
                <key>objectFrameRect</key>
                <string>{{0.1656,0.0000},{0.6704,0.6308}}</string>
            </dict>
            <dict>
                <key>id</key>
                <string>4358</string>
                <key>className</key>
                <string>PTModelScreenScene</string>
                <key>Name</key>
                <dict>
                    <key>visible</key>
                    <string>0</string>
                    <key>value</key>
                    <string>Untitled</string>
                </dict>
                <key>Ad Interstitial</key>
                <dict>
                    <key>selectedStringValue</key>
                    <string>kNoAds</string>
                </dict>
                <key>Ad Banner</key>
                <dict>
                    <key>selectedStringValue</key>
                    <string>kNoAds</string>
                </dict>
                <key>Background Scene</key>
                <dict>
                    <key>visible</key>
                    <string>0</string>
                    <key>selectedStringValue</key>
                    <string>kNoBackground</string>
                </dict>
                <key>Gravity</key>
                <dict>
                    <key>value</key>
                    <string>{0.000,0.000}</string>
                </dict>
                <key>Game Speed Min</key>
                <dict>
                    <key>visible</key>
                    <string>0</string>
                    <key>value</key>
                    <string>5.000000</string>
                </dict>
                <key>Game Speed Max</key>
                <dict>
                    <key>visible</key>
                    <string>0</string>
                    <key>value</key>
                    <string>5.000000</string>
                </dict>
                <key>Speed Increase</key>
                <dict>
                    <key>visible</key>
                    <string>0</string>
                </dict>
                <key>Friction</key>
                <dict>
                    <key>value</key>
                    <string>0.500000</string>
                </dict>
                <key>Velocity Drag</key>
                <dict>
                    <key>value</key>
                    <string>0.800000</string>
                </dict>
                <key>Game Direction</key>
                <dict>
                    <key>value</key>
                    <string>-90.000000</string>
                </dict>
                <key>Back Deletion Threshold</key>
                <dict>
                    <key>visible</key>
                    <string>0</string>
                    <key>value</key>
                    <string>1000.000000</string>
                </dict>
                <key>Sides Deletion Threshold</key>
                <dict>
                    <key>visible</key>
                    <string>0</string>
                    <key>value</key>
                    <string>700.000000</string>
                </dict>
                <key>key</key>
                <string>PTPScreenScene 2</string>
                <key>openFrames</key>
                <string>40</string>
                <key>idleFrames</key>
                <string>40</string>
                <key>closeFrames</key>
                <string>0</string>
                <key>objectFrameEdgeState_0</key>
                <string>1</string>
                <key>objectFrameEdgeState_1</key>
                <string>1</string>
                <key>objectFrameEdgeState_2</key>
                <string>2</string>
                <key>objectFrameEdgeState_3</key>
                <string>1</string>
                <key>objectFrameRect</key>
                <string>{{0.1656,0.0000},{0.6704,0.6308}}</string>
            </dict>
            <dict>
                <key>id</key>
                <string>5708</string>
                <key>className</key>
                <string>PTModelScreenScene</string>
                <key>Name</key>
                <dict>
                    <key>visible</key>
                    <string>0</string>
                    <key>value</key>
                    <string>Untitled</string>
                </dict>
                <key>Ad Interstitial</key>
                <dict>
                    <key>selectedStringValue</key>
                    <string>kNoAds</string>
                </dict>
                <key>Ad Banner</key>
                <dict>
                    <key>selectedStringValue</key>
                    <string>kNoAds</string>
                </dict>
                <key>Background Scene</key>
                <dict>
                    <key>visible</key>
                    <string>0</string>
                    <key>selectedStringValue</key>
                    <string>kNoBackground</string>
                </dict>
                <key>Gravity</key>
                <dict>
                    <key>value</key>
                    <string>{0.000,0.000}</string>
                </dict>
                <key>Game Speed Min</key>
                <dict>
                    <key>visible</key>
                    <string>0</string>
                    <key>value</key>
                    <string>5.000000</string>
                </dict>
                <key>Game Speed Max</key>
                <dict>
                    <key>visible</key>
                    <string>0</string>
                    <key>value</key>
                    <string>5.000000</string>
                </dict>
                <key>Speed Increase</key>
                <dict>
                    <key>visible</key>
                    <string>0</string>
                </dict>
                <key>Friction</key>
                <dict>
                    <key>value</key>
                    <string>0.500000</string>
                </dict>
                <key>Velocity Drag</key>
                <dict>
                    <key>value</key>
                    <string>0.800000</string>
                </dict>
                <key>Game Direction</key>
                <dict>
                    <key>value</key>
                    <string>-90.000000</string>
                </dict>
                <key>Back Deletion Threshold</key>
                <dict>
                    <key>visible</key>
                    <string>0</string>
                    <key>value</key>
                    <string>1000.000000</string>
                </dict>
                <key>Sides Deletion Threshold</key>
                <dict>
                    <key>visible</key>
                    <string>0</string>
                    <key>value</key>
                    <string>700.000000</string>
                </dict>
                <key>key</key>
                <string>PTPScreenScene 4</string>
                <key>openFrames</key>
                <string>40</string>
                <key>idleFrames</key>
                <string>40</string>
                <key>closeFrames</key>
                <string>0</string>
                <key>objectFrameEdgeState_0</key>
                <string>1</string>
                <key>objectFrameEdgeState_1</key>
                <string>1</string>
                <key>objectFrameEdgeState_2</key>
                <string>2</string>
                <key>objectFrameEdgeState_3</key>
                <string>1</string>
                <key>objectFrameRect</key>
                <string>{{0.1656,0.0000},{0.6704,0.6308}}</string>
            </dict>
            <dict>
                <key>id</key>
                <string>8010</string>
                <key>className</key>
                <string>PTModelScreenScene</string>
                <key>Name</key>
                <dict>
                    <key>visible</key>
                    <string>0</string>
                    <key>value</key>
                    <string>Untitled</string>
                </dict>
                <key>Ad Interstitial</key>
                <dict>
                    <key>selectedStringValue</key>
                    <string>kNoAds</string>
                </dict>
                <key>Ad Banner</key>
                <dict>
                    <key>selectedStringValue</key>
                    <string>kNoAds</string>
                </dict>
                <key>Background Scene</key>
                <dict>
                    <key>visible</key>
                    <string>0</string>
                    <key>selectedStringValue</key>
                    <string>kNoBackground</string>
                </dict>
                <key>Gravity</key>
                <dict>
                    <key>value</key>
                    <string>{0.000,0.000}</string>
                </dict>
                <key>Game Speed Min</key>
                <dict>
                    <key>visible</key>
                    <string>0</string>
                    <key>value</key>
                    <string>5.000000</string>
                </dict>
                <key>Game Speed Max</key>
                <dict>
                    <key>visible</key>
                    <string>0</string>
                    <key>value</key>
                    <string>5.000000</string>
                </dict>
                <key>Speed Increase</key>
                <dict>
                    <key>visible</key>
                    <string>0</string>
                </dict>
                <key>Friction</key>
                <dict>
                    <key>value</key>
                    <string>0.500000</string>
                </dict>
                <key>Velocity Drag</key>
                <dict>
                    <key>value</key>
                    <string>0.800000</string>
                </dict>
                <key>Game Direction</key>
                <dict>
                    <key>value</key>
                    <string>-90.000000</string>
                </dict>
                <key>Back Deletion Threshold</key>
                <dict>
                    <key>visible</key>
                    <string>0</string>
                    <key>value</key>
                    <string>1000.000000</string>
                </dict>
                <key>Sides Deletion Threshold</key>
                <dict>
                    <key>visible</key>
                    <string>0</string>
                    <key>value</key>
                    <string>700.000000</string>
                </dict>
                <key>key</key>
                <string>PTPScreenScene 5</string>
                <key>openFrames</key>
                <string>40</string>
                <key>idleFrames</key>
                <string>40</string>
                <key>closeFrames</key>
                <string>0</string>
                <key>objectFrameEdgeState_0</key>
                <string>1</string>
                <key>objectFrameEdgeState_1</key>
                <string>1</string>
                <key>objectFrameEdgeState_2</key>
                <string>2</string>
                <key>objectFrameEdgeState_3</key>
                <string>1</string>
                <key>objectFrameRect</key>
                <string>{{0.1656,0.0000},{0.6704,0.6308}}</string>
            </dict>
            <dict>
                <key>id</key>
                <string>8864</string>
                <key>className</key>
                <string>PTModelScreenScene</string>
                <key>Name</key>
                <dict>
                    <key>visible</key>
                    <string>0</string>
                    <key>value</key>
                    <string>Untitled</string>
                </dict>
                <key>Ad Interstitial</key>
                <dict>
                    <key>selectedStringValue</key>
                    <string>kNoAds</string>
                </dict>
                <key>Ad Banner</key>
                <dict>
                    <key>selectedStringValue</key>
                    <string>kNoAds</string>
                </dict>
                <key>Background Scene</key>
                <dict>
                    <key>visible</key>
                    <string>0</string>
                    <key>selectedStringValue</key>
                    <string>kNoBackground</string>
                </dict>
                <key>Gravity</key>
                <dict>
                    <key>value</key>
                    <string>{0.000,0.000}</string>
                </dict>
                <key>Game Speed Min</key>
                <dict>
                    <key>visible</key>
                    <string>0</string>
                    <key>value</key>
                    <string>5.000000</string>
                </dict>
                <key>Game Speed Max</key>
                <dict>
                    <key>visible</key>
                    <string>0</string>
                    <key>value</key>
                    <string>5.000000</string>
                </dict>
                <key>Speed Increase</key>
                <dict>
                    <key>visible</key>
                    <string>0</string>
                </dict>
                <key>Friction</key>
                <dict>
                    <key>value</key>
                    <string>0.500000</string>
                </dict>
                <key>Velocity Drag</key>
                <dict>
                    <key>value</key>
                    <string>0.800000</string>
                </dict>
                <key>Game Direction</key>
                <dict>
                    <key>value</key>
                    <string>-90.000000</string>
                </dict>
                <key>Back Deletion Threshold</key>
                <dict>
                    <key>visible</key>
                    <string>0</string>
                    <key>value</key>
                    <string>1000.000000</string>
                </dict>
                <key>Sides Deletion Threshold</key>
                <dict>
                    <key>visible</key>
                    <string>0</string>
                    <key>value</key>
                    <string>700.000000</string>
                </dict>
                <key>key</key>
                <string>PTPScreenScene 6</string>
                <key>openFrames</key>
                <string>40</string>
                <key>idleFrames</key>
                <string>40</string>
                <key>closeFrames</key>
                <string>0</string>
                <key>objectFrameEdgeState_0</key>
                <string>1</string>
                <key>objectFrameEdgeState_1</key>
                <string>1</string>
                <key>objectFrameEdgeState_2</key>
                <string>2</string>
                <key>objectFrameEdgeState_3</key>
                <string>1</string>
                <key>objectFrameRect</key>
                <string>{{0.1656,0.0000},{0.6704,0.6308}}</string>
            </dict>
            <dict>
                <key>id</key>
                <string>9256</string>
                <key>className</key>
                <string>PTModelScreenScene</string>
                <key>Name</key>
                <dict>
                    <key>visible</key>
                    <string>0</string>
                    <key>value</key>
                    <string>Untitled</string>
                </dict>
                <key>Ad Interstitial</key>
                <dict>
                    <key>selectedStringValue</key>
                    <string>kNoAds</string>
                </dict>
                <key>Ad Banner</key>
                <dict>
                    <key>selectedStringValue</key>
                    <string>kNoAds</string>
                </dict>
                <key>Background Scene</key>
                <dict>
                    <key>visible</key>
                    <string>0</string>
                    <key>selectedStringValue</key>
                    <string>kNoBackground</string>
                </dict>
                <key>Gravity</key>
                <dict>
                    <key>value</key>
                    <string>{0.000,0.000}</string>
                </dict>
                <key>Game Speed Min</key>
                <dict>
                    <key>visible</key>
                    <string>0</string>
                    <key>value</key>
                    <string>5.000000</string>
                </dict>
                <key>Game Speed Max</key>
                <dict>
                    <key>visible</key>
                    <string>0</string>
                    <key>value</key>
                    <string>5.000000</string>
                </dict>
                <key>Speed Increase</key>
                <dict>
                    <key>visible</key>
                    <string>0</string>
                </dict>
                <key>Friction</key>
                <dict>
                    <key>value</key>
                    <string>0.500000</string>
                </dict>
                <key>Velocity Drag</key>
                <dict>
                    <key>value</key>
                    <string>0.800000</string>
                </dict>
                <key>Game Direction</key>
                <dict>
                    <key>value</key>
                    <string>-90.000000</string>
                </dict>
                <key>Back Deletion Threshold</key>
                <dict>
                    <key>visible</key>
                    <string>0</string>
                    <key>value</key>
                    <string>1000.000000</string>
                </dict>
                <key>Sides Deletion Threshold</key>
                <dict>
                    <key>visible</key>
                    <string>0</string>
                    <key>value</key>
                    <string>700.000000</string>
                </dict>
                <key>key</key>
                <string>PTPScreenScene 7</string>
                <key>openFrames</key>
                <string>40</string>
                <key>idleFrames</key>
                <string>40</string>
                <key>closeFrames</key>
                <string>0</string>
                <key>objectFrameEdgeState_0</key>
                <string>1</string>
                <key>objectFrameEdgeState_1</key>
                <string>1</string>
                <key>objectFrameEdgeState_2</key>
                <string>2</string>
                <key>objectFrameEdgeState_3</key>
                <string>1</string>
                <key>objectFrameRect</key>
                <string>{{0.1656,0.0000},{0.6704,0.6308}}</string>
            </dict>
            <dict>
                <key>id</key>
                <string>9854</string>
                <key>className</key>
                <string>PTModelScreenScene</string>
                <key>Name</key>
                <dict>
                    <key>visible</key>
                    <string>0</string>
                    <key>value</key>
                    <string>Untitled</string>
                </dict>
                <key>Ad Interstitial</key>
                <dict>
                    <key>selectedStringValue</key>
                    <string>kNoAds</string>
                </dict>
                <key>Ad Banner</key>
                <dict>
                    <key>selectedStringValue</key>
                    <string>kNoAds</string>
                </dict>
                <key>Background Scene</key>
                <dict>
                    <key>visible</key>
                    <string>0</string>
                    <key>selectedStringValue</key>
                    <string>kNoBackground</string>
                </dict>
                <key>Gravity</key>
                <dict>
                    <key>value</key>
                    <string>{0.000,0.000}</string>
                </dict>
                <key>Game Speed Min</key>
                <dict>
                    <key>visible</key>
                    <string>0</string>
                    <key>value</key>
                    <string>5.000000</string>
                </dict>
                <key>Game Speed Max</key>
                <dict>
                    <key>visible</key>
                    <string>0</string>
                    <key>value</key>
                    <string>5.000000</string>
                </dict>
                <key>Speed Increase</key>
                <dict>
                    <key>visible</key>
                    <string>0</string>
                </dict>
                <key>Friction</key>
                <dict>
                    <key>value</key>
                    <string>0.500000</string>
                </dict>
                <key>Velocity Drag</key>
                <dict>
                    <key>value</key>
                    <string>0.800000</string>
                </dict>
                <key>Game Direction</key>
                <dict>
                    <key>value</key>
                    <string>-90.000000</string>
                </dict>
                <key>Back Deletion Threshold</key>
                <dict>
                    <key>visible</key>
                    <string>0</string>
                    <key>value</key>
                    <string>1000.000000</string>
                </dict>
                <key>Sides Deletion Threshold</key>
                <dict>
                    <key>visible</key>
                    <string>0</string>
                    <key>value</key>
                    <string>700.000000</string>
                </dict>
                <key>key</key>
                <string>PTPScreenScene 8</string>
                <key>openFrames</key>
                <string>40</string>
                <key>idleFrames</key>
                <string>40</string>
                <key>closeFrames</key>
                <string>0</string>
                <key>objectFrameEdgeState_0</key>
                <string>1</string>
                <key>objectFrameEdgeState_1</key>
                <string>1</string>
                <key>objectFrameEdgeState_2</key>
                <string>2</string>
                <key>objectFrameEdgeState_3</key>
                <string>1</string>
                <key>objectFrameRect</key>
                <string>{{0.1656,0.0000},{0.6704,0.6308}}</string>
            </dict>
            <dict>
                <key>id</key>
                <string>10571</string>
                <key>className</key>
                <string>PTModelScreenScene</string>
                <key>Name</key>
                <dict>
                    <key>visible</key>
                    <string>0</string>
                    <key>value</key>
                    <string>Untitled</string>
                </dict>
                <key>Ad Interstitial</key>
                <dict>
                    <key>selectedStringValue</key>
                    <string>kNoAds</string>
                </dict>
                <key>Ad Banner</key>
                <dict>
                    <key>selectedStringValue</key>
                    <string>kNoAds</string>
                </dict>
                <key>Background Scene</key>
                <dict>
                    <key>visible</key>
                    <string>0</string>
                    <key>selectedStringValue</key>
                    <string>kNoBackground</string>
                </dict>
                <key>Gravity</key>
                <dict>
                    <key>value</key>
                    <string>{0.000,0.000}</string>
                </dict>
                <key>Game Speed Min</key>
                <dict>
                    <key>visible</key>
                    <string>0</string>
                    <key>value</key>
                    <string>5.000000</string>
                </dict>
                <key>Game Speed Max</key>
                <dict>
                    <key>visible</key>
                    <string>0</string>
                    <key>value</key>
                    <string>5.000000</string>
                </dict>
                <key>Speed Increase</key>
                <dict>
                    <key>visible</key>
                    <string>0</string>
                </dict>
                <key>Friction</key>
                <dict>
                    <key>value</key>
                    <string>0.500000</string>
                </dict>
                <key>Velocity Drag</key>
                <dict>
                    <key>value</key>
                    <string>0.800000</string>
                </dict>
                <key>Game Direction</key>
                <dict>
                    <key>value</key>
                    <string>-90.000000</string>
                </dict>
                <key>Back Deletion Threshold</key>
                <dict>
                    <key>visible</key>
                    <string>0</string>
                    <key>value</key>
                    <string>1000.000000</string>
                </dict>
                <key>Sides Deletion Threshold</key>
                <dict>
                    <key>visible</key>
                    <string>0</string>
                    <key>value</key>
                    <string>700.000000</string>
                </dict>
                <key>key</key>
                <string>PTPScreenScene 9</string>
                <key>openFrames</key>
                <string>40</string>
                <key>idleFrames</key>
                <string>40</string>
                <key>closeFrames</key>
                <string>0</string>
                <key>objectFrameEdgeState_0</key>
                <string>1</string>
                <key>objectFrameEdgeState_1</key>
                <string>1</string>
                <key>objectFrameEdgeState_2</key>
                <string>2</string>
                <key>objectFrameEdgeState_3</key>
                <string>1</string>
                <key>objectFrameRect</key>
                <string>{{0.1656,0.0000},{0.6704,0.6308}}</string>
            </dict>
        </array>
    </dict>
</plist>
