<?xml version="1.0" encoding="UTF-8"?>
<!DOCTYPE plist PUBLIC "-//Apple//DTD PLIST 1.0//EN" "http://www.apple.com/DTDs/PropertyList-1.0.dtd"/>

<plist version="1.0">
    <dict>
        <key>ROOT</key>
        <array>
            <dict>
                <key>id</key>
                <string>4298</string>
            </dict>
            <dict>
                <key>id</key>
                <string>4302</string>
            </dict>
            <dict>
                <key>id</key>
                <string>4332</string>
            </dict>
            <dict>
                <key>id</key>
                <string>4336</string>
            </dict>
            <dict>
                <key>id</key>
                <string>4501</string>
            </dict>
            <dict>
                <key>id</key>
                <string>4503</string>
            </dict>
            <dict>
                <key>id</key>
                <string>4661</string>
            </dict>
            <dict>
                <key>id</key>
                <string>4663</string>
            </dict>
            <dict>
                <key>id</key>
                <string>5361</string>
            </dict>
            <dict>
                <key>id</key>
                <string>5363</string>
            </dict>
            <dict>
                <key>id</key>
                <string>5593</string>
            </dict>
            <dict>
                <key>id</key>
                <string>5595</string>
            </dict>
            <dict>
                <key>id</key>
                <string>5666</string>
            </dict>
            <dict>
                <key>id</key>
                <string>5670</string>
            </dict>
            <dict>
                <key>id</key>
                <string>5690</string>
            </dict>
            <dict>
                <key>id</key>
                <string>5694</string>
            </dict>
            <dict>
                <key>id</key>
                <string>5698</string>
            </dict>
            <dict>
                <key>id</key>
                <string>5705</string>
            </dict>
            <dict>
                <key>id</key>
                <string>5733</string>
            </dict>
            <dict>
                <key>id</key>
                <string>5735</string>
            </dict>
            <dict>
                <key>id</key>
                <string>5743</string>
            </dict>
            <dict>
                <key>id</key>
                <string>5745</string>
            </dict>
            <dict>
                <key>id</key>
                <string>5754</string>
            </dict>
            <dict>
                <key>id</key>
                <string>5757</string>
            </dict>
            <dict>
                <key>id</key>
                <string>5950</string>
            </dict>
            <dict>
                <key>id</key>
                <string>5952</string>
            </dict>
            <dict>
                <key>id</key>
                <string>6182</string>
            </dict>
            <dict>
                <key>id</key>
                <string>6184</string>
            </dict>
            <dict>
                <key>id</key>
                <string>8032</string>
            </dict>
            <dict>
                <key>id</key>
                <string>8034</string>
            </dict>
            <dict>
                <key>id</key>
                <string>8042</string>
            </dict>
            <dict>
                <key>id</key>
                <string>8044</string>
            </dict>
            <dict>
                <key>id</key>
                <string>8061</string>
            </dict>
            <dict>
                <key>id</key>
                <string>8064</string>
            </dict>
            <dict>
                <key>id</key>
                <string>8288</string>
            </dict>
            <dict>
                <key>id</key>
                <string>8290</string>
            </dict>
            <dict>
                <key>id</key>
                <string>8663</string>
            </dict>
            <dict>
                <key>id</key>
                <string>8665</string>
            </dict>
            <dict>
                <key>id</key>
                <string>9004</string>
            </dict>
            <dict>
                <key>id</key>
                <string>9006</string>
            </dict>
            <dict>
                <key>id</key>
                <string>9164</string>
            </dict>
            <dict>
                <key>id</key>
                <string>9166</string>
            </dict>
            <dict>
                <key>id</key>
                <string>9276</string>
            </dict>
            <dict>
                <key>id</key>
                <string>9278</string>
            </dict>
            <dict>
                <key>id</key>
                <string>9286</string>
            </dict>
            <dict>
                <key>id</key>
                <string>9288</string>
            </dict>
            <dict>
                <key>id</key>
                <string>9297</string>
            </dict>
            <dict>
                <key>id</key>
                <string>9300</string>
            </dict>
            <dict>
                <key>id</key>
                <string>9449</string>
            </dict>
            <dict>
                <key>id</key>
                <string>9451</string>
            </dict>
            <dict>
                <key>id</key>
                <string>9681</string>
            </dict>
            <dict>
                <key>id</key>
                <string>9683</string>
            </dict>
            <dict>
                <key>id</key>
                <string>9876</string>
            </dict>
            <dict>
                <key>id</key>
                <string>9878</string>
            </dict>
            <dict>
                <key>id</key>
                <string>9886</string>
            </dict>
            <dict>
                <key>id</key>
                <string>9888</string>
            </dict>
            <dict>
                <key>id</key>
                <string>9905</string>
            </dict>
            <dict>
                <key>id</key>
                <string>9908</string>
            </dict>
            <dict>
                <key>id</key>
                <string>10132</string>
            </dict>
            <dict>
                <key>id</key>
                <string>10134</string>
            </dict>
            <dict>
                <key>id</key>
                <string>10507</string>
            </dict>
            <dict>
                <key>id</key>
                <string>10509</string>
            </dict>
            <dict>
                <key>id</key>
                <string>10593</string>
            </dict>
            <dict>
                <key>id</key>
                <string>10595</string>
            </dict>
            <dict>
                <key>id</key>
                <string>10603</string>
            </dict>
            <dict>
                <key>id</key>
                <string>10605</string>
            </dict>
            <dict>
                <key>id</key>
                <string>10622</string>
            </dict>
            <dict>
                <key>id</key>
                <string>10625</string>
            </dict>
            <dict>
                <key>id</key>
                <string>10849</string>
            </dict>
            <dict>
                <key>id</key>
                <string>10851</string>
            </dict>
            <dict>
                <key>id</key>
                <string>11224</string>
            </dict>
            <dict>
                <key>id</key>
                <string>11226</string>
            </dict>
        </array>
    </dict>
</plist>
