<?xml version="1.0" encoding="UTF-8"?>
<!DOCTYPE plist PUBLIC "-//Apple//DTD PLIST 1.0//EN" "http://www.apple.com/DTDs/PropertyList-1.0.dtd"/>

<plist version="1.0">
    <dict>
        <key>ROOT</key>
        <array>
            <dict>
                <key>id</key>
                <string>2254</string>
            </dict>
            <dict>
                <key>id</key>
                <string>2255</string>
            </dict>
            <dict>
                <key>id</key>
                <string>2256</string>
            </dict>
            <dict>
                <key>id</key>
                <string>2259</string>
            </dict>
            <dict>
                <key>id</key>
                <string>2260</string>
            </dict>
            <dict>
                <key>id</key>
                <string>2261</string>
            </dict>
            <dict>
                <key>id</key>
                <string>2262</string>
            </dict>
            <dict>
                <key>id</key>
                <string>2264</string>
            </dict>
            <dict>
                <key>id</key>
                <string>2265</string>
            </dict>
            <dict>
                <key>id</key>
                <string>2266</string>
            </dict>
            <dict>
                <key>id</key>
                <string>2267</string>
            </dict>
            <dict>
                <key>id</key>
                <string>2273</string>
            </dict>
            <dict>
                <key>id</key>
                <string>2293</string>
            </dict>
            <dict>
                <key>id</key>
                <string>2422</string>
            </dict>
            <dict>
                <key>id</key>
                <string>2433</string>
            </dict>
        </array>
    </dict>
</plist>
