<?xml version="1.0" encoding="UTF-8"?>
<!DOCTYPE plist PUBLIC "-//Apple//DTD PLIST 1.0//EN" "http://www.apple.com/DTDs/PropertyList-1.0.dtd"/>

<plist version="1.0">
    <dict>
        <key>ROOT</key>
        <array>
            <dict>
                <key>id</key>
                <string>2</string>
            </dict>
            <dict>
                <key>id</key>
                <string>545</string>
            </dict>
            <dict>
                <key>id</key>
                <string>880</string>
            </dict>
            <dict>
                <key>id</key>
                <string>1050</string>
            </dict>
            <dict>
                <key>id</key>
                <string>1686</string>
            </dict>
            <dict>
                <key>id</key>
                <string>7322</string>
            </dict>
        </array>
    </dict>
</plist>
