<?xml version="1.0" encoding="UTF-8"?>
<!DOCTYPE plist PUBLIC "-//Apple//DTD PLIST 1.0//EN" "http://www.apple.com/DTDs/PropertyList-1.0.dtd"/>

<plist version="1.0">
    <dict>
        <key>ROOT</key>
        <array>
            <dict>
                <key>id</key>
                <string>1406</string>
                <key>className</key>
                <string>PTModelObjectButtonCharacterUnlock</string>
                <key>Name</key>
                <dict>
                    <key>value</key>
                    <string>SPORT CAR</string>
                </dict>
                <key>Position</key>
                <dict>
                    <key>value</key>
                    <string>{320.000,700.000}</string>
                    <key>animationsX</key>
                    <array/>
                    <key>animationsY</key>
                    <array/>
                </dict>
                <key>Rotation</key>
                <dict>
                    <key>animations</key>
                    <array/>
                </dict>
                <key>Scale</key>
                <dict>
                    <key>value</key>
                    <string>{0.700,0.700}</string>
                    <key>animationsX</key>
                    <array/>
                    <key>animationsY</key>
                    <array/>
                </dict>
                <key>Hidden</key>
                <dict>
                    <key>visible</key>
                    <string>0</string>
                </dict>
                <key>Locked</key>
                <dict>
                    <key>visible</key>
                    <string>0</string>
                </dict>
                <key>Opacity</key>
                <dict>
                    <key>animations</key>
                    <array>
                        <dict>
                            <key>state</key>
                            <string>0</string>
                            <key>animation</key>
                            <dict>
                                <key>points</key>
                                <array>
                                    <string>{0.000,-1.000}</string>
                                    <string>{-1.000,-1.000}</string>
                                    <string>{0.667,-1.000}</string>
                                    <string>{-1.250,-0.750}</string>
                                    <string>{1.000,0.000}</string>
                                    <string>{0.000,0.000}</string>
                                </array>
                                <key>preset</key>
                                <string>4</string>
                            </dict>
                        </dict>
                        <dict>
                            <key>state</key>
                            <string>1</string>
                            <key>animation</key>
                            <dict>
                                <key>points</key>
                                <array>
                                    <string>{0.000,0.000}</string>
                                    <string>{0.000,0.000}</string>
                                </array>
                                <key>preset</key>
                                <string>4</string>
                            </dict>
                        </dict>
                    </array>
                </dict>
                <key>Image</key>
                <dict>
                    <key>visible</key>
                    <string>0</string>
                </dict>
                <key>Image Selected</key>
                <dict>
                    <key>visible</key>
                    <string>0</string>
                </dict>
                <key>Autohide</key>
                <dict>
                    <key>visible</key>
                    <string>0</string>
                </dict>
                <key>Stick To Edge</key>
                <dict>
                    <key>value</key>
                    <string>0</string>
                </dict>
                <key>Action</key>
                <dict>
                    <key>visible</key>
                    <string>0</string>
                    <key>selectedStringValue</key>
                    <string>kNoAction</string>
                </dict>
                <key>Back To</key>
                <dict>
                    <key>visible</key>
                    <string>0</string>
                    <key>selectedStringValue</key>
                    <string></string>
                </dict>
                <key>Back To World</key>
                <dict>
                    <key>visible</key>
                    <string>0</string>
                    <key>selectedStringValue</key>
                    <string></string>
                </dict>
                <key>Block Touch</key>
                <dict>
                    <key>value</key>
                    <string>0</string>
                </dict>
                <key>Keyboard Key</key>
                <dict>
                    <key>value</key>
                    <string>-1</string>
                </dict>
                <key>Touch Emulation</key>
                <dict>
                    <key>visible</key>
                    <string>0</string>
                    <key>animations</key>
                    <array/>
                </dict>
                <key>Character</key>
                <dict>
                    <key>selectedStringValue</key>
                    <string>152</string>
                </dict>
                <key>zDepth</key>
                <string>10</string>
            </dict>
            <dict>
                <key>id</key>
                <string>1421</string>
                <key>className</key>
                <string>PTModelObjectButtonCharacterUnlock</string>
                <key>Name</key>
                <dict>
                    <key>value</key>
                    <string>COP CAR</string>
                </dict>
                <key>Position</key>
                <dict>
                    <key>value</key>
                    <string>{320.000,500.000}</string>
                    <key>animationsX</key>
                    <array/>
                    <key>animationsY</key>
                    <array/>
                </dict>
                <key>Rotation</key>
                <dict>
                    <key>animations</key>
                    <array/>
                </dict>
                <key>Scale</key>
                <dict>
                    <key>value</key>
                    <string>{0.700,0.700}</string>
                    <key>animationsX</key>
                    <array/>
                    <key>animationsY</key>
                    <array/>
                </dict>
                <key>Hidden</key>
                <dict>
                    <key>visible</key>
                    <string>0</string>
                </dict>
                <key>Locked</key>
                <dict>
                    <key>visible</key>
                    <string>0</string>
                </dict>
                <key>Opacity</key>
                <dict>
                    <key>animations</key>
                    <array>
                        <dict>
                            <key>state</key>
                            <string>0</string>
                            <key>animation</key>
                            <dict>
                                <key>points</key>
                                <array>
                                    <string>{0.000,-1.000}</string>
                                    <string>{-1.000,-1.000}</string>
                                    <string>{1.000,-1.000}</string>
                                    <string>{-1.250,-0.750}</string>
                                    <string>{1.333,0.000}</string>
                                    <string>{0.000,0.000}</string>
                                </array>
                                <key>preset</key>
                                <string>4</string>
                            </dict>
                        </dict>
                        <dict>
                            <key>state</key>
                            <string>1</string>
                            <key>animation</key>
                            <dict>
                                <key>points</key>
                                <array>
                                    <string>{0.000,0.000}</string>
                                    <string>{0.000,0.000}</string>
                                </array>
                                <key>preset</key>
                                <string>4</string>
                            </dict>
                        </dict>
                    </array>
                </dict>
                <key>Image</key>
                <dict>
                    <key>visible</key>
                    <string>0</string>
                </dict>
                <key>Image Selected</key>
                <dict>
                    <key>visible</key>
                    <string>0</string>
                </dict>
                <key>Autohide</key>
                <dict>
                    <key>visible</key>
                    <string>0</string>
                </dict>
                <key>Stick To Edge</key>
                <dict>
                    <key>value</key>
                    <string>0</string>
                </dict>
                <key>Action</key>
                <dict>
                    <key>visible</key>
                    <string>0</string>
                    <key>selectedStringValue</key>
                    <string>kNoAction</string>
                </dict>
                <key>Back To</key>
                <dict>
                    <key>visible</key>
                    <string>0</string>
                    <key>selectedStringValue</key>
                    <string></string>
                </dict>
                <key>Back To World</key>
                <dict>
                    <key>visible</key>
                    <string>0</string>
                    <key>selectedStringValue</key>
                    <string></string>
                </dict>
                <key>Block Touch</key>
                <dict>
                    <key>value</key>
                    <string>0</string>
                </dict>
                <key>Keyboard Key</key>
                <dict>
                    <key>value</key>
                    <string>-1</string>
                </dict>
                <key>Touch Emulation</key>
                <dict>
                    <key>visible</key>
                    <string>0</string>
                    <key>animations</key>
                    <array/>
                </dict>
                <key>Character</key>
                <dict>
                    <key>selectedStringValue</key>
                    <string>1346</string>
                </dict>
                <key>zDepth</key>
                <string>9</string>
            </dict>
            <dict>
                <key>id</key>
                <string>1423</string>
                <key>className</key>
                <string>PTModelObjectButtonCharacterUnlock</string>
                <key>Name</key>
                <dict>
                    <key>value</key>
                    <string>TAXI DRIVER</string>
                </dict>
                <key>Position</key>
                <dict>
                    <key>value</key>
                    <string>{320.000,300.000}</string>
                    <key>animationsX</key>
                    <array/>
                    <key>animationsY</key>
                    <array/>
                </dict>
                <key>Rotation</key>
                <dict>
                    <key>animations</key>
                    <array/>
                </dict>
                <key>Scale</key>
                <dict>
                    <key>value</key>
                    <string>{0.700,0.700}</string>
                    <key>animationsX</key>
                    <array/>
                    <key>animationsY</key>
                    <array/>
                </dict>
                <key>Hidden</key>
                <dict>
                    <key>visible</key>
                    <string>0</string>
                </dict>
                <key>Locked</key>
                <dict>
                    <key>visible</key>
                    <string>0</string>
                </dict>
                <key>Opacity</key>
                <dict>
                    <key>animations</key>
                    <array>
                        <dict>
                            <key>state</key>
                            <string>0</string>
                            <key>animation</key>
                            <dict>
                                <key>points</key>
                                <array>
                                    <string>{0.000,-1.000}</string>
                                    <string>{-1.000,-1.000}</string>
                                    <string>{1.333,-1.000}</string>
                                    <string>{-1.250,-0.750}</string>
                                    <string>{1.667,0.000}</string>
                                    <string>{0.000,0.000}</string>
                                </array>
                                <key>preset</key>
                                <string>4</string>
                            </dict>
                        </dict>
                        <dict>
                            <key>state</key>
                            <string>1</string>
                            <key>animation</key>
                            <dict>
                                <key>points</key>
                                <array>
                                    <string>{0.000,0.000}</string>
                                    <string>{0.000,0.000}</string>
                                </array>
                                <key>preset</key>
                                <string>4</string>
                            </dict>
                        </dict>
                    </array>
                </dict>
                <key>Image</key>
                <dict>
                    <key>visible</key>
                    <string>0</string>
                </dict>
                <key>Image Selected</key>
                <dict>
                    <key>visible</key>
                    <string>0</string>
                </dict>
                <key>Autohide</key>
                <dict>
                    <key>visible</key>
                    <string>0</string>
                </dict>
                <key>Stick To Edge</key>
                <dict>
                    <key>value</key>
                    <string>0</string>
                </dict>
                <key>Action</key>
                <dict>
                    <key>visible</key>
                    <string>0</string>
                    <key>selectedStringValue</key>
                    <string>kNoAction</string>
                </dict>
                <key>Back To</key>
                <dict>
                    <key>visible</key>
                    <string>0</string>
                    <key>selectedStringValue</key>
                    <string></string>
                </dict>
                <key>Back To World</key>
                <dict>
                    <key>visible</key>
                    <string>0</string>
                    <key>selectedStringValue</key>
                    <string></string>
                </dict>
                <key>Block Touch</key>
                <dict>
                    <key>value</key>
                    <string>0</string>
                </dict>
                <key>Keyboard Key</key>
                <dict>
                    <key>value</key>
                    <string>-1</string>
                </dict>
                <key>Touch Emulation</key>
                <dict>
                    <key>visible</key>
                    <string>0</string>
                    <key>animations</key>
                    <array/>
                </dict>
                <key>Character</key>
                <dict>
                    <key>selectedStringValue</key>
                    <string>1364</string>
                </dict>
                <key>zDepth</key>
                <string>8</string>
            </dict>
        </array>
    </dict>
</plist>
