<?xml version="1.0" encoding="UTF-8"?>
<!DOCTYPE plist PUBLIC "-//Apple//DTD PLIST 1.0//EN" "http://www.apple.com/DTDs/PropertyList-1.0.dtd"/>

<plist version="1.0">
    <dict>
        <key>ROOT</key>
        <array>
            <dict>
                <key>id</key>
                <string>194</string>
                <key>Idle Animation</key>
                <dict>
                    <key>value</key>
                    <string>196</string>
                </dict>
                <key>Idle Sound</key>
                <dict>
                    <key>value</key>
                    <string>2273</string>
                </dict>
                <key>components</key>
                <array>
                    <string>212</string>
                </array>
            </dict>
            <dict>
                <key>id</key>
                <string>2280</string>
                <key>Idle Animation</key>
                <dict>
                    <key>value</key>
                    <string>2282</string>
                </dict>
                <key>Idle Sound</key>
                <dict>
                    <key>value</key>
                    <string>2293</string>
                </dict>
                <key>components</key>
                <array>
                    <string>2294</string>
                </array>
            </dict>
            <dict>
                <key>id</key>
                <string>2203</string>
                <key>Idle Animation</key>
                <dict>
                    <key>value</key>
                    <string>2205</string>
                </dict>
                <key>components</key>
                <array>
                    <string>3130</string>
                </array>
            </dict>
            <dict>
                <key>id</key>
                <string>2215</string>
                <key>Idle Animation</key>
                <dict>
                    <key>value</key>
                    <string>2217</string>
                </dict>
                <key>components</key>
                <array>
                    <string>3129</string>
                </array>
            </dict>
            <dict>
                <key>id</key>
                <string>2184</string>
                <key>Idle Animation</key>
                <dict>
                    <key>value</key>
                    <string>2186</string>
                </dict>
                <key>components</key>
                <array>
                    <string>2272</string>
                </array>
            </dict>
            <dict>
                <key>id</key>
                <string>3205</string>
                <key>Idle Animation</key>
                <dict>
                    <key>value</key>
                    <string>3207</string>
                </dict>
                <key>components</key>
                <array>
                    <string>3221</string>
                </array>
            </dict>
            <dict>
                <key>id</key>
                <string>3193</string>
                <key>Idle Animation</key>
                <dict>
                    <key>value</key>
                    <string>3195</string>
                </dict>
                <key>components</key>
                <array>
                    <string>3220</string>
                </array>
            </dict>
            <dict>
                <key>id</key>
                <string>2166</string>
                <key>Idle Animation</key>
                <dict>
                    <key>value</key>
                    <string>2168</string>
                </dict>
                <key>components</key>
                <array>
                    <string>2271</string>
                </array>
            </dict>
            <dict>
                <key>id</key>
                <string>3169</string>
                <key>Idle Animation</key>
                <dict>
                    <key>value</key>
                    <string>3171</string>
                </dict>
                <key>components</key>
                <array>
                    <string>3218</string>
                </array>
            </dict>
            <dict>
                <key>id</key>
                <string>3181</string>
                <key>Idle Animation</key>
                <dict>
                    <key>value</key>
                    <string>3183</string>
                </dict>
                <key>components</key>
                <array>
                    <string>3219</string>
                </array>
            </dict>
            <dict>
                <key>id</key>
                <string>2226</string>
                <key>Idle Animation</key>
                <dict>
                    <key>value</key>
                    <string>2228</string>
                </dict>
                <key>components</key>
                <array>
                    <string>3128</string>
                </array>
            </dict>
            <dict>
                <key>id</key>
                <string>3133</string>
                <key>Idle Animation</key>
                <dict>
                    <key>value</key>
                    <string>3135</string>
                </dict>
                <key>components</key>
                <array>
                    <string>3215</string>
                </array>
            </dict>
            <dict>
                <key>id</key>
                <string>3145</string>
                <key>Idle Animation</key>
                <dict>
                    <key>value</key>
                    <string>3147</string>
                </dict>
                <key>components</key>
                <array>
                    <string>3216</string>
                </array>
            </dict>
            <dict>
                <key>id</key>
                <string>3156</string>
                <key>Idle Animation</key>
                <dict>
                    <key>value</key>
                    <string>3158</string>
                </dict>
                <key>components</key>
                <array>
                    <string>3217</string>
                </array>
            </dict>
            <dict>
                <key>id</key>
                <string>652</string>
                <key>Idle Animation</key>
                <dict>
                    <key>value</key>
                    <string>654</string>
                </dict>
            </dict>
            <dict>
                <key>id</key>
                <string>764</string>
                <key>Idle Animation</key>
                <dict>
                    <key>value</key>
                    <string>766</string>
                </dict>
            </dict>
            <dict>
                <key>id</key>
                <string>691</string>
                <key>Idle Animation</key>
                <dict>
                    <key>value</key>
                    <string>693</string>
                </dict>
            </dict>
            <dict>
                <key>id</key>
                <string>832</string>
                <key>Idle Animation</key>
                <dict>
                    <key>value</key>
                    <string>834</string>
                </dict>
            </dict>
            <dict>
                <key>id</key>
                <string>843</string>
                <key>Idle Animation</key>
                <dict>
                    <key>value</key>
                    <string>845</string>
                </dict>
            </dict>
            <dict>
                <key>id</key>
                <string>2399</string>
                <key>Idle Animation</key>
                <dict>
                    <key>value</key>
                    <string>2401</string>
                </dict>
            </dict>
            <dict>
                <key>id</key>
                <string>2627</string>
                <key>Idle Animation</key>
                <dict>
                    <key>value</key>
                    <string>2629</string>
                </dict>
            </dict>
        </array>
    </dict>
</plist>
