<?xml version="1.0" encoding="UTF-8"?>
<!DOCTYPE plist PUBLIC "-//Apple//DTD PLIST 1.0//EN" "http://www.apple.com/DTDs/PropertyList-1.0.dtd"/>

<plist version="1.0">
    <dict>
        <key>ROOT</key>
        <array>
            <dict>
                <key>id</key>
                <string>8752</string>
                <key>className</key>
                <string>PTModelObjectButtonPurchase</string>
                <key>Name</key>
                <dict>
                    <key>value</key>
                    <string>Purchase Button</string>
                </dict>
                <key>Position</key>
                <dict>
                    <key>value</key>
                    <string>{347.433,572.524}</string>
                </dict>
                <key>Scale</key>
                <dict>
                    <key>value</key>
                    <string>{8.558,12.958}</string>
                </dict>
                <key>Hidden</key>
                <dict>
                    <key>visible</key>
                    <string>0</string>
                </dict>
                <key>Locked</key>
                <dict>
                    <key>visible</key>
                    <string>0</string>
                </dict>
                <key>Powerup Selection</key>
                <dict>
                    <key>selectedStringValue</key>
                    <string>7229</string>
                </dict>
                <key>Type</key>
                <dict>
                    <key>selectedStringValue</key>
                    <string>kPurchasePowerup</string>
                </dict>
                <key>Back To</key>
                <dict>
                    <key>visible</key>
                    <string>0</string>
                    <key>selectedStringValue</key>
                    <string></string>
                </dict>
                <key>Back To World</key>
                <dict>
                    <key>visible</key>
                    <string>0</string>
                    <key>selectedStringValue</key>
                    <string></string>
                </dict>
                <key>Block Touch</key>
                <dict>
                    <key>value</key>
                    <string>0</string>
                </dict>
                <key>Keyboard Key</key>
                <dict>
                    <key>value</key>
                    <string>-1</string>
                </dict>
                <key>Touch Emulation</key>
                <dict>
                    <key>visible</key>
                    <string>0</string>
                </dict>
                <key>Quantity</key>
                <dict>
                    <key>value</key>
                    <string>10.000000</string>
                </dict>
                <key>Purchase Method</key>
                <dict>
                    <key>selectedStringValue</key>
                    <string>kInGameCurrency</string>
                </dict>
                <key>Store Identifier</key>
                <dict>
                    <key>visible</key>
                    <string>0</string>
                    <key>value</key>
                    <string></string>
                </dict>
                <key>Ad Network</key>
                <dict>
                    <key>visible</key>
                    <string>0</string>
                    <key>selectedStringValue</key>
                    <string>kHeyzap</string>
                </dict>
                <key>zDepth</key>
                <string>29</string>
            </dict>
            <dict>
                <key>id</key>
                <string>9823</string>
                <key>className</key>
                <string>PTModelObjectButtonPurchase</string>
                <key>Name</key>
                <dict>
                    <key>value</key>
                    <string>Purchase Button</string>
                </dict>
                <key>Position</key>
                <dict>
                    <key>value</key>
                    <string>{347.433,572.524}</string>
                </dict>
                <key>Scale</key>
                <dict>
                    <key>value</key>
                    <string>{8.558,12.958}</string>
                </dict>
                <key>Hidden</key>
                <dict>
                    <key>visible</key>
                    <string>0</string>
                </dict>
                <key>Locked</key>
                <dict>
                    <key>visible</key>
                    <string>0</string>
                </dict>
                <key>Powerup Selection</key>
                <dict>
                    <key>selectedStringValue</key>
                    <string>7229</string>
                </dict>
                <key>Type</key>
                <dict>
                    <key>selectedStringValue</key>
                    <string>kPurchasePowerup</string>
                </dict>
                <key>Back To</key>
                <dict>
                    <key>visible</key>
                    <string>0</string>
                    <key>selectedStringValue</key>
                    <string></string>
                </dict>
                <key>Back To World</key>
                <dict>
                    <key>visible</key>
                    <string>0</string>
                    <key>selectedStringValue</key>
                    <string></string>
                </dict>
                <key>Block Touch</key>
                <dict>
                    <key>value</key>
                    <string>0</string>
                </dict>
                <key>Keyboard Key</key>
                <dict>
                    <key>value</key>
                    <string>-1</string>
                </dict>
                <key>Touch Emulation</key>
                <dict>
                    <key>visible</key>
                    <string>0</string>
                </dict>
                <key>Quantity</key>
                <dict>
                    <key>value</key>
                    <string>20.000000</string>
                </dict>
                <key>Purchase Method</key>
                <dict>
                    <key>selectedStringValue</key>
                    <string>kInGameCurrency</string>
                </dict>
                <key>Store Identifier</key>
                <dict>
                    <key>visible</key>
                    <string>0</string>
                    <key>value</key>
                    <string></string>
                </dict>
                <key>Ad Network</key>
                <dict>
                    <key>visible</key>
                    <string>0</string>
                    <key>selectedStringValue</key>
                    <string>kHeyzap</string>
                </dict>
                <key>zDepth</key>
                <string>29</string>
            </dict>
            <dict>
                <key>id</key>
                <string>11508</string>
                <key>className</key>
                <string>PTModelObjectButtonPurchase</string>
                <key>Name</key>
                <dict>
                    <key>value</key>
                    <string>Purchase Button</string>
                </dict>
                <key>Position</key>
                <dict>
                    <key>value</key>
                    <string>{347.433,572.524}</string>
                </dict>
                <key>Scale</key>
                <dict>
                    <key>value</key>
                    <string>{8.558,12.958}</string>
                </dict>
                <key>Hidden</key>
                <dict>
                    <key>visible</key>
                    <string>0</string>
                </dict>
                <key>Locked</key>
                <dict>
                    <key>visible</key>
                    <string>0</string>
                </dict>
                <key>Powerup Selection</key>
                <dict>
                    <key>selectedStringValue</key>
                    <string>7229</string>
                </dict>
                <key>Type</key>
                <dict>
                    <key>selectedStringValue</key>
                    <string>kPurchasePowerup</string>
                </dict>
                <key>Back To</key>
                <dict>
                    <key>visible</key>
                    <string>0</string>
                    <key>selectedStringValue</key>
                    <string></string>
                </dict>
                <key>Back To World</key>
                <dict>
                    <key>visible</key>
                    <string>0</string>
                    <key>selectedStringValue</key>
                    <string></string>
                </dict>
                <key>Block Touch</key>
                <dict>
                    <key>value</key>
                    <string>0</string>
                </dict>
                <key>Keyboard Key</key>
                <dict>
                    <key>value</key>
                    <string>-1</string>
                </dict>
                <key>Touch Emulation</key>
                <dict>
                    <key>visible</key>
                    <string>0</string>
                </dict>
                <key>Quantity</key>
                <dict>
                    <key>value</key>
                    <string>30.000000</string>
                </dict>
                <key>Purchase Method</key>
                <dict>
                    <key>selectedStringValue</key>
                    <string>kInGameCurrency</string>
                </dict>
                <key>Store Identifier</key>
                <dict>
                    <key>visible</key>
                    <string>0</string>
                    <key>value</key>
                    <string></string>
                </dict>
                <key>Ad Network</key>
                <dict>
                    <key>visible</key>
                    <string>0</string>
                    <key>selectedStringValue</key>
                    <string>kHeyzap</string>
                </dict>
                <key>zDepth</key>
                <string>29</string>
            </dict>
            <dict>
                <key>id</key>
                <string>11540</string>
                <key>className</key>
                <string>PTModelObjectButtonPurchase</string>
                <key>Name</key>
                <dict>
                    <key>value</key>
                    <string>Purchase Button</string>
                </dict>
                <key>Position</key>
                <dict>
                    <key>value</key>
                    <string>{347.433,572.524}</string>
                </dict>
                <key>Scale</key>
                <dict>
                    <key>value</key>
                    <string>{8.558,12.958}</string>
                </dict>
                <key>Hidden</key>
                <dict>
                    <key>visible</key>
                    <string>0</string>
                </dict>
                <key>Locked</key>
                <dict>
                    <key>visible</key>
                    <string>0</string>
                </dict>
                <key>Powerup Selection</key>
                <dict>
                    <key>selectedStringValue</key>
                    <string>7229</string>
                </dict>
                <key>Type</key>
                <dict>
                    <key>selectedStringValue</key>
                    <string>kPurchasePowerup</string>
                </dict>
                <key>Back To</key>
                <dict>
                    <key>visible</key>
                    <string>0</string>
                    <key>selectedStringValue</key>
                    <string></string>
                </dict>
                <key>Back To World</key>
                <dict>
                    <key>visible</key>
                    <string>0</string>
                    <key>selectedStringValue</key>
                    <string></string>
                </dict>
                <key>Block Touch</key>
                <dict>
                    <key>value</key>
                    <string>0</string>
                </dict>
                <key>Keyboard Key</key>
                <dict>
                    <key>value</key>
                    <string>-1</string>
                </dict>
                <key>Touch Emulation</key>
                <dict>
                    <key>visible</key>
                    <string>0</string>
                </dict>
                <key>Quantity</key>
                <dict>
                    <key>value</key>
                    <string>40.000000</string>
                </dict>
                <key>Purchase Method</key>
                <dict>
                    <key>selectedStringValue</key>
                    <string>kInGameCurrency</string>
                </dict>
                <key>Store Identifier</key>
                <dict>
                    <key>visible</key>
                    <string>0</string>
                    <key>value</key>
                    <string></string>
                </dict>
                <key>Ad Network</key>
                <dict>
                    <key>visible</key>
                    <string>0</string>
                    <key>selectedStringValue</key>
                    <string>kHeyzap</string>
                </dict>
                <key>zDepth</key>
                <string>29</string>
            </dict>
        </array>
    </dict>
</plist>
