<?xml version="1.0" encoding="UTF-8"?>
<!DOCTYPE plist PUBLIC "-//Apple//DTD PLIST 1.0//EN" "http://www.apple.com/DTDs/PropertyList-1.0.dtd"/>

<plist version="1.0">
    <dict>
        <key>ROOT</key>
        <array>
            <dict>
                <key>id</key>
                <string>2</string>
                <key>className</key>
                <string>PTModelFont</string>
                <key>Name</key>
                <dict>
                    <key>value</key>
                    <string>Default</string>
                </dict>
                <key>Font name</key>
                <dict>
                    <key>value</key>
                    <string>Berlin Sans FB Demi</string>
                </dict>
                <key>Font size</key>
                <dict>
                    <key>value</key>
                    <string>55.000000</string>
                    <key>variableValue</key>
                    <string>1.000000</string>
                </dict>
                <key>Shadow Offset</key>
                <dict>
                    <key>value</key>
                    <string>{3.000,-3.000}</string>
                </dict>
                <key>Canvas size</key>
                <dict>
                    <key>value</key>
                    <string>{512.000,512.000}</string>
                </dict>
                <key>Padding</key>
                <dict>
                    <key>value</key>
                    <string>1.000000</string>
                </dict>
                <key>Stroke Width</key>
                <dict>
                    <key>value</key>
                    <string>2.000000</string>
                </dict>
                <key>Main Color</key>
                <dict>
                    <key>r</key>
                    <string>0.000000</string>
                    <key>g</key>
                    <string>170.000000</string>
                    <key>b</key>
                    <string>255.000000</string>
                    <key>a</key>
                    <string>255.000000</string>
                </dict>
                <key>Gradient Color</key>
                <dict>
                    <key>r</key>
                    <string>100.000000</string>
                    <key>g</key>
                    <string>100.000000</string>
                    <key>b</key>
                    <string>100.000000</string>
                    <key>a</key>
                    <string>255.000000</string>
                </dict>
                <key>Stroke Color</key>
                <dict>
                    <key>r</key>
                    <string>0.000000</string>
                    <key>g</key>
                    <string>0.000000</string>
                    <key>b</key>
                    <string>0.000000</string>
                    <key>a</key>
                    <string>255.000000</string>
                </dict>
                <key>Shadow Color</key>
                <dict>
                    <key>r</key>
                    <string>0.000000</string>
                    <key>g</key>
                    <string>0.000000</string>
                    <key>b</key>
                    <string>0.000000</string>
                    <key>a</key>
                    <string>125.000000</string>
                </dict>
                <key>Draw Stroke</key>
                <dict>
                    <key>value</key>
                    <string>1</string>
                </dict>
                <key>Draw Gradient</key>
                <dict>
                    <key>value</key>
                    <string>0</string>
                </dict>
            </dict>
            <dict>
                <key>id</key>
                <string>545</string>
                <key>className</key>
                <string>PTModelFont</string>
                <key>Name</key>
                <dict>
                    <key>value</key>
                    <string>Bleu</string>
                </dict>
                <key>Font name</key>
                <dict>
                    <key>value</key>
                    <string>Arial Rounded MT Bold</string>
                </dict>
                <key>Shadow Offset</key>
                <dict>
                    <key>value</key>
                    <string>{3.000,-3.000}</string>
                </dict>
                <key>Canvas size</key>
                <dict>
                    <key>value</key>
                    <string>{512.000,512.000}</string>
                </dict>
                <key>Main Color</key>
                <dict>
                    <key>r</key>
                    <string>24.000000</string>
                    <key>g</key>
                    <string>196.000000</string>
                    <key>b</key>
                    <string>243.000000</string>
                    <key>a</key>
                    <string>255.000000</string>
                </dict>
                <key>Gradient Color</key>
                <dict>
                    <key>r</key>
                    <string>16.000000</string>
                    <key>g</key>
                    <string>139.000000</string>
                    <key>b</key>
                    <string>170.000000</string>
                    <key>a</key>
                    <string>255.000000</string>
                </dict>
                <key>Stroke Color</key>
                <dict>
                    <key>r</key>
                    <string>255.000000</string>
                    <key>g</key>
                    <string>255.000000</string>
                    <key>b</key>
                    <string>255.000000</string>
                    <key>a</key>
                    <string>255.000000</string>
                </dict>
                <key>Shadow Color</key>
                <dict>
                    <key>r</key>
                    <string>0.000000</string>
                    <key>g</key>
                    <string>0.000000</string>
                    <key>b</key>
                    <string>0.000000</string>
                    <key>a</key>
                    <string>125.000000</string>
                </dict>
            </dict>
            <dict>
                <key>id</key>
                <string>880</string>
                <key>className</key>
                <string>PTModelFont</string>
                <key>Name</key>
                <dict>
                    <key>value</key>
                    <string>KM</string>
                </dict>
                <key>Font name</key>
                <dict>
                    <key>value</key>
                    <string>How Square can you get?</string>
                </dict>
                <key>Font size</key>
                <dict>
                    <key>variableValue</key>
                    <string>1.000000</string>
                </dict>
                <key>Shadow Offset</key>
                <dict>
                    <key>value</key>
                    <string>{0.000,0.000}</string>
                </dict>
                <key>Canvas size</key>
                <dict>
                    <key>value</key>
                    <string>{512.000,512.000}</string>
                </dict>
                <key>Padding</key>
                <dict>
                    <key>value</key>
                    <string>-20.000000</string>
                </dict>
                <key>Stroke Width</key>
                <dict>
                    <key>value</key>
                    <string>5.000000</string>
                </dict>
                <key>Main Color</key>
                <dict>
                    <key>r</key>
                    <string>255.000000</string>
                    <key>g</key>
                    <string>0.000000</string>
                    <key>b</key>
                    <string>0.000000</string>
                    <key>a</key>
                    <string>255.000000</string>
                </dict>
                <key>Gradient Color</key>
                <dict>
                    <key>r</key>
                    <string>255.000000</string>
                    <key>g</key>
                    <string>0.000000</string>
                    <key>b</key>
                    <string>0.000000</string>
                    <key>a</key>
                    <string>255.000000</string>
                </dict>
                <key>Stroke Color</key>
                <dict>
                    <key>r</key>
                    <string>255.000000</string>
                    <key>g</key>
                    <string>0.000000</string>
                    <key>b</key>
                    <string>0.000000</string>
                    <key>a</key>
                    <string>255.000000</string>
                </dict>
                <key>Shadow Color</key>
                <dict>
                    <key>r</key>
                    <string>255.000000</string>
                    <key>g</key>
                    <string>0.000000</string>
                    <key>b</key>
                    <string>0.000000</string>
                    <key>a</key>
                    <string>125.000000</string>
                </dict>
                <key>Draw Stroke</key>
                <dict>
                    <key>value</key>
                    <string>1</string>
                </dict>
                <key>Draw Gradient</key>
                <dict>
                    <key>value</key>
                    <string>0</string>
                </dict>
            </dict>
            <dict>
                <key>id</key>
                <string>1050</string>
                <key>className</key>
                <string>PTModelFont</string>
                <key>Name</key>
                <dict>
                    <key>value</key>
                    <string>Gold</string>
                </dict>
                <key>Font name</key>
                <dict>
                    <key>value</key>
                    <string>Berlin Sans FB</string>
                </dict>
                <key>Shadow Offset</key>
                <dict>
                    <key>value</key>
                    <string>{3.000,-3.000}</string>
                </dict>
                <key>Canvas size</key>
                <dict>
                    <key>value</key>
                    <string>{512.000,512.000}</string>
                </dict>
                <key>Stroke Width</key>
                <dict>
                    <key>value</key>
                    <string>3.000000</string>
                </dict>
                <key>Main Color</key>
                <dict>
                    <key>r</key>
                    <string>255.000000</string>
                    <key>g</key>
                    <string>173.000000</string>
                    <key>b</key>
                    <string>0.000000</string>
                    <key>a</key>
                    <string>255.000000</string>
                </dict>
                <key>Gradient Color</key>
                <dict>
                    <key>r</key>
                    <string>0.000000</string>
                    <key>g</key>
                    <string>0.000000</string>
                    <key>b</key>
                    <string>0.000000</string>
                    <key>a</key>
                    <string>255.000000</string>
                </dict>
                <key>Stroke Color</key>
                <dict>
                    <key>r</key>
                    <string>0.000000</string>
                    <key>g</key>
                    <string>0.000000</string>
                    <key>b</key>
                    <string>0.000000</string>
                    <key>a</key>
                    <string>255.000000</string>
                </dict>
                <key>Shadow Color</key>
                <dict>
                    <key>r</key>
                    <string>0.000000</string>
                    <key>g</key>
                    <string>0.000000</string>
                    <key>b</key>
                    <string>0.000000</string>
                    <key>a</key>
                    <string>125.000000</string>
                </dict>
                <key>Draw Stroke</key>
                <dict>
                    <key>value</key>
                    <string>1</string>
                </dict>
                <key>Draw Gradient</key>
                <dict>
                    <key>value</key>
                    <string>0</string>
                </dict>
            </dict>
            <dict>
                <key>id</key>
                <string>1686</string>
                <key>className</key>
                <string>PTModelFont</string>
                <key>Name</key>
                <dict>
                    <key>value</key>
                    <string>Krs</string>
                </dict>
                <key>Font name</key>
                <dict>
                    <key>value</key>
                    <string>Kristen ITC</string>
                </dict>
                <key>Shadow Offset</key>
                <dict>
                    <key>value</key>
                    <string>{3.000,-3.000}</string>
                </dict>
                <key>Canvas size</key>
                <dict>
                    <key>value</key>
                    <string>{512.000,512.000}</string>
                </dict>
                <key>Main Color</key>
                <dict>
                    <key>r</key>
                    <string>255.000000</string>
                    <key>g</key>
                    <string>255.000000</string>
                    <key>b</key>
                    <string>255.000000</string>
                    <key>a</key>
                    <string>255.000000</string>
                </dict>
                <key>Gradient Color</key>
                <dict>
                    <key>r</key>
                    <string>255.000000</string>
                    <key>g</key>
                    <string>255.000000</string>
                    <key>b</key>
                    <string>255.000000</string>
                    <key>a</key>
                    <string>255.000000</string>
                </dict>
                <key>Stroke Color</key>
                <dict>
                    <key>r</key>
                    <string>255.000000</string>
                    <key>g</key>
                    <string>255.000000</string>
                    <key>b</key>
                    <string>255.000000</string>
                    <key>a</key>
                    <string>255.000000</string>
                </dict>
                <key>Shadow Color</key>
                <dict>
                    <key>r</key>
                    <string>0.000000</string>
                    <key>g</key>
                    <string>0.000000</string>
                    <key>b</key>
                    <string>0.000000</string>
                    <key>a</key>
                    <string>125.000000</string>
                </dict>
                <key>Draw Gradient</key>
                <dict>
                    <key>value</key>
                    <string>0</string>
                </dict>
            </dict>
            <dict>
                <key>id</key>
                <string>7322</string>
                <key>className</key>
                <string>PTModelFont</string>
                <key>Name</key>
                <dict>
                    <key>value</key>
                    <string>YELLOW COINS</string>
                </dict>
                <key>Font name</key>
                <dict>
                    <key>value</key>
                    <string>Berlin Sans FB Demi</string>
                </dict>
                <key>Font size</key>
                <dict>
                    <key>value</key>
                    <string>50.000000</string>
                    <key>variableValue</key>
                    <string>1.000000</string>
                </dict>
                <key>Shadow Offset</key>
                <dict>
                    <key>value</key>
                    <string>{3.000,-3.000}</string>
                </dict>
                <key>Canvas size</key>
                <dict>
                    <key>value</key>
                    <string>{512.000,512.000}</string>
                </dict>
                <key>Padding</key>
                <dict>
                    <key>value</key>
                    <string>1.000000</string>
                </dict>
                <key>Stroke Width</key>
                <dict>
                    <key>value</key>
                    <string>2.000000</string>
                </dict>
                <key>Main Color</key>
                <dict>
                    <key>r</key>
                    <string>255.000000</string>
                    <key>g</key>
                    <string>255.000000</string>
                    <key>b</key>
                    <string>0.000000</string>
                    <key>a</key>
                    <string>255.000000</string>
                </dict>
                <key>Gradient Color</key>
                <dict>
                    <key>r</key>
                    <string>100.000000</string>
                    <key>g</key>
                    <string>100.000000</string>
                    <key>b</key>
                    <string>100.000000</string>
                    <key>a</key>
                    <string>255.000000</string>
                </dict>
                <key>Stroke Color</key>
                <dict>
                    <key>r</key>
                    <string>0.000000</string>
                    <key>g</key>
                    <string>0.000000</string>
                    <key>b</key>
                    <string>0.000000</string>
                    <key>a</key>
                    <string>255.000000</string>
                </dict>
                <key>Shadow Color</key>
                <dict>
                    <key>r</key>
                    <string>0.000000</string>
                    <key>g</key>
                    <string>0.000000</string>
                    <key>b</key>
                    <string>0.000000</string>
                    <key>a</key>
                    <string>125.000000</string>
                </dict>
                <key>Draw Stroke</key>
                <dict>
                    <key>value</key>
                    <string>1</string>
                </dict>
                <key>Draw Gradient</key>
                <dict>
                    <key>value</key>
                    <string>0</string>
                </dict>
            </dict>
        </array>
    </dict>
</plist>
