<?xml version="1.0" encoding="UTF-8"?>
<!DOCTYPE plist PUBLIC "-//Apple//DTD PLIST 1.0//EN" "http://www.apple.com/DTDs/PropertyList-1.0.dtd"/>

<plist version="1.0">
    <dict>
        <key>ROOT</key>
        <array>
            <dict>
                <key>id</key>
                <string>107</string>
                <key>sprites</key>
                <array>
                    <string>842</string>
                    <string>831</string>
                    <string>362</string>
                    <string>3204</string>
                    <string>3192</string>
                    <string>1396</string>
                    <string>3155</string>
                    <string>3144</string>
                    <string>3132</string>
                    <string>3180</string>
                    <string>3168</string>
                    <string>1383</string>
                    <string>367</string>
                    <string>1384</string>
                    <string>1385</string>
                    <string>490</string>
                    <string>491</string>
                    <string>492</string>
                    <string>2598</string>
                    <string>1226</string>
                    <string>1888</string>
                    <string>1237</string>
                    <string>1236</string>
                    <string>1645</string>
                    <string>1639</string>
                    <string>1235</string>
                    <string>1505</string>
                    <string>1942</string>
                    <string>1535</string>
                    <string>1250</string>
                    <string>1246</string>
                    <string>8731</string>
                    <string>8727</string>
                    <string>1430</string>
                    <string>1438</string>
                    <string>1447</string>
                    <string>1455</string>
                    <string>1271</string>
                    <string>1627</string>
                    <string>1631</string>
                    <string>1592</string>
                    <string>1598</string>
                    <string>1020</string>
                    <string>752</string>
                    <string>1790</string>
                    <string>380</string>
                    <string>1615</string>
                    <string>2055</string>
                    <string>1882</string>
                    <string>1830</string>
                    <string>1665</string>
                    <string>1336</string>
                    <string>1267</string>
                    <string>1988</string>
                    <string>753</string>
                    <string>1789</string>
                    <string>379</string>
                    <string>1409</string>
                    <string>1019</string>
                    <string>1043</string>
                    <string>1044</string>
                    <string>1045</string>
                    <string>1046</string>
                    <string>679</string>
                    <string>678</string>
                    <string>676</string>
                    <string>677</string>
                    <string>7228</string>
                    <string>1018</string>
                    <string>1277</string>
                    <string>542</string>
                    <string>538</string>
                    <string>2626</string>
                    <string>871</string>
                    <string>876</string>
                </array>
            </dict>
            <dict>
                <key>id</key>
                <string>1209</string>
                <key>sprites</key>
                <array>
                    <string>1876</string>
                    <string>1215</string>
                    <string>1208</string>
                    <string>1870</string>
                    <string>1677</string>
                    <string>1656</string>
                    <string>2183</string>
                    <string>2225</string>
                    <string>2165</string>
                    <string>2214</string>
                    <string>2202</string>
                    <string>2337</string>
                    <string>2336</string>
                    <string>2095</string>
                    <string>2089</string>
                    <string>2083</string>
                    <string>2077</string>
                    <string>2067</string>
                    <string>2061</string>
                    <string>1935</string>
                    <string>1934</string>
                </array>
            </dict>
            <dict>
                <key>id</key>
                <string>1928</string>
                <key>sprites</key>
                <array>
                    <string>11893</string>
                    <string>1927</string>
                    <string>1948</string>
                </array>
            </dict>
        </array>
    </dict>
</plist>
