<?xml version="1.0" encoding="UTF-8"?>
<!DOCTYPE plist PUBLIC "-//Apple//DTD PLIST 1.0//EN" "http://www.apple.com/DTDs/PropertyList-1.0.dtd"/>

<plist version="1.0">
    <dict>
        <key>ROOT</key>
        <array>
            <dict>
                <key>id</key>
                <string>363</string>
                <key>Image</key>
                <dict>
                    <key>value</key>
                    <string>361</string>
                </dict>
            </dict>
            <dict>
                <key>id</key>
                <string>1576</string>
                <key>Image</key>
                <dict>
                    <key>value</key>
                    <string>361</string>
                </dict>
            </dict>
            <dict>
                <key>id</key>
                <string>2483</string>
                <key>Image</key>
                <dict>
                    <key>value</key>
                    <string>361</string>
                </dict>
            </dict>
            <dict>
                <key>id</key>
                <string>3247</string>
                <key>Image</key>
                <dict>
                    <key>value</key>
                    <string>361</string>
                </dict>
            </dict>
            <dict>
                <key>id</key>
                <string>3622</string>
                <key>Image</key>
                <dict>
                    <key>value</key>
                    <string>361</string>
                </dict>
            </dict>
            <dict>
                <key>id</key>
                <string>4361</string>
                <key>Image</key>
                <dict>
                    <key>value</key>
                    <string>361</string>
                </dict>
            </dict>
            <dict>
                <key>id</key>
                <string>5126</string>
                <key>Image</key>
                <dict>
                    <key>value</key>
                    <string>361</string>
                </dict>
            </dict>
            <dict>
                <key>id</key>
                <string>5711</string>
                <key>Image</key>
                <dict>
                    <key>value</key>
                    <string>361</string>
                </dict>
            </dict>
            <dict>
                <key>id</key>
                <string>8013</string>
                <key>Image</key>
                <dict>
                    <key>value</key>
                    <string>361</string>
                </dict>
            </dict>
            <dict>
                <key>id</key>
                <string>8867</string>
                <key>Image</key>
                <dict>
                    <key>value</key>
                    <string>361</string>
                </dict>
            </dict>
            <dict>
                <key>id</key>
                <string>9259</string>
                <key>Image</key>
                <dict>
                    <key>value</key>
                    <string>361</string>
                </dict>
            </dict>
            <dict>
                <key>id</key>
                <string>9857</string>
                <key>Image</key>
                <dict>
                    <key>value</key>
                    <string>361</string>
                </dict>
            </dict>
            <dict>
                <key>id</key>
                <string>10574</string>
                <key>Image</key>
                <dict>
                    <key>value</key>
                    <string>361</string>
                </dict>
            </dict>
        </array>
    </dict>
</plist>
