<?xml version="1.0" encoding="UTF-8"?>
<!DOCTYPE plist PUBLIC "-//Apple//DTD PLIST 1.0//EN" "http://www.apple.com/DTDs/PropertyList-1.0.dtd"/>

<plist version="1.0">
    <dict>
        <key>ROOT</key>
        <array>
            <dict>
                <key>id</key>
                <string>161</string>
                <key>Asset</key>
                <dict>
                    <key>value</key>
                    <string>152</string>
                </dict>
            </dict>
            <dict>
                <key>id</key>
                <string>1578</string>
                <key>Asset</key>
                <dict>
                    <key>value</key>
                    <string>152</string>
                </dict>
            </dict>
            <dict>
                <key>id</key>
                <string>2485</string>
                <key>Asset</key>
                <dict>
                    <key>value</key>
                    <string>152</string>
                </dict>
            </dict>
            <dict>
                <key>id</key>
                <string>3249</string>
                <key>Asset</key>
                <dict>
                    <key>value</key>
                    <string>152</string>
                </dict>
            </dict>
            <dict>
                <key>id</key>
                <string>3624</string>
                <key>Asset</key>
                <dict>
                    <key>value</key>
                    <string>152</string>
                </dict>
            </dict>
            <dict>
                <key>id</key>
                <string>4363</string>
                <key>Asset</key>
                <dict>
                    <key>value</key>
                    <string>152</string>
                </dict>
            </dict>
            <dict>
                <key>id</key>
                <string>5128</string>
                <key>Asset</key>
                <dict>
                    <key>value</key>
                    <string>152</string>
                </dict>
            </dict>
            <dict>
                <key>id</key>
                <string>5713</string>
                <key>Asset</key>
                <dict>
                    <key>value</key>
                    <string>152</string>
                </dict>
            </dict>
            <dict>
                <key>id</key>
                <string>8015</string>
                <key>Asset</key>
                <dict>
                    <key>value</key>
                    <string>152</string>
                </dict>
            </dict>
            <dict>
                <key>id</key>
                <string>8869</string>
                <key>Asset</key>
                <dict>
                    <key>value</key>
                    <string>152</string>
                </dict>
            </dict>
            <dict>
                <key>id</key>
                <string>9261</string>
                <key>Asset</key>
                <dict>
                    <key>value</key>
                    <string>152</string>
                </dict>
            </dict>
            <dict>
                <key>id</key>
                <string>9859</string>
                <key>Asset</key>
                <dict>
                    <key>value</key>
                    <string>152</string>
                </dict>
            </dict>
            <dict>
                <key>id</key>
                <string>10576</string>
                <key>Asset</key>
                <dict>
                    <key>value</key>
                    <string>152</string>
                </dict>
            </dict>
        </array>
    </dict>
</plist>
