<?xml version="1.0" encoding="UTF-8"?>
<!DOCTYPE plist PUBLIC "-//Apple//DTD PLIST 1.0//EN" "http://www.apple.com/DTDs/PropertyList-1.0.dtd"/>

<plist version="1.0">
    <dict>
        <key>ROOT</key>
        <array>
            <dict>
                <key>id</key>
                <string>304</string>
                <key>className</key>
                <string>PTModelSprite</string>
                <key>Name</key>
                <dict>
                    <key>value</key>
                    <string>Layer</string>
                </dict>
                <key>pos</key>
                <string>{0.00,0.00}</string>
                <key>offset</key>
                <string>{0.00,0.00}</string>
                <key>size</key>
                <string>{0.00,0.00}</string>
                <key>sourceSize</key>
                <string>{397.00,397.00}</string>
                <key>sourceRect</key>
                <string>{{0.00,0.00},{0.00,0.00}}</string>
            </dict>
            <dict>
                <key>id</key>
                <string>362</string>
                <key>className</key>
                <string>PTModelSprite</string>
                <key>Name</key>
                <dict>
                    <key>value</key>
                    <string>Road_01</string>
                </dict>
                <key>pos</key>
                <string>{197.00,0.00}</string>
                <key>offset</key>
                <string>{0.00,0.00}</string>
                <key>size</key>
                <string>{1255.00,640.00}</string>
                <key>sourceSize</key>
                <string>{1255.00,640.00}</string>
                <key>sourceRect</key>
                <string>{{0.00,0.00},{1255.00,640.00}}</string>
            </dict>
            <dict>
                <key>id</key>
                <string>367</string>
                <key>className</key>
                <string>PTModelSprite</string>
                <key>Name</key>
                <dict>
                    <key>value</key>
                    <string>Player_Car_Red</string>
                </dict>
                <key>pos</key>
                <string>{108.00,784.00}</string>
                <key>offset</key>
                <string>{77.00,25.00}</string>
                <key>size</key>
                <string>{98.00,214.00}</string>
                <key>sourceSize</key>
                <string>{256.00,256.00}</string>
                <key>sourceRect</key>
                <string>{{77.00,25.00},{98.00,214.00}}</string>
            </dict>
            <dict>
                <key>id</key>
                <string>379</string>
                <key>className</key>
                <string>PTModelSprite</string>
                <key>Name</key>
                <dict>
                    <key>value</key>
                    <string>Speed_01</string>
                </dict>
                <key>pos</key>
                <string>{1854.00,1280.00}</string>
                <key>offset</key>
                <string>{0.00,0.00}</string>
                <key>size</key>
                <string>{113.00,109.00}</string>
                <key>sourceSize</key>
                <string>{120.00,116.00}</string>
                <key>sourceRect</key>
                <string>{{0.00,0.00},{113.00,109.00}}</string>
            </dict>
            <dict>
                <key>id</key>
                <string>380</string>
                <key>className</key>
                <string>PTModelSprite</string>
                <key>Name</key>
                <dict>
                    <key>value</key>
                    <string>Speed_02</string>
                </dict>
                <key>pos</key>
                <string>{108.00,1160.00}</string>
                <key>offset</key>
                <string>{0.00,0.00}</string>
                <key>size</key>
                <string>{120.00,116.00}</string>
                <key>sourceSize</key>
                <string>{120.00,116.00}</string>
                <key>sourceRect</key>
                <string>{{0.00,0.00},{120.00,116.00}}</string>
            </dict>
            <dict>
                <key>id</key>
                <string>467</string>
                <key>className</key>
                <string>PTModelSprite</string>
                <key>Name</key>
                <dict>
                    <key>value</key>
                    <string>SPEED EFECT</string>
                </dict>
                <key>pos</key>
                <string>{0.00,0.00}</string>
                <key>offset</key>
                <string>{0.00,0.00}</string>
                <key>size</key>
                <string>{0.00,0.00}</string>
                <key>sourceSize</key>
                <string>{150.00,210.00}</string>
                <key>sourceRect</key>
                <string>{{0.00,0.00},{0.00,0.00}}</string>
            </dict>
            <dict>
                <key>id</key>
                <string>490</string>
                <key>className</key>
                <string>PTModelSprite</string>
                <key>Name</key>
                <dict>
                    <key>value</key>
                    <string>Enemies_ambulance_01</string>
                </dict>
                <key>pos</key>
                <string>{312.00,784.00}</string>
                <key>offset</key>
                <string>{73.00,31.00}</string>
                <key>size</key>
                <string>{102.00,207.00}</string>
                <key>sourceSize</key>
                <string>{256.00,256.00}</string>
                <key>sourceRect</key>
                <string>{{73.00,31.00},{102.00,207.00}}</string>
            </dict>
            <dict>
                <key>id</key>
                <string>491</string>
                <key>className</key>
                <string>PTModelSprite</string>
                <key>Name</key>
                <dict>
                    <key>value</key>
                    <string>Enemies_ambulance_02</string>
                </dict>
                <key>pos</key>
                <string>{418.00,784.00}</string>
                <key>offset</key>
                <string>{73.00,31.00}</string>
                <key>size</key>
                <string>{102.00,207.00}</string>
                <key>sourceSize</key>
                <string>{256.00,256.00}</string>
                <key>sourceRect</key>
                <string>{{73.00,31.00},{102.00,207.00}}</string>
            </dict>
            <dict>
                <key>id</key>
                <string>492</string>
                <key>className</key>
                <string>PTModelSprite</string>
                <key>Name</key>
                <dict>
                    <key>value</key>
                    <string>Enemies_ambulance_03</string>
                </dict>
                <key>pos</key>
                <string>{524.00,784.00}</string>
                <key>offset</key>
                <string>{73.00,31.00}</string>
                <key>size</key>
                <string>{102.00,207.00}</string>
                <key>sourceSize</key>
                <string>{256.00,256.00}</string>
                <key>sourceRect</key>
                <string>{{73.00,31.00},{102.00,207.00}}</string>
            </dict>
            <dict>
                <key>id</key>
                <string>538</string>
                <key>className</key>
                <string>PTModelSprite</string>
                <key>Name</key>
                <dict>
                    <key>value</key>
                    <string>BUTTON-left</string>
                </dict>
                <key>pos</key>
                <string>{1586.00,1394.00}</string>
                <key>offset</key>
                <string>{0.00,0.00}</string>
                <key>size</key>
                <string>{76.00,61.00}</string>
                <key>sourceSize</key>
                <string>{76.00,61.00}</string>
                <key>sourceRect</key>
                <string>{{0.00,0.00},{76.00,61.00}}</string>
            </dict>
            <dict>
                <key>id</key>
                <string>542</string>
                <key>className</key>
                <string>PTModelSprite</string>
                <key>Name</key>
                <dict>
                    <key>value</key>
                    <string>BUTTON-right</string>
                </dict>
                <key>pos</key>
                <string>{1948.00,851.00}</string>
                <key>offset</key>
                <string>{0.00,0.00}</string>
                <key>size</key>
                <string>{76.00,61.00}</string>
                <key>sourceSize</key>
                <string>{76.00,61.00}</string>
                <key>sourceRect</key>
                <string>{{0.00,0.00},{76.00,61.00}}</string>
            </dict>
            <dict>
                <key>id</key>
                <string>676</string>
                <key>className</key>
                <string>PTModelSprite</string>
                <key>Name</key>
                <dict>
                    <key>value</key>
                    <string>COINS-1</string>
                </dict>
                <key>pos</key>
                <string>{959.00,1394.00}</string>
                <key>offset</key>
                <string>{1.00,1.00}</string>
                <key>size</key>
                <string>{99.00,99.00}</string>
                <key>sourceSize</key>
                <string>{100.00,100.00}</string>
                <key>sourceRect</key>
                <string>{{1.00,1.00},{99.00,99.00}}</string>
            </dict>
            <dict>
                <key>id</key>
                <string>677</string>
                <key>className</key>
                <string>PTModelSprite</string>
                <key>Name</key>
                <dict>
                    <key>value</key>
                    <string>COINS-2</string>
                </dict>
                <key>pos</key>
                <string>{1062.00,1394.00}</string>
                <key>offset</key>
                <string>{1.00,1.00}</string>
                <key>size</key>
                <string>{99.00,99.00}</string>
                <key>sourceSize</key>
                <string>{100.00,100.00}</string>
                <key>sourceRect</key>
                <string>{{1.00,1.00},{99.00,99.00}}</string>
            </dict>
            <dict>
                <key>id</key>
                <string>678</string>
                <key>className</key>
                <string>PTModelSprite</string>
                <key>Name</key>
                <dict>
                    <key>value</key>
                    <string>COINS-3</string>
                </dict>
                <key>pos</key>
                <string>{856.00,1394.00}</string>
                <key>offset</key>
                <string>{1.00,1.00}</string>
                <key>size</key>
                <string>{99.00,99.00}</string>
                <key>sourceSize</key>
                <string>{100.00,100.00}</string>
                <key>sourceRect</key>
                <string>{{1.00,1.00},{99.00,99.00}}</string>
            </dict>
            <dict>
                <key>id</key>
                <string>679</string>
                <key>className</key>
                <string>PTModelSprite</string>
                <key>Name</key>
                <dict>
                    <key>value</key>
                    <string>COINS-4</string>
                </dict>
                <key>pos</key>
                <string>{753.00,1394.00}</string>
                <key>offset</key>
                <string>{1.00,1.00}</string>
                <key>size</key>
                <string>{99.00,99.00}</string>
                <key>sourceSize</key>
                <string>{100.00,100.00}</string>
                <key>sourceRect</key>
                <string>{{1.00,1.00},{99.00,99.00}}</string>
            </dict>
            <dict>
                <key>id</key>
                <string>752</string>
                <key>className</key>
                <string>PTModelSprite</string>
                <key>Name</key>
                <dict>
                    <key>value</key>
                    <string>Super_Speed_01</string>
                </dict>
                <key>pos</key>
                <string>{1795.00,1002.00}</string>
                <key>offset</key>
                <string>{0.00,0.00}</string>
                <key>size</key>
                <string>{120.00,116.00}</string>
                <key>sourceSize</key>
                <string>{120.00,116.00}</string>
                <key>sourceRect</key>
                <string>{{0.00,0.00},{120.00,116.00}}</string>
            </dict>
            <dict>
                <key>id</key>
                <string>753</string>
                <key>className</key>
                <string>PTModelSprite</string>
                <key>Name</key>
                <dict>
                    <key>value</key>
                    <string>Super_Speed_02</string>
                </dict>
                <key>pos</key>
                <string>{1737.00,1280.00}</string>
                <key>offset</key>
                <string>{0.00,0.00}</string>
                <key>size</key>
                <string>{113.00,109.00}</string>
                <key>sourceSize</key>
                <string>{120.00,116.00}</string>
                <key>sourceRect</key>
                <string>{{0.00,0.00},{113.00,109.00}}</string>
            </dict>
            <dict>
                <key>id</key>
                <string>783</string>
                <key>className</key>
                <string>PTModelSprite</string>
                <key>Name</key>
                <dict>
                    <key>value</key>
                    <string>SPEED EFECT RED</string>
                </dict>
                <key>pos</key>
                <string>{0.00,0.00}</string>
                <key>offset</key>
                <string>{0.00,0.00}</string>
                <key>size</key>
                <string>{0.00,0.00}</string>
                <key>sourceSize</key>
                <string>{150.00,210.00}</string>
                <key>sourceRect</key>
                <string>{{0.00,0.00},{0.00,0.00}}</string>
            </dict>
            <dict>
                <key>id</key>
                <string>831</string>
                <key>className</key>
                <string>PTModelSprite</string>
                <key>Name</key>
                <dict>
                    <key>value</key>
                    <string>FALL_01</string>
                </dict>
                <key>pos</key>
                <string>{108.00,0.00}</string>
                <key>offset</key>
                <string>{5.00,2.00}</string>
                <key>size</key>
                <string>{85.00,780.00}</string>
                <key>sourceSize</key>
                <string>{99.00,787.00}</string>
                <key>sourceRect</key>
                <string>{{5.00,2.00},{85.00,780.00}}</string>
            </dict>
            <dict>
                <key>id</key>
                <string>842</string>
                <key>className</key>
                <string>PTModelSprite</string>
                <key>Name</key>
                <dict>
                    <key>value</key>
                    <string>FALL_02</string>
                </dict>
                <key>pos</key>
                <string>{0.00,0.00}</string>
                <key>offset</key>
                <string>{43.00,4.00}</string>
                <key>size</key>
                <string>{104.00,1559.00}</string>
                <key>sourceSize</key>
                <string>{198.00,1574.00}</string>
                <key>sourceRect</key>
                <string>{{43.00,4.00},{104.00,1559.00}}</string>
            </dict>
            <dict>
                <key>id</key>
                <string>871</string>
                <key>className</key>
                <string>PTModelSprite</string>
                <key>Name</key>
                <dict>
                    <key>value</key>
                    <string>BG-KM-1</string>
                </dict>
                <key>pos</key>
                <string>{108.00,1501.00}</string>
                <key>offset</key>
                <string>{0.00,0.00}</string>
                <key>size</key>
                <string>{540.00,45.00}</string>
                <key>sourceSize</key>
                <string>{540.00,45.00}</string>
                <key>sourceRect</key>
                <string>{{0.00,0.00},{540.00,45.00}}</string>
            </dict>
            <dict>
                <key>id</key>
                <string>876</string>
                <key>className</key>
                <string>PTModelSprite</string>
                <key>Name</key>
                <dict>
                    <key>value</key>
                    <string>BG-KM-2</string>
                </dict>
                <key>pos</key>
                <string>{652.00,1501.00}</string>
                <key>offset</key>
                <string>{0.00,0.00}</string>
                <key>size</key>
                <string>{540.00,45.00}</string>
                <key>sourceSize</key>
                <string>{540.00,45.00}</string>
                <key>sourceRect</key>
                <string>{{0.00,0.00},{540.00,45.00}}</string>
            </dict>
            <dict>
                <key>id</key>
                <string>1018</string>
                <key>className</key>
                <string>PTModelSprite</string>
                <key>Name</key>
                <dict>
                    <key>value</key>
                    <string>km-01</string>
                </dict>
                <key>pos</key>
                <string>{1475.00,1394.00}</string>
                <key>offset</key>
                <string>{83.00,20.00}</string>
                <key>size</key>
                <string>{107.00,75.00}</string>
                <key>sourceSize</key>
                <string>{267.00,120.00}</string>
                <key>sourceRect</key>
                <string>{{83.00,20.00},{107.00,75.00}}</string>
            </dict>
            <dict>
                <key>id</key>
                <string>1019</string>
                <key>className</key>
                <string>PTModelSprite</string>
                <key>Name</key>
                <dict>
                    <key>value</key>
                    <string>km-02</string>
                </dict>
                <key>pos</key>
                <string>{362.00,1394.00}</string>
                <key>offset</key>
                <string>{43.00,9.00}</string>
                <key>size</key>
                <string>{181.00,102.00}</string>
                <key>sourceSize</key>
                <string>{267.00,120.00}</string>
                <key>sourceRect</key>
                <string>{{43.00,9.00},{181.00,102.00}}</string>
            </dict>
            <dict>
                <key>id</key>
                <string>1020</string>
                <key>className</key>
                <string>PTModelSprite</string>
                <key>Name</key>
                <dict>
                    <key>value</key>
                    <string>km-03</string>
                </dict>
                <key>pos</key>
                <string>{1524.00,1002.00}</string>
                <key>offset</key>
                <string>{0.00,0.00}</string>
                <key>size</key>
                <string>{267.00,120.00}</string>
                <key>sourceSize</key>
                <string>{267.00,120.00}</string>
                <key>sourceRect</key>
                <string>{{0.00,0.00},{267.00,120.00}}</string>
            </dict>
            <dict>
                <key>id</key>
                <string>1043</string>
                <key>className</key>
                <string>PTModelSprite</string>
                <key>Name</key>
                <dict>
                    <key>value</key>
                    <string>coins</string>
                </dict>
                <key>pos</key>
                <string>{1165.00,1394.00}</string>
                <key>offset</key>
                <string>{1.00,1.00}</string>
                <key>size</key>
                <string>{99.00,99.00}</string>
                <key>sourceSize</key>
                <string>{100.00,100.00}</string>
                <key>sourceRect</key>
                <string>{{1.00,1.00},{99.00,99.00}}</string>
            </dict>
            <dict>
                <key>id</key>
                <string>1044</string>
                <key>className</key>
                <string>PTModelSprite</string>
                <key>Name</key>
                <dict>
                    <key>value</key>
                    <string>COINS-2</string>
                </dict>
                <key>pos</key>
                <string>{1268.00,1394.00}</string>
                <key>offset</key>
                <string>{1.00,1.00}</string>
                <key>size</key>
                <string>{99.00,99.00}</string>
                <key>sourceSize</key>
                <string>{100.00,100.00}</string>
                <key>sourceRect</key>
                <string>{{1.00,1.00},{99.00,99.00}}</string>
            </dict>
            <dict>
                <key>id</key>
                <string>1045</string>
                <key>className</key>
                <string>PTModelSprite</string>
                <key>Name</key>
                <dict>
                    <key>value</key>
                    <string>COINS-3</string>
                </dict>
                <key>pos</key>
                <string>{650.00,1394.00}</string>
                <key>offset</key>
                <string>{1.00,1.00}</string>
                <key>size</key>
                <string>{99.00,99.00}</string>
                <key>sourceSize</key>
                <string>{100.00,100.00}</string>
                <key>sourceRect</key>
                <string>{{1.00,1.00},{99.00,99.00}}</string>
            </dict>
            <dict>
                <key>id</key>
                <string>1046</string>
                <key>className</key>
                <string>PTModelSprite</string>
                <key>Name</key>
                <dict>
                    <key>value</key>
                    <string>COINS-4</string>
                </dict>
                <key>pos</key>
                <string>{547.00,1394.00}</string>
                <key>offset</key>
                <string>{1.00,1.00}</string>
                <key>size</key>
                <string>{99.00,99.00}</string>
                <key>sourceSize</key>
                <string>{100.00,100.00}</string>
                <key>sourceRect</key>
                <string>{{1.00,1.00},{99.00,99.00}}</string>
            </dict>
            <dict>
                <key>id</key>
                <string>1208</string>
                <key>className</key>
                <string>PTModelSprite</string>
                <key>Name</key>
                <dict>
                    <key>value</key>
                    <string>BG-01</string>
                </dict>
                <key>pos</key>
                <string>{1288.00,0.00}</string>
                <key>offset</key>
                <string>{0.00,0.00}</string>
                <key>size</key>
                <string>{640.00,1136.00}</string>
                <key>sourceSize</key>
                <string>{640.00,1136.00}</string>
                <key>sourceRect</key>
                <string>{{0.00,0.00},{640.00,1136.00}}</string>
            </dict>
            <dict>
                <key>id</key>
                <string>1215</string>
                <key>className</key>
                <string>PTModelSprite</string>
                <key>Name</key>
                <dict>
                    <key>value</key>
                    <string>BG-Home</string>
                </dict>
                <key>pos</key>
                <string>{644.00,0.00}</string>
                <key>offset</key>
                <string>{0.00,0.00}</string>
                <key>size</key>
                <string>{640.00,1136.00}</string>
                <key>sourceSize</key>
                <string>{640.00,1136.00}</string>
                <key>sourceRect</key>
                <string>{{0.00,0.00},{640.00,1136.00}}</string>
            </dict>
            <dict>
                <key>id</key>
                <string>1226</string>
                <key>className</key>
                <string>PTModelSprite</string>
                <key>Name</key>
                <dict>
                    <key>value</key>
                    <string>Play</string>
                </dict>
                <key>pos</key>
                <string>{1051.00,784.00}</string>
                <key>offset</key>
                <string>{0.00,0.00}</string>
                <key>size</key>
                <string>{289.00,177.00}</string>
                <key>sourceSize</key>
                <string>{289.00,177.00}</string>
                <key>sourceRect</key>
                <string>{{0.00,0.00},{289.00,177.00}}</string>
            </dict>
            <dict>
                <key>id</key>
                <string>1235</string>
                <key>className</key>
                <string>PTModelSprite</string>
                <key>Name</key>
                <dict>
                    <key>value</key>
                    <string>Sound-ON-1</string>
                </dict>
                <key>pos</key>
                <string>{816.00,1002.00}</string>
                <key>offset</key>
                <string>{0.00,0.00}</string>
                <key>size</key>
                <string>{232.00,154.00}</string>
                <key>sourceSize</key>
                <string>{232.00,154.00}</string>
                <key>sourceRect</key>
                <string>{{0.00,0.00},{232.00,154.00}}</string>
            </dict>
            <dict>
                <key>id</key>
                <string>1236</string>
                <key>className</key>
                <string>PTModelSprite</string>
                <key>Name</key>
                <dict>
                    <key>value</key>
                    <string>Sound-ON-2</string>
                </dict>
                <key>pos</key>
                <string>{1288.00,1002.00}</string>
                <key>offset</key>
                <string>{0.00,0.00}</string>
                <key>size</key>
                <string>{232.00,154.00}</string>
                <key>sourceSize</key>
                <string>{232.00,154.00}</string>
                <key>sourceRect</key>
                <string>{{0.00,0.00},{232.00,154.00}}</string>
            </dict>
            <dict>
                <key>id</key>
                <string>1237</string>
                <key>className</key>
                <string>PTModelSprite</string>
                <key>Name</key>
                <dict>
                    <key>value</key>
                    <string>Sound-ON-3</string>
                </dict>
                <key>pos</key>
                <string>{1456.00,478.00}</string>
                <key>offset</key>
                <string>{0.00,0.00}</string>
                <key>size</key>
                <string>{232.00,154.00}</string>
                <key>sourceSize</key>
                <string>{232.00,154.00}</string>
                <key>sourceRect</key>
                <string>{{0.00,0.00},{232.00,154.00}}</string>
            </dict>
            <dict>
                <key>id</key>
                <string>1246</string>
                <key>className</key>
                <string>PTModelSprite</string>
                <key>Name</key>
                <dict>
                    <key>value</key>
                    <string>High_Score</string>
                </dict>
                <key>pos</key>
                <string>{1692.00,478.00}</string>
                <key>offset</key>
                <string>{0.00,0.00}</string>
                <key>size</key>
                <string>{232.00,154.00}</string>
                <key>sourceSize</key>
                <string>{232.00,154.00}</string>
                <key>sourceRect</key>
                <string>{{0.00,0.00},{232.00,154.00}}</string>
            </dict>
            <dict>
                <key>id</key>
                <string>1250</string>
                <key>className</key>
                <string>PTModelSprite</string>
                <key>Name</key>
                <dict>
                    <key>value</key>
                    <string>Sound-Off</string>
                </dict>
                <key>pos</key>
                <string>{1580.00,784.00}</string>
                <key>offset</key>
                <string>{0.00,0.00}</string>
                <key>size</key>
                <string>{232.00,154.00}</string>
                <key>sourceSize</key>
                <string>{232.00,154.00}</string>
                <key>sourceRect</key>
                <string>{{0.00,0.00},{232.00,154.00}}</string>
            </dict>
            <dict>
                <key>id</key>
                <string>1267</string>
                <key>className</key>
                <string>PTModelSprite</string>
                <key>Name</key>
                <dict>
                    <key>value</key>
                    <string>Car Speed Racing Text</string>
                </dict>
                <key>pos</key>
                <string>{612.00,1280.00}</string>
                <key>offset</key>
                <string>{0.00,0.00}</string>
                <key>size</key>
                <string>{500.00,110.00}</string>
                <key>sourceSize</key>
                <string>{500.00,110.00}</string>
                <key>sourceRect</key>
                <string>{{0.00,0.00},{500.00,110.00}}</string>
            </dict>
            <dict>
                <key>id</key>
                <string>1271</string>
                <key>className</key>
                <string>PTModelSprite</string>
                <key>Name</key>
                <dict>
                    <key>value</key>
                    <string>Car without Wheel</string>
                </dict>
                <key>pos</key>
                <string>{1211.00,644.00}</string>
                <key>offset</key>
                <string>{6.00,145.00}</string>
                <key>size</key>
                <string>{388.00,129.00}</string>
                <key>sourceSize</key>
                <string>{400.00,400.00}</string>
                <key>sourceRect</key>
                <string>{{6.00,145.00},{388.00,129.00}}</string>
            </dict>
            <dict>
                <key>id</key>
                <string>1277</string>
                <key>className</key>
                <string>PTModelSprite</string>
                <key>Name</key>
                <dict>
                    <key>value</key>
                    <string>1</string>
                </dict>
                <key>pos</key>
                <string>{1948.00,784.00}</string>
                <key>offset</key>
                <string>{0.00,0.00}</string>
                <key>size</key>
                <string>{63.00,63.00}</string>
                <key>sourceSize</key>
                <string>{63.00,63.00}</string>
                <key>sourceRect</key>
                <string>{{0.00,0.00},{63.00,63.00}}</string>
            </dict>
            <dict>
                <key>id</key>
                <string>1336</string>
                <key>className</key>
                <string>PTModelSprite</string>
                <key>Name</key>
                <dict>
                    <key>value</key>
                    <string>Select Your Car TEXT</string>
                </dict>
                <key>pos</key>
                <string>{108.00,1280.00}</string>
                <key>offset</key>
                <string>{0.00,0.00}</string>
                <key>size</key>
                <string>{500.00,110.00}</string>
                <key>sourceSize</key>
                <string>{500.00,110.00}</string>
                <key>sourceRect</key>
                <string>{{0.00,0.00},{500.00,110.00}}</string>
            </dict>
            <dict>
                <key>id</key>
                <string>1383</string>
                <key>className</key>
                <string>PTModelSprite</string>
                <key>Name</key>
                <dict>
                    <key>value</key>
                    <string>Player_Cop_01</string>
                </dict>
                <key>pos</key>
                <string>{1759.00,254.00}</string>
                <key>offset</key>
                <string>{77.00,25.00}</string>
                <key>size</key>
                <string>{98.00,214.00}</string>
                <key>sourceSize</key>
                <string>{256.00,256.00}</string>
                <key>sourceRect</key>
                <string>{{77.00,25.00},{98.00,214.00}}</string>
            </dict>
            <dict>
                <key>id</key>
                <string>1384</string>
                <key>className</key>
                <string>PTModelSprite</string>
                <key>Name</key>
                <dict>
                    <key>value</key>
                    <string>Player_Cop_02</string>
                </dict>
                <key>pos</key>
                <string>{210.00,784.00}</string>
                <key>offset</key>
                <string>{77.00,25.00}</string>
                <key>size</key>
                <string>{98.00,214.00}</string>
                <key>sourceSize</key>
                <string>{256.00,256.00}</string>
                <key>sourceRect</key>
                <string>{{77.00,25.00},{98.00,214.00}}</string>
            </dict>
            <dict>
                <key>id</key>
                <string>1385</string>
                <key>className</key>
                <string>PTModelSprite</string>
                <key>Name</key>
                <dict>
                    <key>value</key>
                    <string>Player_Cop_03</string>
                </dict>
                <key>pos</key>
                <string>{1861.00,254.00}</string>
                <key>offset</key>
                <string>{77.00,25.00}</string>
                <key>size</key>
                <string>{98.00,214.00}</string>
                <key>sourceSize</key>
                <string>{256.00,256.00}</string>
                <key>sourceRect</key>
                <string>{{77.00,25.00},{98.00,214.00}}</string>
            </dict>
            <dict>
                <key>id</key>
                <string>1396</string>
                <key>className</key>
                <string>PTModelSprite</string>
                <key>Name</key>
                <dict>
                    <key>value</key>
                    <string>Player_Taxi</string>
                </dict>
                <key>pos</key>
                <string>{1686.00,0.00}</string>
                <key>offset</key>
                <string>{57.00,3.00}</string>
                <key>size</key>
                <string>{126.00,234.00}</string>
                <key>sourceSize</key>
                <string>{256.00,256.00}</string>
                <key>sourceRect</key>
                <string>{{57.00,3.00},{126.00,234.00}}</string>
            </dict>
            <dict>
                <key>id</key>
                <string>1409</string>
                <key>className</key>
                <string>PTModelSprite</string>
                <key>Name</key>
                <dict>
                    <key>value</key>
                    <string>CAR--RED-icon</string>
                </dict>
                <key>pos</key>
                <string>{108.00,1394.00}</string>
                <key>offset</key>
                <string>{0.00,73.00}</string>
                <key>size</key>
                <string>{250.00,103.00}</string>
                <key>sourceSize</key>
                <string>{250.00,250.00}</string>
                <key>sourceRect</key>
                <string>{{0.00,73.00},{250.00,103.00}}</string>
            </dict>
            <dict>
                <key>id</key>
                <string>1430</string>
                <key>className</key>
                <string>PTModelSprite</string>
                <key>Name</key>
                <dict>
                    <key>value</key>
                    <string>Police-Closed</string>
                </dict>
                <key>pos</key>
                <string>{197.00,644.00}</string>
                <key>offset</key>
                <string>{0.00,84.00}</string>
                <key>size</key>
                <string>{249.00,136.00}</string>
                <key>sourceSize</key>
                <string>{250.00,250.00}</string>
                <key>sourceRect</key>
                <string>{{0.00,84.00},{249.00,136.00}}</string>
            </dict>
            <dict>
                <key>id</key>
                <string>1438</string>
                <key>className</key>
                <string>PTModelSprite</string>
                <key>Name</key>
                <dict>
                    <key>value</key>
                    <string>Police-ICON</string>
                </dict>
                <key>pos</key>
                <string>{450.00,644.00}</string>
                <key>offset</key>
                <string>{0.00,87.00}</string>
                <key>size</key>
                <string>{249.00,133.00}</string>
                <key>sourceSize</key>
                <string>{250.00,250.00}</string>
                <key>sourceRect</key>
                <string>{{0.00,87.00},{249.00,133.00}}</string>
            </dict>
            <dict>
                <key>id</key>
                <string>1447</string>
                <key>className</key>
                <string>PTModelSprite</string>
                <key>Name</key>
                <dict>
                    <key>value</key>
                    <string>Taxi-icon</string>
                </dict>
                <key>pos</key>
                <string>{703.00,644.00}</string>
                <key>offset</key>
                <string>{0.00,78.00}</string>
                <key>size</key>
                <string>{250.00,133.00}</string>
                <key>sourceSize</key>
                <string>{250.00,250.00}</string>
                <key>sourceRect</key>
                <string>{{0.00,78.00},{250.00,133.00}}</string>
            </dict>
            <dict>
                <key>id</key>
                <string>1455</string>
                <key>className</key>
                <string>PTModelSprite</string>
                <key>Name</key>
                <dict>
                    <key>value</key>
                    <string>taxi-icon-Closed</string>
                </dict>
                <key>pos</key>
                <string>{957.00,644.00}</string>
                <key>offset</key>
                <string>{0.00,78.00}</string>
                <key>size</key>
                <string>{250.00,133.00}</string>
                <key>sourceSize</key>
                <string>{250.00,250.00}</string>
                <key>sourceRect</key>
                <string>{{0.00,78.00},{250.00,133.00}}</string>
            </dict>
            <dict>
                <key>id</key>
                <string>1505</string>
                <key>className</key>
                <string>PTModelSprite</string>
                <key>Name</key>
                <dict>
                    <key>value</key>
                    <string>BACK</string>
                </dict>
                <key>pos</key>
                <string>{1052.00,1002.00}</string>
                <key>offset</key>
                <string>{0.00,0.00}</string>
                <key>size</key>
                <string>{232.00,154.00}</string>
                <key>sourceSize</key>
                <string>{232.00,154.00}</string>
                <key>sourceRect</key>
                <string>{{0.00,0.00},{232.00,154.00}}</string>
            </dict>
            <dict>
                <key>id</key>
                <string>1535</string>
                <key>className</key>
                <string>PTModelSprite</string>
                <key>Name</key>
                <dict>
                    <key>value</key>
                    <string>Pause</string>
                </dict>
                <key>pos</key>
                <string>{1344.00,784.00}</string>
                <key>offset</key>
                <string>{0.00,0.00}</string>
                <key>size</key>
                <string>{232.00,154.00}</string>
                <key>sourceSize</key>
                <string>{232.00,154.00}</string>
                <key>sourceRect</key>
                <string>{{0.00,0.00},{232.00,154.00}}</string>
            </dict>
            <dict>
                <key>id</key>
                <string>1592</string>
                <key>className</key>
                <string>PTModelSprite</string>
                <key>Name</key>
                <dict>
                    <key>value</key>
                    <string>Manette</string>
                </dict>
                <key>pos</key>
                <string>{1603.00,644.00}</string>
                <key>offset</key>
                <string>{0.00,0.00}</string>
                <key>size</key>
                <string>{128.00,128.00}</string>
                <key>sourceSize</key>
                <string>{128.00,128.00}</string>
                <key>sourceRect</key>
                <string>{{0.00,0.00},{128.00,128.00}}</string>
            </dict>
            <dict>
                <key>id</key>
                <string>1598</string>
                <key>className</key>
                <string>PTModelSprite</string>
                <key>Name</key>
                <dict>
                    <key>value</key>
                    <string>joystick</string>
                </dict>
                <key>pos</key>
                <string>{1735.00,644.00}</string>
                <key>offset</key>
                <string>{0.00,0.00}</string>
                <key>size</key>
                <string>{128.00,128.00}</string>
                <key>sourceSize</key>
                <string>{128.00,128.00}</string>
                <key>sourceRect</key>
                <string>{{0.00,0.00},{128.00,128.00}}</string>
            </dict>
            <dict>
                <key>id</key>
                <string>1615</string>
                <key>className</key>
                <string>PTModelSprite</string>
                <key>Name</key>
                <dict>
                    <key>value</key>
                    <string>Select Your Mode Text</string>
                </dict>
                <key>pos</key>
                <string>{1116.00,1280.00}</string>
                <key>offset</key>
                <string>{0.00,0.00}</string>
                <key>size</key>
                <string>{500.00,110.00}</string>
                <key>sourceSize</key>
                <string>{500.00,110.00}</string>
                <key>sourceRect</key>
                <string>{{0.00,0.00},{500.00,110.00}}</string>
            </dict>
            <dict>
                <key>id</key>
                <string>1627</string>
                <key>className</key>
                <string>PTModelSprite</string>
                <key>Name</key>
                <dict>
                    <key>value</key>
                    <string>steering wheel </string>
                </dict>
                <key>pos</key>
                <string>{1816.00,784.00}</string>
                <key>offset</key>
                <string>{0.00,0.00}</string>
                <key>size</key>
                <string>{128.00,128.00}</string>
                <key>sourceSize</key>
                <string>{128.00,128.00}</string>
                <key>sourceRect</key>
                <string>{{0.00,0.00},{128.00,128.00}}</string>
            </dict>
            <dict>
                <key>id</key>
                <string>1631</string>
                <key>className</key>
                <string>PTModelSprite</string>
                <key>Name</key>
                <dict>
                    <key>value</key>
                    <string>steering wheel icon - Closed</string>
                </dict>
                <key>pos</key>
                <string>{1867.00,644.00}</string>
                <key>offset</key>
                <string>{0.00,0.00}</string>
                <key>size</key>
                <string>{128.00,128.00}</string>
                <key>sourceSize</key>
                <string>{128.00,128.00}</string>
                <key>sourceRect</key>
                <string>{{0.00,0.00},{128.00,128.00}}</string>
            </dict>
            <dict>
                <key>id</key>
                <string>1639</string>
                <key>className</key>
                <string>PTModelSprite</string>
                <key>Name</key>
                <dict>
                    <key>value</key>
                    <string>Restart</string>
                </dict>
                <key>pos</key>
                <string>{580.00,1002.00}</string>
                <key>offset</key>
                <string>{0.00,0.00}</string>
                <key>size</key>
                <string>{232.00,154.00}</string>
                <key>sourceSize</key>
                <string>{232.00,154.00}</string>
                <key>sourceRect</key>
                <string>{{0.00,0.00},{232.00,154.00}}</string>
            </dict>
            <dict>
                <key>id</key>
                <string>1645</string>
                <key>className</key>
                <string>PTModelSprite</string>
                <key>Name</key>
                <dict>
                    <key>value</key>
                    <string>HOME</string>
                </dict>
                <key>pos</key>
                <string>{344.00,1002.00}</string>
                <key>offset</key>
                <string>{0.00,0.00}</string>
                <key>size</key>
                <string>{232.00,154.00}</string>
                <key>sourceSize</key>
                <string>{232.00,154.00}</string>
                <key>sourceRect</key>
                <string>{{0.00,0.00},{232.00,154.00}}</string>
            </dict>
            <dict>
                <key>id</key>
                <string>1656</string>
                <key>className</key>
                <string>PTModelSprite</string>
                <key>Name</key>
                <dict>
                    <key>value</key>
                    <string>2</string>
                </dict>
                <key>pos</key>
                <string>{1132.00,1140.00}</string>
                <key>offset</key>
                <string>{0.00,0.00}</string>
                <key>size</key>
                <string>{562.00,563.00}</string>
                <key>sourceSize</key>
                <string>{562.00,563.00}</string>
                <key>sourceRect</key>
                <string>{{0.00,0.00},{562.00,563.00}}</string>
            </dict>
            <dict>
                <key>id</key>
                <string>1665</string>
                <key>className</key>
                <string>PTModelSprite</string>
                <key>Name</key>
                <dict>
                    <key>value</key>
                    <string>GameOver text</string>
                </dict>
                <key>pos</key>
                <string>{232.00,1160.00}</string>
                <key>offset</key>
                <string>{0.00,0.00}</string>
                <key>size</key>
                <string>{500.00,110.00}</string>
                <key>sourceSize</key>
                <string>{500.00,110.00}</string>
                <key>sourceRect</key>
                <string>{{0.00,0.00},{500.00,110.00}}</string>
            </dict>
            <dict>
                <key>id</key>
                <string>1677</string>
                <key>className</key>
                <string>PTModelSprite</string>
                <key>Name</key>
                <dict>
                    <key>value</key>
                    <string>1</string>
                </dict>
                <key>pos</key>
                <string>{566.00,1140.00}</string>
                <key>offset</key>
                <string>{0.00,0.00}</string>
                <key>size</key>
                <string>{562.00,563.00}</string>
                <key>sourceSize</key>
                <string>{562.00,563.00}</string>
                <key>sourceRect</key>
                <string>{{0.00,0.00},{562.00,563.00}}</string>
            </dict>
            <dict>
                <key>id</key>
                <string>1789</string>
                <key>className</key>
                <string>PTModelSprite</string>
                <key>Name</key>
                <dict>
                    <key>value</key>
                    <string>Speed_01</string>
                </dict>
                <key>pos</key>
                <string>{1620.00,1280.00}</string>
                <key>offset</key>
                <string>{0.00,0.00}</string>
                <key>size</key>
                <string>{113.00,109.00}</string>
                <key>sourceSize</key>
                <string>{120.00,116.00}</string>
                <key>sourceRect</key>
                <string>{{0.00,0.00},{113.00,109.00}}</string>
            </dict>
            <dict>
                <key>id</key>
                <string>1790</string>
                <key>className</key>
                <string>PTModelSprite</string>
                <key>Name</key>
                <dict>
                    <key>value</key>
                    <string>Speed_02</string>
                </dict>
                <key>pos</key>
                <string>{1919.00,1002.00}</string>
                <key>offset</key>
                <string>{0.00,0.00}</string>
                <key>size</key>
                <string>{120.00,116.00}</string>
                <key>sourceSize</key>
                <string>{120.00,116.00}</string>
                <key>sourceRect</key>
                <string>{{0.00,0.00},{120.00,116.00}}</string>
            </dict>
            <dict>
                <key>id</key>
                <string>1830</string>
                <key>className</key>
                <string>PTModelSprite</string>
                <key>Name</key>
                <dict>
                    <key>value</key>
                    <string>More Game</string>
                </dict>
                <key>pos</key>
                <string>{1858.00,1160.00}</string>
                <key>offset</key>
                <string>{0.00,0.00}</string>
                <key>size</key>
                <string>{110.00,110.00}</string>
                <key>sourceSize</key>
                <string>{110.00,110.00}</string>
                <key>sourceRect</key>
                <string>{{0.00,0.00},{110.00,110.00}}</string>
            </dict>
            <dict>
                <key>id</key>
                <string>1870</string>
                <key>className</key>
                <string>PTModelSprite</string>
                <key>Name</key>
                <dict>
                    <key>value</key>
                    <string>Square - 04</string>
                </dict>
                <key>pos</key>
                <string>{0.00,1140.00}</string>
                <key>offset</key>
                <string>{0.00,0.00}</string>
                <key>size</key>
                <string>{562.00,563.00}</string>
                <key>sourceSize</key>
                <string>{562.00,563.00}</string>
                <key>sourceRect</key>
                <string>{{0.00,0.00},{562.00,563.00}}</string>
            </dict>
            <dict>
                <key>id</key>
                <string>1876</string>
                <key>className</key>
                <string>PTModelSprite</string>
                <key>Name</key>
                <dict>
                    <key>value</key>
                    <string>BG-01</string>
                </dict>
                <key>pos</key>
                <string>{0.00,0.00}</string>
                <key>offset</key>
                <string>{0.00,0.00}</string>
                <key>size</key>
                <string>{640.00,1136.00}</string>
                <key>sourceSize</key>
                <string>{640.00,1136.00}</string>
                <key>sourceRect</key>
                <string>{{0.00,0.00},{640.00,1136.00}}</string>
            </dict>
            <dict>
                <key>id</key>
                <string>1882</string>
                <key>className</key>
                <string>PTModelSprite</string>
                <key>Name</key>
                <dict>
                    <key>value</key>
                    <string>Pause text</string>
                </dict>
                <key>pos</key>
                <string>{1354.00,1160.00}</string>
                <key>offset</key>
                <string>{0.00,0.00}</string>
                <key>size</key>
                <string>{500.00,110.00}</string>
                <key>sourceSize</key>
                <string>{500.00,110.00}</string>
                <key>sourceRect</key>
                <string>{{0.00,0.00},{500.00,110.00}}</string>
            </dict>
            <dict>
                <key>id</key>
                <string>1888</string>
                <key>className</key>
                <string>PTModelSprite</string>
                <key>Name</key>
                <dict>
                    <key>value</key>
                    <string>Play</string>
                </dict>
                <key>pos</key>
                <string>{758.00,784.00}</string>
                <key>offset</key>
                <string>{0.00,0.00}</string>
                <key>size</key>
                <string>{289.00,177.00}</string>
                <key>sourceSize</key>
                <string>{289.00,177.00}</string>
                <key>sourceRect</key>
                <string>{{0.00,0.00},{289.00,177.00}}</string>
            </dict>
            <dict>
                <key>id</key>
                <string>1927</string>
                <key>className</key>
                <string>PTModelSprite</string>
                <key>Name</key>
                <dict>
                    <key>value</key>
                    <string>BG-03</string>
                </dict>
                <key>pos</key>
                <string>{644.00,0.00}</string>
                <key>offset</key>
                <string>{0.00,0.00}</string>
                <key>size</key>
                <string>{640.00,1136.00}</string>
                <key>sourceSize</key>
                <string>{640.00,1136.00}</string>
                <key>sourceRect</key>
                <string>{{0.00,0.00},{640.00,1136.00}}</string>
            </dict>
            <dict>
                <key>id</key>
                <string>1934</string>
                <key>className</key>
                <string>PTModelSprite</string>
                <key>Name</key>
                <dict>
                    <key>value</key>
                    <string>You Win 01</string>
                </dict>
                <key>pos</key>
                <string>{504.00,1707.00}</string>
                <key>offset</key>
                <string>{0.00,0.00}</string>
                <key>size</key>
                <string>{500.00,110.00}</string>
                <key>sourceSize</key>
                <string>{500.00,110.00}</string>
                <key>sourceRect</key>
                <string>{{0.00,0.00},{500.00,110.00}}</string>
            </dict>
            <dict>
                <key>id</key>
                <string>1935</string>
                <key>className</key>
                <string>PTModelSprite</string>
                <key>Name</key>
                <dict>
                    <key>value</key>
                    <string>You Win 02</string>
                </dict>
                <key>pos</key>
                <string>{0.00,1707.00}</string>
                <key>offset</key>
                <string>{0.00,0.00}</string>
                <key>size</key>
                <string>{500.00,110.00}</string>
                <key>sourceSize</key>
                <string>{500.00,110.00}</string>
                <key>sourceRect</key>
                <string>{{0.00,0.00},{500.00,110.00}}</string>
            </dict>
            <dict>
                <key>id</key>
                <string>1942</string>
                <key>className</key>
                <string>PTModelSprite</string>
                <key>Name</key>
                <dict>
                    <key>value</key>
                    <string>Next</string>
                </dict>
                <key>pos</key>
                <string>{108.00,1002.00}</string>
                <key>offset</key>
                <string>{0.00,0.00}</string>
                <key>size</key>
                <string>{232.00,154.00}</string>
                <key>sourceSize</key>
                <string>{232.00,154.00}</string>
                <key>sourceRect</key>
                <string>{{0.00,0.00},{232.00,154.00}}</string>
            </dict>
            <dict>
                <key>id</key>
                <string>1948</string>
                <key>className</key>
                <string>PTModelSprite</string>
                <key>Name</key>
                <dict>
                    <key>value</key>
                    <string>Square - 03 you win</string>
                </dict>
                <key>pos</key>
                <string>{1288.00,0.00}</string>
                <key>offset</key>
                <string>{0.00,0.00}</string>
                <key>size</key>
                <string>{562.00,563.00}</string>
                <key>sourceSize</key>
                <string>{562.00,563.00}</string>
                <key>sourceRect</key>
                <string>{{0.00,0.00},{562.00,563.00}}</string>
            </dict>
            <dict>
                <key>id</key>
                <string>1988</string>
                <key>className</key>
                <string>PTModelSprite</string>
                <key>Name</key>
                <dict>
                    <key>value</key>
                    <string>Select Stage TEXT</string>
                </dict>
                <key>pos</key>
                <string>{850.00,1160.00}</string>
                <key>offset</key>
                <string>{0.00,0.00}</string>
                <key>size</key>
                <string>{500.00,110.00}</string>
                <key>sourceSize</key>
                <string>{500.00,110.00}</string>
                <key>sourceRect</key>
                <string>{{0.00,0.00},{500.00,110.00}}</string>
            </dict>
            <dict>
                <key>id</key>
                <string>2055</string>
                <key>className</key>
                <string>PTModelSprite</string>
                <key>Name</key>
                <dict>
                    <key>value</key>
                    <string>Stage 01</string>
                </dict>
                <key>pos</key>
                <string>{736.00,1160.00}</string>
                <key>offset</key>
                <string>{0.00,0.00}</string>
                <key>size</key>
                <string>{110.00,110.00}</string>
                <key>sourceSize</key>
                <string>{110.00,110.00}</string>
                <key>sourceRect</key>
                <string>{{0.00,0.00},{110.00,110.00}}</string>
            </dict>
            <dict>
                <key>id</key>
                <string>2061</string>
                <key>className</key>
                <string>PTModelSprite</string>
                <key>Name</key>
                <dict>
                    <key>value</key>
                    <string>Stage 02</string>
                </dict>
                <key>pos</key>
                <string>{1926.00,1404.00}</string>
                <key>offset</key>
                <string>{0.00,0.00}</string>
                <key>size</key>
                <string>{110.00,110.00}</string>
                <key>sourceSize</key>
                <string>{110.00,110.00}</string>
                <key>sourceRect</key>
                <string>{{0.00,0.00},{110.00,110.00}}</string>
            </dict>
            <dict>
                <key>id</key>
                <string>2067</string>
                <key>className</key>
                <string>PTModelSprite</string>
                <key>Name</key>
                <dict>
                    <key>value</key>
                    <string>STAGE 02 - CLOSED</string>
                </dict>
                <key>pos</key>
                <string>{1812.00,1404.00}</string>
                <key>offset</key>
                <string>{0.00,0.00}</string>
                <key>size</key>
                <string>{110.00,110.00}</string>
                <key>sourceSize</key>
                <string>{110.00,110.00}</string>
                <key>sourceRect</key>
                <string>{{0.00,0.00},{110.00,110.00}}</string>
            </dict>
            <dict>
                <key>id</key>
                <string>2077</string>
                <key>className</key>
                <string>PTModelSprite</string>
                <key>Name</key>
                <dict>
                    <key>value</key>
                    <string>STAGE 03 - CLOSED</string>
                </dict>
                <key>pos</key>
                <string>{1698.00,1404.00}</string>
                <key>offset</key>
                <string>{0.00,0.00}</string>
                <key>size</key>
                <string>{110.00,110.00}</string>
                <key>sourceSize</key>
                <string>{110.00,110.00}</string>
                <key>sourceRect</key>
                <string>{{0.00,0.00},{110.00,110.00}}</string>
            </dict>
            <dict>
                <key>id</key>
                <string>2083</string>
                <key>className</key>
                <string>PTModelSprite</string>
                <key>Name</key>
                <dict>
                    <key>value</key>
                    <string>Stage 03</string>
                </dict>
                <key>pos</key>
                <string>{1926.00,1290.00}</string>
                <key>offset</key>
                <string>{0.00,0.00}</string>
                <key>size</key>
                <string>{110.00,110.00}</string>
                <key>sourceSize</key>
                <string>{110.00,110.00}</string>
                <key>sourceRect</key>
                <string>{{0.00,0.00},{110.00,110.00}}</string>
            </dict>
            <dict>
                <key>id</key>
                <string>2089</string>
                <key>className</key>
                <string>PTModelSprite</string>
                <key>Name</key>
                <dict>
                    <key>value</key>
                    <string>Stage 04</string>
                </dict>
                <key>pos</key>
                <string>{1812.00,1290.00}</string>
                <key>offset</key>
                <string>{0.00,0.00}</string>
                <key>size</key>
                <string>{110.00,110.00}</string>
                <key>sourceSize</key>
                <string>{110.00,110.00}</string>
                <key>sourceRect</key>
                <string>{{0.00,0.00},{110.00,110.00}}</string>
            </dict>
            <dict>
                <key>id</key>
                <string>2095</string>
                <key>className</key>
                <string>PTModelSprite</string>
                <key>Name</key>
                <dict>
                    <key>value</key>
                    <string>STAGE 04 - CLOSED</string>
                </dict>
                <key>pos</key>
                <string>{1698.00,1290.00}</string>
                <key>offset</key>
                <string>{0.00,0.00}</string>
                <key>size</key>
                <string>{110.00,110.00}</string>
                <key>sourceSize</key>
                <string>{110.00,110.00}</string>
                <key>sourceRect</key>
                <string>{{0.00,0.00},{110.00,110.00}}</string>
            </dict>
            <dict>
                <key>id</key>
                <string>2165</string>
                <key>className</key>
                <string>PTModelSprite</string>
                <key>Name</key>
                <dict>
                    <key>value</key>
                    <string>Enemies_Car_Orange</string>
                </dict>
                <key>pos</key>
                <string>{1932.00,478.00}</string>
                <key>offset</key>
                <string>{80.00,14.00}</string>
                <key>size</key>
                <string>{92.00,218.00}</string>
                <key>sourceSize</key>
                <string>{256.00,256.00}</string>
                <key>sourceRect</key>
                <string>{{80.00,14.00},{92.00,218.00}}</string>
            </dict>
            <dict>
                <key>id</key>
                <string>2183</string>
                <key>className</key>
                <string>PTModelSprite</string>
                <key>Name</key>
                <dict>
                    <key>value</key>
                    <string>Enemies_Mini_truck</string>
                </dict>
                <key>pos</key>
                <string>{1932.00,0.00}</string>
                <key>offset</key>
                <string>{63.00,5.00}</string>
                <key>size</key>
                <string>{111.00,250.00}</string>
                <key>sourceSize</key>
                <string>{256.00,256.00}</string>
                <key>sourceRect</key>
                <string>{{63.00,5.00},{111.00,250.00}}</string>
            </dict>
            <dict>
                <key>id</key>
                <string>2202</string>
                <key>className</key>
                <string>PTModelSprite</string>
                <key>Name</key>
                <dict>
                    <key>value</key>
                    <string>Enemies_Mini_van</string>
                </dict>
                <key>pos</key>
                <string>{1932.00,920.00}</string>
                <key>offset</key>
                <string>{74.00,25.00}</string>
                <key>size</key>
                <string>{93.00,196.00}</string>
                <key>sourceSize</key>
                <string>{256.00,256.00}</string>
                <key>sourceRect</key>
                <string>{{74.00,25.00},{93.00,196.00}}</string>
            </dict>
            <dict>
                <key>id</key>
                <string>2214</string>
                <key>className</key>
                <string>PTModelSprite</string>
                <key>Name</key>
                <dict>
                    <key>value</key>
                    <string>Enemies_truck</string>
                </dict>
                <key>pos</key>
                <string>{1932.00,700.00}</string>
                <key>offset</key>
                <string>{76.00,21.00}</string>
                <key>size</key>
                <string>{89.00,216.00}</string>
                <key>sourceSize</key>
                <string>{256.00,256.00}</string>
                <key>sourceRect</key>
                <string>{{76.00,21.00},{89.00,216.00}}</string>
            </dict>
            <dict>
                <key>id</key>
                <string>2225</string>
                <key>className</key>
                <string>PTModelSprite</string>
                <key>Name</key>
                <dict>
                    <key>value</key>
                    <string>Enemies_03</string>
                </dict>
                <key>pos</key>
                <string>{1932.00,254.00}</string>
                <key>offset</key>
                <string>{65.00,12.00}</string>
                <key>size</key>
                <string>{107.00,220.00}</string>
                <key>sourceSize</key>
                <string>{256.00,256.00}</string>
                <key>sourceRect</key>
                <string>{{65.00,12.00},{107.00,220.00}}</string>
            </dict>
            <dict>
                <key>id</key>
                <string>2336</string>
                <key>className</key>
                <string>PTModelSprite</string>
                <key>Name</key>
                <dict>
                    <key>value</key>
                    <string>magnet 1</string>
                </dict>
                <key>pos</key>
                <string>{1850.00,1140.00}</string>
                <key>offset</key>
                <string>{3.00,6.00}</string>
                <key>size</key>
                <string>{137.00,137.00}</string>
                <key>sourceSize</key>
                <string>{149.00,146.00}</string>
                <key>sourceRect</key>
                <string>{{3.00,6.00},{137.00,137.00}}</string>
            </dict>
            <dict>
                <key>id</key>
                <string>2337</string>
                <key>className</key>
                <string>PTModelSprite</string>
                <key>Name</key>
                <dict>
                    <key>value</key>
                    <string>magnet 2</string>
                </dict>
                <key>pos</key>
                <string>{1698.00,1140.00}</string>
                <key>offset</key>
                <string>{0.00,0.00}</string>
                <key>size</key>
                <string>{148.00,146.00}</string>
                <key>sourceSize</key>
                <string>{149.00,146.00}</string>
                <key>sourceRect</key>
                <string>{{0.00,0.00},{148.00,146.00}}</string>
            </dict>
            <dict>
                <key>id</key>
                <string>2598</string>
                <key>className</key>
                <string>PTModelSprite</string>
                <key>Name</key>
                <dict>
                    <key>value</key>
                    <string>HAND1</string>
                </dict>
                <key>pos</key>
                <string>{630.00,784.00}</string>
                <key>offset</key>
                <string>{38.00,0.00}</string>
                <key>size</key>
                <string>{124.00,200.00}</string>
                <key>sourceSize</key>
                <string>{200.00,200.00}</string>
                <key>sourceRect</key>
                <string>{{38.00,0.00},{124.00,200.00}}</string>
            </dict>
            <dict>
                <key>id</key>
                <string>2626</string>
                <key>className</key>
                <string>PTModelSprite</string>
                <key>Name</key>
                <dict>
                    <key>value</key>
                    <string>OBJECT-X</string>
                </dict>
                <key>pos</key>
                <string>{1963.00,408.00}</string>
                <key>offset</key>
                <string>{0.00,0.00}</string>
                <key>size</key>
                <string>{50.00,50.00}</string>
                <key>sourceSize</key>
                <string>{50.00,50.00}</string>
                <key>sourceRect</key>
                <string>{{0.00,0.00},{50.00,50.00}}</string>
            </dict>
            <dict>
                <key>id</key>
                <string>3132</string>
                <key>className</key>
                <string>PTModelSprite</string>
                <key>Name</key>
                <dict>
                    <key>value</key>
                    <string>Enemies_02</string>
                </dict>
                <key>pos</key>
                <string>{1816.00,0.00}</string>
                <key>offset</key>
                <string>{65.00,12.00}</string>
                <key>size</key>
                <string>{107.00,220.00}</string>
                <key>sourceSize</key>
                <string>{256.00,256.00}</string>
                <key>sourceRect</key>
                <string>{{65.00,12.00},{107.00,220.00}}</string>
            </dict>
            <dict>
                <key>id</key>
                <string>3144</string>
                <key>className</key>
                <string>PTModelSprite</string>
                <key>Name</key>
                <dict>
                    <key>value</key>
                    <string>Enemies_03-A</string>
                </dict>
                <key>pos</key>
                <string>{1456.00,254.00}</string>
                <key>offset</key>
                <string>{65.00,12.00}</string>
                <key>size</key>
                <string>{107.00,220.00}</string>
                <key>sourceSize</key>
                <string>{256.00,256.00}</string>
                <key>sourceRect</key>
                <string>{{65.00,12.00},{107.00,220.00}}</string>
            </dict>
            <dict>
                <key>id</key>
                <string>3155</string>
                <key>className</key>
                <string>PTModelSprite</string>
                <key>Name</key>
                <dict>
                    <key>value</key>
                    <string>Enemies_03-G</string>
                </dict>
                <key>pos</key>
                <string>{1927.00,0.00}</string>
                <key>offset</key>
                <string>{65.00,12.00}</string>
                <key>size</key>
                <string>{107.00,220.00}</string>
                <key>sourceSize</key>
                <string>{256.00,256.00}</string>
                <key>sourceRect</key>
                <string>{{65.00,12.00},{107.00,220.00}}</string>
            </dict>
            <dict>
                <key>id</key>
                <string>3168</string>
                <key>className</key>
                <string>PTModelSprite</string>
                <key>Name</key>
                <dict>
                    <key>value</key>
                    <string>Enemies_Car_Red</string>
                </dict>
                <key>pos</key>
                <string>{1663.00,254.00}</string>
                <key>offset</key>
                <string>{80.00,14.00}</string>
                <key>size</key>
                <string>{92.00,218.00}</string>
                <key>sourceSize</key>
                <string>{256.00,256.00}</string>
                <key>sourceRect</key>
                <string>{{80.00,14.00},{92.00,218.00}}</string>
            </dict>
            <dict>
                <key>id</key>
                <string>3180</string>
                <key>className</key>
                <string>PTModelSprite</string>
                <key>Name</key>
                <dict>
                    <key>value</key>
                    <string>Enemies_Car_YELLOW</string>
                </dict>
                <key>pos</key>
                <string>{1567.00,254.00}</string>
                <key>offset</key>
                <string>{80.00,14.00}</string>
                <key>size</key>
                <string>{92.00,218.00}</string>
                <key>sourceSize</key>
                <string>{256.00,256.00}</string>
                <key>sourceRect</key>
                <string>{{80.00,14.00},{92.00,218.00}}</string>
            </dict>
            <dict>
                <key>id</key>
                <string>3192</string>
                <key>className</key>
                <string>PTModelSprite</string>
                <key>Name</key>
                <dict>
                    <key>value</key>
                    <string>Enemies_Mini_truck-1</string>
                </dict>
                <key>pos</key>
                <string>{1571.00,0.00}</string>
                <key>offset</key>
                <string>{63.00,5.00}</string>
                <key>size</key>
                <string>{111.00,250.00}</string>
                <key>sourceSize</key>
                <string>{256.00,256.00}</string>
                <key>sourceRect</key>
                <string>{{63.00,5.00},{111.00,250.00}}</string>
            </dict>
            <dict>
                <key>id</key>
                <string>3204</string>
                <key>className</key>
                <string>PTModelSprite</string>
                <key>Name</key>
                <dict>
                    <key>value</key>
                    <string>Enemies_Mini_truck-2</string>
                </dict>
                <key>pos</key>
                <string>{1456.00,0.00}</string>
                <key>offset</key>
                <string>{63.00,5.00}</string>
                <key>size</key>
                <string>{111.00,250.00}</string>
                <key>sourceSize</key>
                <string>{256.00,256.00}</string>
                <key>sourceRect</key>
                <string>{{63.00,5.00},{111.00,250.00}}</string>
            </dict>
            <dict>
                <key>id</key>
                <string>7228</string>
                <key>className</key>
                <string>PTModelSprite</string>
                <key>Name</key>
                <dict>
                    <key>value</key>
                    <string>Speed Action</string>
                </dict>
                <key>pos</key>
                <string>{1371.00,1394.00}</string>
                <key>offset</key>
                <string>{0.00,1.00}</string>
                <key>size</key>
                <string>{100.00,88.00}</string>
                <key>sourceSize</key>
                <string>{100.00,90.00}</string>
                <key>sourceRect</key>
                <string>{{0.00,1.00},{100.00,88.00}}</string>
            </dict>
            <dict>
                <key>id</key>
                <string>8727</string>
                <key>className</key>
                <string>PTModelSprite</string>
                <key>Name</key>
                <dict>
                    <key>value</key>
                    <string>Pedal-blue</string>
                </dict>
                <key>pos</key>
                <string>{1963.00,254.00}</string>
                <key>offset</key>
                <string>{32.00,0.00}</string>
                <key>size</key>
                <string>{77.00,150.00}</string>
                <key>sourceSize</key>
                <string>{150.00,150.00}</string>
                <key>sourceRect</key>
                <string>{{32.00,0.00},{77.00,150.00}}</string>
            </dict>
            <dict>
                <key>id</key>
                <string>8731</string>
                <key>className</key>
                <string>PTModelSprite</string>
                <key>Name</key>
                <dict>
                    <key>value</key>
                    <string>Pedal-BLACK</string>
                </dict>
                <key>pos</key>
                <string>{1928.00,478.00}</string>
                <key>offset</key>
                <string>{32.00,0.00}</string>
                <key>size</key>
                <string>{77.00,150.00}</string>
                <key>sourceSize</key>
                <string>{150.00,150.00}</string>
                <key>sourceRect</key>
                <string>{{32.00,0.00},{77.00,150.00}}</string>
            </dict>
            <dict>
                <key>id</key>
                <string>11889</string>
                <key>className</key>
                <string>PTModelSprite</string>
                <key>Name</key>
                <dict>
                    <key>value</key>
                    <string>ICON-CAR-01</string>
                </dict>
                <key>pos</key>
                <string>{0.00,0.00}</string>
                <key>offset</key>
                <string>{0.00,0.00}</string>
                <key>size</key>
                <string>{0.00,0.00}</string>
                <key>sourceSize</key>
                <string>{1024.00,1024.00}</string>
                <key>sourceRect</key>
                <string>{{0.00,0.00},{0.00,0.00}}</string>
            </dict>
            <dict>
                <key>id</key>
                <string>11893</string>
                <key>className</key>
                <string>PTModelSprite</string>
                <key>Name</key>
                <dict>
                    <key>value</key>
                    <string>QUESTOPLAY 640-1136</string>
                </dict>
                <key>pos</key>
                <string>{0.00,0.00}</string>
                <key>offset</key>
                <string>{0.00,0.00}</string>
                <key>size</key>
                <string>{640.00,1136.00}</string>
                <key>sourceSize</key>
                <string>{640.00,1136.00}</string>
                <key>sourceRect</key>
                <string>{{0.00,0.00},{640.00,1136.00}}</string>
            </dict>
        </array>
    </dict>
</plist>
