<?xml version="1.0" encoding="UTF-8"?>
<!DOCTYPE plist PUBLIC "-//Apple//DTD PLIST 1.0//EN" "http://www.apple.com/DTDs/PropertyList-1.0.dtd"/>

<plist version="1.0">
    <dict>
        <key>ROOT</key>
        <array>
            <dict>
                <key>id</key>
                <string>329</string>
            </dict>
            <dict>
                <key>id</key>
                <string>1574</string>
            </dict>
            <dict>
                <key>id</key>
                <string>2481</string>
            </dict>
            <dict>
                <key>id</key>
                <string>3245</string>
            </dict>
            <dict>
                <key>id</key>
                <string>3620</string>
            </dict>
            <dict>
                <key>id</key>
                <string>4359</string>
            </dict>
            <dict>
                <key>id</key>
                <string>5124</string>
            </dict>
            <dict>
                <key>id</key>
                <string>5709</string>
            </dict>
            <dict>
                <key>id</key>
                <string>8011</string>
            </dict>
            <dict>
                <key>id</key>
                <string>8865</string>
            </dict>
            <dict>
                <key>id</key>
                <string>9257</string>
            </dict>
            <dict>
                <key>id</key>
                <string>9855</string>
            </dict>
            <dict>
                <key>id</key>
                <string>10572</string>
            </dict>
        </array>
    </dict>
</plist>
