<?xml version="1.0" encoding="UTF-8"?>
<!DOCTYPE plist PUBLIC "-//Apple//DTD PLIST 1.0//EN" "http://www.apple.com/DTDs/PropertyList-1.0.dtd"/>

<plist version="1.0">
    <dict>
        <key>ROOT</key>
        <array>
            <dict>
                <key>id</key>
                <string>300</string>
                <key>className</key>
                <string>PTModelObjectAssetParticlesEmitter</string>
                <key>Name</key>
                <dict>
                    <key>value</key>
                    <string>Untitled</string>
                </dict>
                <key>Position</key>
                <dict>
                    <key>value</key>
                    <string>{0.000,0.000}</string>
                    <key>animationsX</key>
                    <array/>
                    <key>animationsY</key>
                    <array/>
                </dict>
                <key>Rotation</key>
                <dict>
                    <key>animations</key>
                    <array/>
                </dict>
                <key>Scale</key>
                <dict>
                    <key>value</key>
                    <string>{1.000,1.000}</string>
                    <key>animationsX</key>
                    <array/>
                    <key>animationsY</key>
                    <array/>
                </dict>
                <key>Hidden</key>
                <dict>
                    <key>visible</key>
                    <string>0</string>
                </dict>
                <key>Locked</key>
                <dict>
                    <key>visible</key>
                    <string>0</string>
                </dict>
                <key>Total Particles</key>
                <dict>
                    <key>value</key>
                    <string>250.000000</string>
                </dict>
                <key>Emission Rate</key>
                <dict>
                    <key>value</key>
                    <string>150.000000</string>
                </dict>
                <key>End Size</key>
                <dict>
                    <key>value</key>
                    <string>250.000000</string>
                    <key>variableValue</key>
                    <string>50.000000</string>
                </dict>
                <key>Start Spin</key>
                <dict>
                    <key>variableValue</key>
                    <string>50.000000</string>
                </dict>
                <key>End Spin</key>
                <dict>
                    <key>variableValue</key>
                    <string>50.000000</string>
                </dict>
                <key>Gravity</key>
                <dict>
                    <key>value</key>
                    <string>{0.000,0.000}</string>
                </dict>
                <key>Radial Acceleration</key>
                <dict>
                    <key>variableValue</key>
                    <string>50.000000</string>
                </dict>
                <key>Speed</key>
                <dict>
                    <key>variableValue</key>
                    <string>50.000000</string>
                </dict>
                <key>Angle</key>
                <dict>
                    <key>variableValue</key>
                    <string>150.000000</string>
                </dict>
                <key>Color</key>
                <dict>
                    <key>gradients</key>
                    <array>
                        <dict>
                            <key>pos</key>
                            <string>0.000000</string>
                            <key>r</key>
                            <string>1.000000</string>
                            <key>g</key>
                            <string>0.000000</string>
                            <key>b</key>
                            <string>0.000000</string>
                            <key>a</key>
                            <string>1.000000</string>
                        </dict>
                        <dict>
                            <key>pos</key>
                            <string>1.000000</string>
                            <key>r</key>
                            <string>0.505882</string>
                            <key>g</key>
                            <string>0.000000</string>
                            <key>b</key>
                            <string>0.000000</string>
                            <key>a</key>
                            <string>1.000000</string>
                        </dict>
                    </array>
                </dict>
                <key>Color Variation</key>
                <dict>
                    <key>gradients</key>
                    <array>
                        <dict>
                            <key>pos</key>
                            <string>0.000000</string>
                            <key>r</key>
                            <string>0.000000</string>
                            <key>g</key>
                            <string>0.000000</string>
                            <key>b</key>
                            <string>0.000000</string>
                            <key>a</key>
                            <string>0.000000</string>
                        </dict>
                        <dict>
                            <key>pos</key>
                            <string>1.000000</string>
                            <key>r</key>
                            <string>0.000000</string>
                            <key>g</key>
                            <string>0.000000</string>
                            <key>b</key>
                            <string>0.000000</string>
                            <key>a</key>
                            <string>0.000000</string>
                        </dict>
                    </array>
                </dict>
                <key>Position Type</key>
                <dict>
                    <key>selectedStringValue</key>
                    <string>kCCPositionTypeRelative</string>
                </dict>
                <key>zDepth</key>
                <string>0</string>
            </dict>
            <dict>
                <key>id</key>
                <string>465</string>
                <key>className</key>
                <string>PTModelObjectAssetParticlesEmitter</string>
                <key>Name</key>
                <dict>
                    <key>value</key>
                    <string>Untitled</string>
                </dict>
                <key>Position</key>
                <dict>
                    <key>value</key>
                    <string>{-0.811,-15.402}</string>
                    <key>animationsX</key>
                    <array/>
                    <key>animationsY</key>
                    <array/>
                </dict>
                <key>Rotation</key>
                <dict>
                    <key>animations</key>
                    <array/>
                </dict>
                <key>Scale</key>
                <dict>
                    <key>value</key>
                    <string>{1.000,1.000}</string>
                    <key>animationsX</key>
                    <array/>
                    <key>animationsY</key>
                    <array/>
                </dict>
                <key>Hidden</key>
                <dict>
                    <key>visible</key>
                    <string>0</string>
                </dict>
                <key>Locked</key>
                <dict>
                    <key>visible</key>
                    <string>0</string>
                </dict>
                <key>Total Particles</key>
                <dict>
                    <key>value</key>
                    <string>600.000000</string>
                </dict>
                <key>Emission Rate</key>
                <dict>
                    <key>value</key>
                    <string>500.000000</string>
                </dict>
                <key>Blend Additive</key>
                <dict>
                    <key>value</key>
                    <string>1</string>
                </dict>
                <key>Gravity</key>
                <dict>
                    <key>value</key>
                    <string>{0.000,0.000}</string>
                </dict>
                <key>Angle</key>
                <dict>
                    <key>value</key>
                    <string>-90.000000</string>
                    <key>variableValue</key>
                    <string>7.000000</string>
                </dict>
                <key>Life</key>
                <dict>
                    <key>value</key>
                    <string>1.000000</string>
                </dict>
                <key>Color</key>
                <dict>
                    <key>gradients</key>
                    <array>
                        <dict>
                            <key>pos</key>
                            <string>0.000000</string>
                            <key>r</key>
                            <string>1.000000</string>
                            <key>g</key>
                            <string>1.000000</string>
                            <key>b</key>
                            <string>1.000000</string>
                            <key>a</key>
                            <string>1.000000</string>
                        </dict>
                        <dict>
                            <key>pos</key>
                            <string>1.000000</string>
                            <key>r</key>
                            <string>0.000000</string>
                            <key>g</key>
                            <string>0.000000</string>
                            <key>b</key>
                            <string>0.000000</string>
                            <key>a</key>
                            <string>1.000000</string>
                        </dict>
                    </array>
                </dict>
                <key>Color Variation</key>
                <dict>
                    <key>gradients</key>
                    <array>
                        <dict>
                            <key>pos</key>
                            <string>0.000000</string>
                            <key>r</key>
                            <string>0.000000</string>
                            <key>g</key>
                            <string>0.000000</string>
                            <key>b</key>
                            <string>0.000000</string>
                            <key>a</key>
                            <string>0.000000</string>
                        </dict>
                        <dict>
                            <key>pos</key>
                            <string>1.000000</string>
                            <key>r</key>
                            <string>0.000000</string>
                            <key>g</key>
                            <string>0.000000</string>
                            <key>b</key>
                            <string>0.000000</string>
                            <key>a</key>
                            <string>0.000000</string>
                        </dict>
                    </array>
                </dict>
                <key>Position Type</key>
                <dict>
                    <key>selectedStringValue</key>
                    <string>kCCPositionTypeRelative</string>
                </dict>
                <key>zDepth</key>
                <string>0</string>
            </dict>
            <dict>
                <key>id</key>
                <string>736</string>
                <key>className</key>
                <string>PTModelObjectAssetParticlesEmitter</string>
                <key>Name</key>
                <dict>
                    <key>value</key>
                    <string>Untitled</string>
                </dict>
                <key>Position</key>
                <dict>
                    <key>value</key>
                    <string>{-0.811,-15.402}</string>
                </dict>
                <key>Scale</key>
                <dict>
                    <key>value</key>
                    <string>{1.000,1.000}</string>
                </dict>
                <key>Hidden</key>
                <dict>
                    <key>visible</key>
                    <string>0</string>
                </dict>
                <key>Locked</key>
                <dict>
                    <key>visible</key>
                    <string>0</string>
                </dict>
                <key>Blend Additive</key>
                <dict>
                    <key>value</key>
                    <string>1</string>
                </dict>
                <key>Gravity</key>
                <dict>
                    <key>value</key>
                    <string>{0.000,0.000}</string>
                </dict>
                <key>Angle</key>
                <dict>
                    <key>value</key>
                    <string>-90.000000</string>
                    <key>variableValue</key>
                    <string>7.000000</string>
                </dict>
                <key>Life</key>
                <dict>
                    <key>value</key>
                    <string>4.000000</string>
                </dict>
                <key>Color</key>
                <dict>
                    <key>gradients</key>
                    <array>
                        <dict>
                            <key>pos</key>
                            <string>0.000000</string>
                            <key>r</key>
                            <string>1.000000</string>
                            <key>g</key>
                            <string>1.000000</string>
                            <key>b</key>
                            <string>1.000000</string>
                            <key>a</key>
                            <string>1.000000</string>
                        </dict>
                        <dict>
                            <key>pos</key>
                            <string>1.000000</string>
                            <key>r</key>
                            <string>0.000000</string>
                            <key>g</key>
                            <string>0.000000</string>
                            <key>b</key>
                            <string>0.000000</string>
                            <key>a</key>
                            <string>1.000000</string>
                        </dict>
                    </array>
                </dict>
                <key>Color Variation</key>
                <dict>
                    <key>gradients</key>
                    <array>
                        <dict>
                            <key>pos</key>
                            <string>0.000000</string>
                            <key>r</key>
                            <string>0.000000</string>
                            <key>g</key>
                            <string>0.000000</string>
                            <key>b</key>
                            <string>0.000000</string>
                            <key>a</key>
                            <string>0.000000</string>
                        </dict>
                        <dict>
                            <key>pos</key>
                            <string>1.000000</string>
                            <key>r</key>
                            <string>0.000000</string>
                            <key>g</key>
                            <string>0.000000</string>
                            <key>b</key>
                            <string>0.000000</string>
                            <key>a</key>
                            <string>0.000000</string>
                        </dict>
                    </array>
                </dict>
                <key>Position Type</key>
                <dict>
                    <key>selectedStringValue</key>
                    <string>kCCPositionTypeRelative</string>
                </dict>
                <key>zDepth</key>
                <string>0</string>
            </dict>
            <dict>
                <key>id</key>
                <string>739</string>
                <key>className</key>
                <string>PTModelObjectAssetParticlesEmitter</string>
                <key>Name</key>
                <dict>
                    <key>value</key>
                    <string>Untitled</string>
                </dict>
                <key>Position</key>
                <dict>
                    <key>value</key>
                    <string>{-0.811,-15.402}</string>
                </dict>
                <key>Scale</key>
                <dict>
                    <key>value</key>
                    <string>{1.000,1.000}</string>
                </dict>
                <key>Hidden</key>
                <dict>
                    <key>visible</key>
                    <string>0</string>
                </dict>
                <key>Locked</key>
                <dict>
                    <key>visible</key>
                    <string>0</string>
                </dict>
                <key>Blend Additive</key>
                <dict>
                    <key>value</key>
                    <string>1</string>
                </dict>
                <key>Gravity</key>
                <dict>
                    <key>value</key>
                    <string>{0.000,0.000}</string>
                </dict>
                <key>Angle</key>
                <dict>
                    <key>value</key>
                    <string>-90.000000</string>
                    <key>variableValue</key>
                    <string>7.000000</string>
                </dict>
                <key>Life</key>
                <dict>
                    <key>value</key>
                    <string>4.000000</string>
                </dict>
                <key>Color</key>
                <dict>
                    <key>gradients</key>
                    <array>
                        <dict>
                            <key>pos</key>
                            <string>0.000000</string>
                            <key>r</key>
                            <string>1.000000</string>
                            <key>g</key>
                            <string>1.000000</string>
                            <key>b</key>
                            <string>1.000000</string>
                            <key>a</key>
                            <string>1.000000</string>
                        </dict>
                        <dict>
                            <key>pos</key>
                            <string>1.000000</string>
                            <key>r</key>
                            <string>0.000000</string>
                            <key>g</key>
                            <string>0.000000</string>
                            <key>b</key>
                            <string>0.000000</string>
                            <key>a</key>
                            <string>1.000000</string>
                        </dict>
                    </array>
                </dict>
                <key>Color Variation</key>
                <dict>
                    <key>gradients</key>
                    <array>
                        <dict>
                            <key>pos</key>
                            <string>0.000000</string>
                            <key>r</key>
                            <string>0.000000</string>
                            <key>g</key>
                            <string>0.000000</string>
                            <key>b</key>
                            <string>0.000000</string>
                            <key>a</key>
                            <string>0.000000</string>
                        </dict>
                        <dict>
                            <key>pos</key>
                            <string>1.000000</string>
                            <key>r</key>
                            <string>0.000000</string>
                            <key>g</key>
                            <string>0.000000</string>
                            <key>b</key>
                            <string>0.000000</string>
                            <key>a</key>
                            <string>0.000000</string>
                        </dict>
                    </array>
                </dict>
                <key>Position Type</key>
                <dict>
                    <key>selectedStringValue</key>
                    <string>kCCPositionTypeRelative</string>
                </dict>
                <key>zDepth</key>
                <string>0</string>
            </dict>
            <dict>
                <key>id</key>
                <string>745</string>
                <key>className</key>
                <string>PTModelObjectAssetParticlesEmitter</string>
                <key>Name</key>
                <dict>
                    <key>value</key>
                    <string>Untitled</string>
                </dict>
                <key>Position</key>
                <dict>
                    <key>value</key>
                    <string>{-0.811,-15.402}</string>
                    <key>animationsX</key>
                    <array/>
                    <key>animationsY</key>
                    <array/>
                </dict>
                <key>Rotation</key>
                <dict>
                    <key>animations</key>
                    <array/>
                </dict>
                <key>Scale</key>
                <dict>
                    <key>value</key>
                    <string>{1.000,1.000}</string>
                    <key>animationsX</key>
                    <array/>
                    <key>animationsY</key>
                    <array/>
                </dict>
                <key>Hidden</key>
                <dict>
                    <key>visible</key>
                    <string>0</string>
                </dict>
                <key>Locked</key>
                <dict>
                    <key>visible</key>
                    <string>0</string>
                </dict>
                <key>Total Particles</key>
                <dict>
                    <key>value</key>
                    <string>800.000000</string>
                </dict>
                <key>Emission Rate</key>
                <dict>
                    <key>value</key>
                    <string>500.000000</string>
                </dict>
                <key>Blend Additive</key>
                <dict>
                    <key>value</key>
                    <string>1</string>
                </dict>
                <key>Gravity</key>
                <dict>
                    <key>value</key>
                    <string>{0.000,0.000}</string>
                </dict>
                <key>Angle</key>
                <dict>
                    <key>value</key>
                    <string>-90.000000</string>
                    <key>variableValue</key>
                    <string>7.000000</string>
                </dict>
                <key>Life</key>
                <dict>
                    <key>value</key>
                    <string>1.000000</string>
                </dict>
                <key>Color</key>
                <dict>
                    <key>gradients</key>
                    <array>
                        <dict>
                            <key>pos</key>
                            <string>0.000000</string>
                            <key>r</key>
                            <string>1.000000</string>
                            <key>g</key>
                            <string>1.000000</string>
                            <key>b</key>
                            <string>1.000000</string>
                            <key>a</key>
                            <string>1.000000</string>
                        </dict>
                        <dict>
                            <key>pos</key>
                            <string>1.000000</string>
                            <key>r</key>
                            <string>0.000000</string>
                            <key>g</key>
                            <string>0.000000</string>
                            <key>b</key>
                            <string>0.000000</string>
                            <key>a</key>
                            <string>1.000000</string>
                        </dict>
                    </array>
                </dict>
                <key>Color Variation</key>
                <dict>
                    <key>gradients</key>
                    <array>
                        <dict>
                            <key>pos</key>
                            <string>0.000000</string>
                            <key>r</key>
                            <string>0.000000</string>
                            <key>g</key>
                            <string>0.000000</string>
                            <key>b</key>
                            <string>0.000000</string>
                            <key>a</key>
                            <string>0.000000</string>
                        </dict>
                        <dict>
                            <key>pos</key>
                            <string>1.000000</string>
                            <key>r</key>
                            <string>0.000000</string>
                            <key>g</key>
                            <string>0.000000</string>
                            <key>b</key>
                            <string>0.000000</string>
                            <key>a</key>
                            <string>0.000000</string>
                        </dict>
                    </array>
                </dict>
                <key>Position Type</key>
                <dict>
                    <key>selectedStringValue</key>
                    <string>kCCPositionTypeRelative</string>
                </dict>
                <key>zDepth</key>
                <string>0</string>
            </dict>
            <dict>
                <key>id</key>
                <string>1355</string>
                <key>className</key>
                <string>PTModelObjectAssetParticlesEmitter</string>
                <key>Name</key>
                <dict>
                    <key>value</key>
                    <string>Untitled</string>
                </dict>
                <key>Position</key>
                <dict>
                    <key>value</key>
                    <string>{0.000,0.000}</string>
                </dict>
                <key>Scale</key>
                <dict>
                    <key>value</key>
                    <string>{1.000,1.000}</string>
                </dict>
                <key>Hidden</key>
                <dict>
                    <key>visible</key>
                    <string>0</string>
                </dict>
                <key>Locked</key>
                <dict>
                    <key>visible</key>
                    <string>0</string>
                </dict>
                <key>Total Particles</key>
                <dict>
                    <key>value</key>
                    <string>250.000000</string>
                </dict>
                <key>Emission Rate</key>
                <dict>
                    <key>value</key>
                    <string>150.000000</string>
                </dict>
                <key>Blend Additive</key>
                <dict>
                    <key>value</key>
                    <string>1</string>
                </dict>
                <key>End Size</key>
                <dict>
                    <key>value</key>
                    <string>250.000000</string>
                    <key>variableValue</key>
                    <string>50.000000</string>
                </dict>
                <key>Start Spin</key>
                <dict>
                    <key>variableValue</key>
                    <string>50.000000</string>
                </dict>
                <key>End Spin</key>
                <dict>
                    <key>variableValue</key>
                    <string>50.000000</string>
                </dict>
                <key>Gravity</key>
                <dict>
                    <key>value</key>
                    <string>{0.000,0.000}</string>
                </dict>
                <key>Radial Acceleration</key>
                <dict>
                    <key>variableValue</key>
                    <string>50.000000</string>
                </dict>
                <key>Speed</key>
                <dict>
                    <key>variableValue</key>
                    <string>50.000000</string>
                </dict>
                <key>Angle</key>
                <dict>
                    <key>variableValue</key>
                    <string>150.000000</string>
                </dict>
                <key>Color</key>
                <dict>
                    <key>gradients</key>
                    <array>
                        <dict>
                            <key>pos</key>
                            <string>0.000000</string>
                            <key>r</key>
                            <string>1.000000</string>
                            <key>g</key>
                            <string>1.000000</string>
                            <key>b</key>
                            <string>1.000000</string>
                            <key>a</key>
                            <string>1.000000</string>
                        </dict>
                        <dict>
                            <key>pos</key>
                            <string>1.000000</string>
                            <key>r</key>
                            <string>0.000000</string>
                            <key>g</key>
                            <string>0.000000</string>
                            <key>b</key>
                            <string>0.000000</string>
                            <key>a</key>
                            <string>1.000000</string>
                        </dict>
                    </array>
                </dict>
                <key>Color Variation</key>
                <dict>
                    <key>gradients</key>
                    <array>
                        <dict>
                            <key>pos</key>
                            <string>0.000000</string>
                            <key>r</key>
                            <string>0.000000</string>
                            <key>g</key>
                            <string>0.000000</string>
                            <key>b</key>
                            <string>0.000000</string>
                            <key>a</key>
                            <string>0.000000</string>
                        </dict>
                        <dict>
                            <key>pos</key>
                            <string>1.000000</string>
                            <key>r</key>
                            <string>0.000000</string>
                            <key>g</key>
                            <string>0.000000</string>
                            <key>b</key>
                            <string>0.000000</string>
                            <key>a</key>
                            <string>0.000000</string>
                        </dict>
                    </array>
                </dict>
                <key>Position Type</key>
                <dict>
                    <key>selectedStringValue</key>
                    <string>kCCPositionTypeRelative</string>
                </dict>
                <key>zDepth</key>
                <string>0</string>
            </dict>
            <dict>
                <key>id</key>
                <string>1359</string>
                <key>className</key>
                <string>PTModelObjectAssetParticlesEmitter</string>
                <key>Name</key>
                <dict>
                    <key>value</key>
                    <string>Untitled</string>
                </dict>
                <key>Position</key>
                <dict>
                    <key>value</key>
                    <string>{0.000,0.000}</string>
                    <key>animationsX</key>
                    <array/>
                    <key>animationsY</key>
                    <array/>
                </dict>
                <key>Rotation</key>
                <dict>
                    <key>animations</key>
                    <array/>
                </dict>
                <key>Scale</key>
                <dict>
                    <key>value</key>
                    <string>{1.000,1.000}</string>
                    <key>animationsX</key>
                    <array/>
                    <key>animationsY</key>
                    <array/>
                </dict>
                <key>Hidden</key>
                <dict>
                    <key>visible</key>
                    <string>0</string>
                </dict>
                <key>Locked</key>
                <dict>
                    <key>visible</key>
                    <string>0</string>
                </dict>
                <key>Total Particles</key>
                <dict>
                    <key>value</key>
                    <string>250.000000</string>
                </dict>
                <key>Emission Rate</key>
                <dict>
                    <key>value</key>
                    <string>150.000000</string>
                </dict>
                <key>End Size</key>
                <dict>
                    <key>value</key>
                    <string>250.000000</string>
                    <key>variableValue</key>
                    <string>50.000000</string>
                </dict>
                <key>Start Spin</key>
                <dict>
                    <key>variableValue</key>
                    <string>50.000000</string>
                </dict>
                <key>End Spin</key>
                <dict>
                    <key>variableValue</key>
                    <string>50.000000</string>
                </dict>
                <key>Gravity</key>
                <dict>
                    <key>value</key>
                    <string>{0.000,0.000}</string>
                </dict>
                <key>Radial Acceleration</key>
                <dict>
                    <key>variableValue</key>
                    <string>50.000000</string>
                </dict>
                <key>Speed</key>
                <dict>
                    <key>variableValue</key>
                    <string>50.000000</string>
                </dict>
                <key>Angle</key>
                <dict>
                    <key>variableValue</key>
                    <string>150.000000</string>
                </dict>
                <key>Color</key>
                <dict>
                    <key>gradients</key>
                    <array>
                        <dict>
                            <key>pos</key>
                            <string>0.000000</string>
                            <key>r</key>
                            <string>0.215686</string>
                            <key>g</key>
                            <string>0.215686</string>
                            <key>b</key>
                            <string>0.321569</string>
                            <key>a</key>
                            <string>1.000000</string>
                        </dict>
                        <dict>
                            <key>pos</key>
                            <string>1.000000</string>
                            <key>r</key>
                            <string>0.349020</string>
                            <key>g</key>
                            <string>0.349020</string>
                            <key>b</key>
                            <string>0.349020</string>
                            <key>a</key>
                            <string>1.000000</string>
                        </dict>
                    </array>
                </dict>
                <key>Color Variation</key>
                <dict>
                    <key>gradients</key>
                    <array>
                        <dict>
                            <key>pos</key>
                            <string>0.000000</string>
                            <key>r</key>
                            <string>0.000000</string>
                            <key>g</key>
                            <string>0.000000</string>
                            <key>b</key>
                            <string>0.000000</string>
                            <key>a</key>
                            <string>0.000000</string>
                        </dict>
                        <dict>
                            <key>pos</key>
                            <string>1.000000</string>
                            <key>r</key>
                            <string>0.000000</string>
                            <key>g</key>
                            <string>0.000000</string>
                            <key>b</key>
                            <string>0.000000</string>
                            <key>a</key>
                            <string>0.000000</string>
                        </dict>
                    </array>
                </dict>
                <key>Position Type</key>
                <dict>
                    <key>selectedStringValue</key>
                    <string>kCCPositionTypeRelative</string>
                </dict>
                <key>zDepth</key>
                <string>0</string>
            </dict>
            <dict>
                <key>id</key>
                <string>1373</string>
                <key>className</key>
                <string>PTModelObjectAssetParticlesEmitter</string>
                <key>Name</key>
                <dict>
                    <key>value</key>
                    <string>Untitled</string>
                </dict>
                <key>Position</key>
                <dict>
                    <key>value</key>
                    <string>{0.000,0.000}</string>
                </dict>
                <key>Scale</key>
                <dict>
                    <key>value</key>
                    <string>{1.000,1.000}</string>
                </dict>
                <key>Hidden</key>
                <dict>
                    <key>visible</key>
                    <string>0</string>
                </dict>
                <key>Locked</key>
                <dict>
                    <key>visible</key>
                    <string>0</string>
                </dict>
                <key>Total Particles</key>
                <dict>
                    <key>value</key>
                    <string>250.000000</string>
                </dict>
                <key>Emission Rate</key>
                <dict>
                    <key>value</key>
                    <string>150.000000</string>
                </dict>
                <key>Blend Additive</key>
                <dict>
                    <key>value</key>
                    <string>1</string>
                </dict>
                <key>End Size</key>
                <dict>
                    <key>value</key>
                    <string>250.000000</string>
                    <key>variableValue</key>
                    <string>50.000000</string>
                </dict>
                <key>Start Spin</key>
                <dict>
                    <key>variableValue</key>
                    <string>50.000000</string>
                </dict>
                <key>End Spin</key>
                <dict>
                    <key>variableValue</key>
                    <string>50.000000</string>
                </dict>
                <key>Gravity</key>
                <dict>
                    <key>value</key>
                    <string>{0.000,0.000}</string>
                </dict>
                <key>Radial Acceleration</key>
                <dict>
                    <key>variableValue</key>
                    <string>50.000000</string>
                </dict>
                <key>Speed</key>
                <dict>
                    <key>variableValue</key>
                    <string>50.000000</string>
                </dict>
                <key>Angle</key>
                <dict>
                    <key>variableValue</key>
                    <string>150.000000</string>
                </dict>
                <key>Color</key>
                <dict>
                    <key>gradients</key>
                    <array>
                        <dict>
                            <key>pos</key>
                            <string>0.000000</string>
                            <key>r</key>
                            <string>1.000000</string>
                            <key>g</key>
                            <string>1.000000</string>
                            <key>b</key>
                            <string>1.000000</string>
                            <key>a</key>
                            <string>1.000000</string>
                        </dict>
                        <dict>
                            <key>pos</key>
                            <string>1.000000</string>
                            <key>r</key>
                            <string>0.000000</string>
                            <key>g</key>
                            <string>0.000000</string>
                            <key>b</key>
                            <string>0.000000</string>
                            <key>a</key>
                            <string>1.000000</string>
                        </dict>
                    </array>
                </dict>
                <key>Color Variation</key>
                <dict>
                    <key>gradients</key>
                    <array>
                        <dict>
                            <key>pos</key>
                            <string>0.000000</string>
                            <key>r</key>
                            <string>0.000000</string>
                            <key>g</key>
                            <string>0.000000</string>
                            <key>b</key>
                            <string>0.000000</string>
                            <key>a</key>
                            <string>0.000000</string>
                        </dict>
                        <dict>
                            <key>pos</key>
                            <string>1.000000</string>
                            <key>r</key>
                            <string>0.000000</string>
                            <key>g</key>
                            <string>0.000000</string>
                            <key>b</key>
                            <string>0.000000</string>
                            <key>a</key>
                            <string>0.000000</string>
                        </dict>
                    </array>
                </dict>
                <key>Position Type</key>
                <dict>
                    <key>selectedStringValue</key>
                    <string>kCCPositionTypeRelative</string>
                </dict>
                <key>zDepth</key>
                <string>0</string>
            </dict>
            <dict>
                <key>id</key>
                <string>1377</string>
                <key>className</key>
                <string>PTModelObjectAssetParticlesEmitter</string>
                <key>Name</key>
                <dict>
                    <key>value</key>
                    <string>Untitled</string>
                </dict>
                <key>Position</key>
                <dict>
                    <key>value</key>
                    <string>{0.000,0.000}</string>
                </dict>
                <key>Scale</key>
                <dict>
                    <key>value</key>
                    <string>{1.000,1.000}</string>
                </dict>
                <key>Hidden</key>
                <dict>
                    <key>visible</key>
                    <string>0</string>
                </dict>
                <key>Locked</key>
                <dict>
                    <key>visible</key>
                    <string>0</string>
                </dict>
                <key>Total Particles</key>
                <dict>
                    <key>value</key>
                    <string>250.000000</string>
                </dict>
                <key>Emission Rate</key>
                <dict>
                    <key>value</key>
                    <string>150.000000</string>
                </dict>
                <key>End Size</key>
                <dict>
                    <key>value</key>
                    <string>250.000000</string>
                    <key>variableValue</key>
                    <string>50.000000</string>
                </dict>
                <key>Start Spin</key>
                <dict>
                    <key>variableValue</key>
                    <string>50.000000</string>
                </dict>
                <key>End Spin</key>
                <dict>
                    <key>variableValue</key>
                    <string>50.000000</string>
                </dict>
                <key>Gravity</key>
                <dict>
                    <key>value</key>
                    <string>{0.000,0.000}</string>
                </dict>
                <key>Radial Acceleration</key>
                <dict>
                    <key>variableValue</key>
                    <string>50.000000</string>
                </dict>
                <key>Speed</key>
                <dict>
                    <key>variableValue</key>
                    <string>50.000000</string>
                </dict>
                <key>Angle</key>
                <dict>
                    <key>variableValue</key>
                    <string>150.000000</string>
                </dict>
                <key>Color</key>
                <dict>
                    <key>gradients</key>
                    <array>
                        <dict>
                            <key>pos</key>
                            <string>0.000000</string>
                            <key>r</key>
                            <string>1.000000</string>
                            <key>g</key>
                            <string>1.000000</string>
                            <key>b</key>
                            <string>0.000000</string>
                            <key>a</key>
                            <string>1.000000</string>
                        </dict>
                        <dict>
                            <key>pos</key>
                            <string>1.000000</string>
                            <key>r</key>
                            <string>0.666667</string>
                            <key>g</key>
                            <string>1.000000</string>
                            <key>b</key>
                            <string>0.000000</string>
                            <key>a</key>
                            <string>1.000000</string>
                        </dict>
                    </array>
                </dict>
                <key>Color Variation</key>
                <dict>
                    <key>gradients</key>
                    <array>
                        <dict>
                            <key>pos</key>
                            <string>0.000000</string>
                            <key>r</key>
                            <string>0.000000</string>
                            <key>g</key>
                            <string>0.000000</string>
                            <key>b</key>
                            <string>0.000000</string>
                            <key>a</key>
                            <string>0.000000</string>
                        </dict>
                        <dict>
                            <key>pos</key>
                            <string>1.000000</string>
                            <key>r</key>
                            <string>0.000000</string>
                            <key>g</key>
                            <string>0.000000</string>
                            <key>b</key>
                            <string>0.000000</string>
                            <key>a</key>
                            <string>0.000000</string>
                        </dict>
                    </array>
                </dict>
                <key>Position Type</key>
                <dict>
                    <key>selectedStringValue</key>
                    <string>kCCPositionTypeRelative</string>
                </dict>
                <key>zDepth</key>
                <string>0</string>
            </dict>
            <dict>
                <key>id</key>
                <string>7241</string>
                <key>className</key>
                <string>PTModelObjectAssetParticlesEmitter</string>
                <key>Name</key>
                <dict>
                    <key>value</key>
                    <string>Untitled</string>
                </dict>
                <key>Position</key>
                <dict>
                    <key>value</key>
                    <string>{-0.811,-15.402}</string>
                </dict>
                <key>Scale</key>
                <dict>
                    <key>value</key>
                    <string>{1.000,1.000}</string>
                </dict>
                <key>Hidden</key>
                <dict>
                    <key>visible</key>
                    <string>0</string>
                </dict>
                <key>Locked</key>
                <dict>
                    <key>visible</key>
                    <string>0</string>
                </dict>
                <key>Total Particles</key>
                <dict>
                    <key>value</key>
                    <string>600.000000</string>
                </dict>
                <key>Emission Rate</key>
                <dict>
                    <key>value</key>
                    <string>500.000000</string>
                </dict>
                <key>Blend Additive</key>
                <dict>
                    <key>value</key>
                    <string>1</string>
                </dict>
                <key>Gravity</key>
                <dict>
                    <key>value</key>
                    <string>{0.000,0.000}</string>
                </dict>
                <key>Angle</key>
                <dict>
                    <key>value</key>
                    <string>-90.000000</string>
                    <key>variableValue</key>
                    <string>7.000000</string>
                </dict>
                <key>Life</key>
                <dict>
                    <key>value</key>
                    <string>0.200000</string>
                </dict>
                <key>Color</key>
                <dict>
                    <key>gradients</key>
                    <array>
                        <dict>
                            <key>pos</key>
                            <string>0.000000</string>
                            <key>r</key>
                            <string>1.000000</string>
                            <key>g</key>
                            <string>1.000000</string>
                            <key>b</key>
                            <string>1.000000</string>
                            <key>a</key>
                            <string>1.000000</string>
                        </dict>
                        <dict>
                            <key>pos</key>
                            <string>1.000000</string>
                            <key>r</key>
                            <string>0.000000</string>
                            <key>g</key>
                            <string>0.000000</string>
                            <key>b</key>
                            <string>0.000000</string>
                            <key>a</key>
                            <string>1.000000</string>
                        </dict>
                    </array>
                </dict>
                <key>Color Variation</key>
                <dict>
                    <key>gradients</key>
                    <array>
                        <dict>
                            <key>pos</key>
                            <string>0.000000</string>
                            <key>r</key>
                            <string>0.000000</string>
                            <key>g</key>
                            <string>0.000000</string>
                            <key>b</key>
                            <string>0.000000</string>
                            <key>a</key>
                            <string>0.000000</string>
                        </dict>
                        <dict>
                            <key>pos</key>
                            <string>1.000000</string>
                            <key>r</key>
                            <string>0.000000</string>
                            <key>g</key>
                            <string>0.000000</string>
                            <key>b</key>
                            <string>0.000000</string>
                            <key>a</key>
                            <string>0.000000</string>
                        </dict>
                    </array>
                </dict>
                <key>Position Type</key>
                <dict>
                    <key>selectedStringValue</key>
                    <string>kCCPositionTypeRelative</string>
                </dict>
                <key>zDepth</key>
                <string>0</string>
            </dict>
            <dict>
                <key>id</key>
                <string>7248</string>
                <key>className</key>
                <string>PTModelObjectAssetParticlesEmitter</string>
                <key>Name</key>
                <dict>
                    <key>value</key>
                    <string>Untitled</string>
                </dict>
                <key>Position</key>
                <dict>
                    <key>value</key>
                    <string>{-0.811,-15.402}</string>
                </dict>
                <key>Scale</key>
                <dict>
                    <key>value</key>
                    <string>{1.000,1.000}</string>
                </dict>
                <key>Hidden</key>
                <dict>
                    <key>visible</key>
                    <string>0</string>
                </dict>
                <key>Locked</key>
                <dict>
                    <key>visible</key>
                    <string>0</string>
                </dict>
                <key>Total Particles</key>
                <dict>
                    <key>value</key>
                    <string>600.000000</string>
                </dict>
                <key>Emission Rate</key>
                <dict>
                    <key>value</key>
                    <string>500.000000</string>
                </dict>
                <key>Blend Additive</key>
                <dict>
                    <key>value</key>
                    <string>1</string>
                </dict>
                <key>Gravity</key>
                <dict>
                    <key>value</key>
                    <string>{0.000,0.000}</string>
                </dict>
                <key>Angle</key>
                <dict>
                    <key>value</key>
                    <string>-90.000000</string>
                    <key>variableValue</key>
                    <string>7.000000</string>
                </dict>
                <key>Life</key>
                <dict>
                    <key>value</key>
                    <string>1.000000</string>
                </dict>
                <key>Color</key>
                <dict>
                    <key>gradients</key>
                    <array>
                        <dict>
                            <key>pos</key>
                            <string>0.000000</string>
                            <key>r</key>
                            <string>1.000000</string>
                            <key>g</key>
                            <string>1.000000</string>
                            <key>b</key>
                            <string>1.000000</string>
                            <key>a</key>
                            <string>1.000000</string>
                        </dict>
                        <dict>
                            <key>pos</key>
                            <string>1.000000</string>
                            <key>r</key>
                            <string>0.000000</string>
                            <key>g</key>
                            <string>0.000000</string>
                            <key>b</key>
                            <string>0.000000</string>
                            <key>a</key>
                            <string>1.000000</string>
                        </dict>
                    </array>
                </dict>
                <key>Color Variation</key>
                <dict>
                    <key>gradients</key>
                    <array>
                        <dict>
                            <key>pos</key>
                            <string>0.000000</string>
                            <key>r</key>
                            <string>0.000000</string>
                            <key>g</key>
                            <string>0.000000</string>
                            <key>b</key>
                            <string>0.000000</string>
                            <key>a</key>
                            <string>0.000000</string>
                        </dict>
                        <dict>
                            <key>pos</key>
                            <string>1.000000</string>
                            <key>r</key>
                            <string>0.000000</string>
                            <key>g</key>
                            <string>0.000000</string>
                            <key>b</key>
                            <string>0.000000</string>
                            <key>a</key>
                            <string>0.000000</string>
                        </dict>
                    </array>
                </dict>
                <key>Position Type</key>
                <dict>
                    <key>selectedStringValue</key>
                    <string>kCCPositionTypeRelative</string>
                </dict>
                <key>zDepth</key>
                <string>0</string>
            </dict>
        </array>
    </dict>
</plist>
