<?xml version="1.0" encoding="UTF-8"?>
<!DOCTYPE plist PUBLIC "-//Apple//DTD PLIST 1.0//EN" "http://www.apple.com/DTDs/PropertyList-1.0.dtd"/>

<plist version="1.0">
    <dict>
        <key>ROOT</key>
        <array>
            <dict>
                <key>id</key>
                <string>111</string>
            </dict>
            <dict>
                <key>id</key>
                <string>145</string>
            </dict>
            <dict>
                <key>id</key>
                <string>158</string>
            </dict>
            <dict>
                <key>id</key>
                <string>1348</string>
            </dict>
            <dict>
                <key>id</key>
                <string>1366</string>
            </dict>
        </array>
    </dict>
</plist>
