<?xml version="1.0" encoding="UTF-8"?>
<!DOCTYPE plist PUBLIC "-//Apple//DTD PLIST 1.0//EN" "http://www.apple.com/DTDs/PropertyList-1.0.dtd"/>

<plist version="1.0">
    <dict>
        <key>ROOT</key>
        <array>
            <dict>
                <key>id</key>
                <string>2254</string>
                <key>className</key>
                <string>PTModelSound</string>
                <key>Name</key>
                <dict>
                    <key>value</key>
                    <string>01 _ UI.mp3</string>
                </dict>
                <key>fileFormat</key>
                <string>mp3</string>
            </dict>
            <dict>
                <key>id</key>
                <string>2255</string>
                <key>className</key>
                <string>PTModelSound</string>
                <key>Name</key>
                <dict>
                    <key>value</key>
                    <string>02 _ GAME PLAY.mp3</string>
                </dict>
                <key>fileFormat</key>
                <string>mp3</string>
            </dict>
            <dict>
                <key>id</key>
                <string>2256</string>
                <key>className</key>
                <string>PTModelSound</string>
                <key>Name</key>
                <dict>
                    <key>value</key>
                    <string>03 _ GAME OVER.mp3</string>
                </dict>
                <key>fileFormat</key>
                <string>mp3</string>
            </dict>
            <dict>
                <key>id</key>
                <string>2259</string>
                <key>className</key>
                <string>PTModelSound</string>
                <key>Name</key>
                <dict>
                    <key>value</key>
                    <string>09 _ speed 2.mp3</string>
                </dict>
                <key>fileFormat</key>
                <string>mp3</string>
            </dict>
            <dict>
                <key>id</key>
                <string>2260</string>
                <key>className</key>
                <string>PTModelSound</string>
                <key>Name</key>
                <dict>
                    <key>value</key>
                    <string>08 _ Start Car.mp3</string>
                </dict>
                <key>fileFormat</key>
                <string>mp3</string>
            </dict>
            <dict>
                <key>id</key>
                <string>2261</string>
                <key>className</key>
                <string>PTModelSound</string>
                <key>Name</key>
                <dict>
                    <key>value</key>
                    <string>09 _ start 1.mp3</string>
                </dict>
                <key>fileFormat</key>
                <string>mp3</string>
            </dict>
            <dict>
                <key>id</key>
                <string>2262</string>
                <key>className</key>
                <string>PTModelSound</string>
                <key>Name</key>
                <dict>
                    <key>value</key>
                    <string>09 _ start 2.mp3</string>
                </dict>
                <key>fileFormat</key>
                <string>mp3</string>
            </dict>
            <dict>
                <key>id</key>
                <string>2264</string>
                <key>className</key>
                <string>PTModelSound</string>
                <key>Name</key>
                <dict>
                    <key>value</key>
                    <string>09 _ Point.mp3</string>
                </dict>
                <key>fileFormat</key>
                <string>mp3</string>
            </dict>
            <dict>
                <key>id</key>
                <string>2265</string>
                <key>className</key>
                <string>PTModelSound</string>
                <key>Name</key>
                <dict>
                    <key>value</key>
                    <string>04 _ CRASH 1.mp3</string>
                </dict>
                <key>fileFormat</key>
                <string>mp3</string>
            </dict>
            <dict>
                <key>id</key>
                <string>2266</string>
                <key>className</key>
                <string>PTModelSound</string>
                <key>Name</key>
                <dict>
                    <key>value</key>
                    <string>04 _ CRASH 2.mp3</string>
                </dict>
                <key>fileFormat</key>
                <string>mp3</string>
            </dict>
            <dict>
                <key>id</key>
                <string>2267</string>
                <key>className</key>
                <string>PTModelSound</string>
                <key>Name</key>
                <dict>
                    <key>value</key>
                    <string>04 _ CRASH 3.mp3</string>
                </dict>
                <key>fileFormat</key>
                <string>mp3</string>
            </dict>
            <dict>
                <key>id</key>
                <string>2273</string>
                <key>className</key>
                <string>PTModelSound</string>
                <key>Name</key>
                <dict>
                    <key>value</key>
                    <string>05 _ ambulance 3.mp3</string>
                </dict>
                <key>fileFormat</key>
                <string>mp3</string>
            </dict>
            <dict>
                <key>id</key>
                <string>2293</string>
                <key>className</key>
                <string>PTModelSound</string>
                <key>Name</key>
                <dict>
                    <key>value</key>
                    <string>05 _ ambulance 1.mp3</string>
                </dict>
                <key>fileFormat</key>
                <string>mp3</string>
            </dict>
            <dict>
                <key>id</key>
                <string>2422</string>
                <key>className</key>
                <string>PTModelSound</string>
                <key>Name</key>
                <dict>
                    <key>value</key>
                    <string>09 _ speed 3.mp3</string>
                </dict>
                <key>fileFormat</key>
                <string>mp3</string>
            </dict>
            <dict>
                <key>id</key>
                <string>2433</string>
                <key>className</key>
                <string>PTModelSound</string>
                <key>Name</key>
                <dict>
                    <key>value</key>
                    <string>11 _ magnet 2.mp3</string>
                </dict>
                <key>fileFormat</key>
                <string>mp3</string>
            </dict>
        </array>
    </dict>
</plist>
