<?xml version="1.0" encoding="UTF-8"?>
<!DOCTYPE plist PUBLIC "-//Apple//DTD PLIST 1.0//EN" "http://www.apple.com/DTDs/PropertyList-1.0.dtd"/>

<plist version="1.0">
    <dict>
        <key>ROOT</key>
        <array>
            <dict>
                <key>id</key>
                <string>381</string>
                <key>Idle Animation</key>
                <dict>
                    <key>value</key>
                    <string>383</string>
                </dict>
                <key>Start Animation</key>
                <dict>
                    <key>value</key>
                    <string>405</string>
                </dict>
                <key>Start Sound</key>
                <dict>
                    <key>value</key>
                    <string>2422</string>
                </dict>
            </dict>
            <dict>
                <key>id</key>
                <string>717</string>
                <key>Idle Animation</key>
                <dict>
                    <key>value</key>
                    <string>719</string>
                </dict>
                <key>Start Animation</key>
                <dict>
                    <key>value</key>
                    <string>726</string>
                </dict>
                <key>Start Sound</key>
                <dict>
                    <key>value</key>
                    <string>2259</string>
                </dict>
            </dict>
            <dict>
                <key>id</key>
                <string>680</string>
                <key>Idle Animation</key>
                <dict>
                    <key>value</key>
                    <string>682</string>
                </dict>
                <key>Start Sound</key>
                <dict>
                    <key>value</key>
                    <string>2264</string>
                </dict>
            </dict>
            <dict>
                <key>id</key>
                <string>2338</string>
                <key>Idle Animation</key>
                <dict>
                    <key>value</key>
                    <string>2340</string>
                </dict>
                <key>Start Sound</key>
                <dict>
                    <key>value</key>
                    <string>2433</string>
                </dict>
            </dict>
            <dict>
                <key>id</key>
                <string>7229</string>
                <key>Idle Animation</key>
                <dict>
                    <key>value</key>
                    <string>7231</string>
                </dict>
                <key>Start Animation</key>
                <dict>
                    <key>value</key>
                    <string>7242</string>
                </dict>
                <key>Start Sound</key>
                <dict>
                    <key>value</key>
                    <string>2422</string>
                </dict>
            </dict>
        </array>
    </dict>
</plist>
