<?xml version="1.0" encoding="UTF-8"?>
<!DOCTYPE plist PUBLIC "-//Apple//DTD PLIST 1.0//EN" "http://www.apple.com/DTDs/PropertyList-1.0.dtd"/>

<plist version="1.0">
    <dict>
        <key>ROOT</key>
        <array>
            <dict>
                <key>id</key>
                <string>1527</string>
            </dict>
            <dict>
                <key>id</key>
                <string>1612</string>
            </dict>
            <dict>
                <key>id</key>
                <string>9248</string>
            </dict>
            <dict>
                <key>id</key>
                <string>9249</string>
            </dict>
            <dict>
                <key>id</key>
                <string>11333</string>
            </dict>
            <dict>
                <key>id</key>
                <string>11334</string>
            </dict>
            <dict>
                <key>id</key>
                <string>11369</string>
            </dict>
            <dict>
                <key>id</key>
                <string>11370</string>
            </dict>
        </array>
    </dict>
</plist>
