<?xml version="1.0" encoding="UTF-8"?>
<!DOCTYPE plist PUBLIC "-//Apple//DTD PLIST 1.0//EN" "http://www.apple.com/DTDs/PropertyList-1.0.dtd"/>

<plist version="1.0">
    <dict>
        <key>ROOT</key>
        <array>
            <dict>
                <key>id</key>
                <string>111</string>
                <key>className</key>
                <string>PTModelComponentCharacterGameplaySettings</string>
                <key>Name</key>
                <dict>
                    <key>visible</key>
                    <string>0</string>
                    <key>value</key>
                    <string>Character Gameplay Settings</string>
                </dict>
                <key>Max Speed</key>
                <dict>
                    <key>value</key>
                    <string>{27.000,0.000}</string>
                </dict>
                <key>Bounce Force</key>
                <dict>
                    <key>value</key>
                    <string>{0.000,50.000}</string>
                </dict>
                <key>Jump Force</key>
                <dict>
                    <key>value</key>
                    <string>{0.000,0.000}</string>
                </dict>
                <key>Air Drag</key>
                <dict>
                    <key>value</key>
                    <string>{1.000,1.000}</string>
                </dict>
            </dict>
            <dict>
                <key>id</key>
                <string>145</string>
                <key>className</key>
                <string>PTModelComponentCharacterGameplaySettings</string>
                <key>Name</key>
                <dict>
                    <key>visible</key>
                    <string>0</string>
                    <key>value</key>
                    <string>Character Gameplay Settings</string>
                </dict>
                <key>Max Speed</key>
                <dict>
                    <key>value</key>
                    <string>{27.000,0.000}</string>
                </dict>
                <key>Bounce Force</key>
                <dict>
                    <key>value</key>
                    <string>{0.000,50.000}</string>
                </dict>
                <key>Jump Force</key>
                <dict>
                    <key>value</key>
                    <string>{0.000,0.000}</string>
                </dict>
                <key>Air Drag</key>
                <dict>
                    <key>value</key>
                    <string>{1.000,1.000}</string>
                </dict>
            </dict>
            <dict>
                <key>id</key>
                <string>158</string>
                <key>className</key>
                <string>PTModelComponentCharacterGameplaySettings</string>
                <key>Name</key>
                <dict>
                    <key>visible</key>
                    <string>0</string>
                    <key>value</key>
                    <string>Character Gameplay Settings</string>
                </dict>
                <key>Max Speed</key>
                <dict>
                    <key>value</key>
                    <string>{15.000,0.000}</string>
                </dict>
                <key>Bounce Force</key>
                <dict>
                    <key>value</key>
                    <string>{0.000,1.000}</string>
                </dict>
                <key>Jump Force</key>
                <dict>
                    <key>value</key>
                    <string>{0.000,1.750}</string>
                </dict>
                <key>Jump Timeout</key>
                <dict>
                    <key>value</key>
                    <string>0.000000</string>
                </dict>
                <key>Left Lean Force</key>
                <dict>
                    <key>value</key>
                    <string>0.100000</string>
                </dict>
                <key>Right Lean Force</key>
                <dict>
                    <key>value</key>
                    <string>0.100000</string>
                </dict>
                <key>Air Drag</key>
                <dict>
                    <key>value</key>
                    <string>{1.000,1.000}</string>
                </dict>
                <key>Direct Movement</key>
                <dict>
                    <key>value</key>
                    <string>1</string>
                </dict>
                <key>Fixed Rotation</key>
                <dict>
                    <key>value</key>
                    <string>1</string>
                </dict>
            </dict>
            <dict>
                <key>id</key>
                <string>1348</string>
                <key>className</key>
                <string>PTModelComponentCharacterGameplaySettings</string>
                <key>Name</key>
                <dict>
                    <key>visible</key>
                    <string>0</string>
                    <key>value</key>
                    <string>Character Gameplay Settings</string>
                </dict>
                <key>Max Speed</key>
                <dict>
                    <key>value</key>
                    <string>{15.000,0.000}</string>
                </dict>
                <key>Bounce Force</key>
                <dict>
                    <key>value</key>
                    <string>{0.000,50.000}</string>
                </dict>
                <key>Jump Force</key>
                <dict>
                    <key>value</key>
                    <string>{0.000,1.750}</string>
                </dict>
                <key>Jump Timeout</key>
                <dict>
                    <key>value</key>
                    <string>0.000000</string>
                </dict>
                <key>Air Drag</key>
                <dict>
                    <key>value</key>
                    <string>{1.000,1.000}</string>
                </dict>
                <key>Direct Movement</key>
                <dict>
                    <key>value</key>
                    <string>1</string>
                </dict>
                <key>Fixed Rotation</key>
                <dict>
                    <key>value</key>
                    <string>1</string>
                </dict>
            </dict>
            <dict>
                <key>id</key>
                <string>1366</string>
                <key>className</key>
                <string>PTModelComponentCharacterGameplaySettings</string>
                <key>Name</key>
                <dict>
                    <key>visible</key>
                    <string>0</string>
                    <key>value</key>
                    <string>Character Gameplay Settings</string>
                </dict>
                <key>Max Speed</key>
                <dict>
                    <key>value</key>
                    <string>{15.000,0.000}</string>
                </dict>
                <key>Bounce Force</key>
                <dict>
                    <key>value</key>
                    <string>{0.000,50.000}</string>
                </dict>
                <key>Jump Force</key>
                <dict>
                    <key>value</key>
                    <string>{0.000,1.750}</string>
                </dict>
                <key>Jump Timeout</key>
                <dict>
                    <key>value</key>
                    <string>0.000000</string>
                </dict>
                <key>Air Drag</key>
                <dict>
                    <key>value</key>
                    <string>{1.000,1.000}</string>
                </dict>
                <key>Direct Movement</key>
                <dict>
                    <key>value</key>
                    <string>1</string>
                </dict>
                <key>Fixed Rotation</key>
                <dict>
                    <key>value</key>
                    <string>1</string>
                </dict>
            </dict>
        </array>
    </dict>
</plist>
