<?xml version="1.0" encoding="UTF-8"?>
<!DOCTYPE plist PUBLIC "-//Apple//DTD PLIST 1.0//EN" "http://www.apple.com/DTDs/PropertyList-1.0.dtd"/>

<plist version="1.0">
    <dict>
        <key>ROOT</key>
        <array>
            <dict>
                <key>id</key>
                <string>1624</string>
                <key>Image</key>
                <dict>
                    <key>value</key>
                    <string>1626</string>
                </dict>
                <key>Locked Image</key>
                <dict>
                    <key>value</key>
                    <string>1630</string>
                </dict>
                <key>Click Sound</key>
                <dict>
                    <key>value</key>
                    <string>2262</string>
                </dict>
            </dict>
            <dict>
                <key>id</key>
                <string>1986</string>
                <key>Image</key>
                <dict>
                    <key>value</key>
                    <string>2060</string>
                </dict>
                <key>Locked Image</key>
                <dict>
                    <key>value</key>
                    <string>2066</string>
                </dict>
                <key>Click Sound</key>
                <dict>
                    <key>value</key>
                    <string>2262</string>
                </dict>
            </dict>
            <dict>
                <key>id</key>
                <string>2073</string>
                <key>Image</key>
                <dict>
                    <key>value</key>
                    <string>2088</string>
                </dict>
                <key>Locked Image</key>
                <dict>
                    <key>value</key>
                    <string>2094</string>
                </dict>
                <key>Click Sound</key>
                <dict>
                    <key>value</key>
                    <string>2262</string>
                </dict>
            </dict>
            <dict>
                <key>id</key>
                <string>2075</string>
                <key>Image</key>
                <dict>
                    <key>value</key>
                    <string>2082</string>
                </dict>
                <key>Locked Image</key>
                <dict>
                    <key>value</key>
                    <string>2076</string>
                </dict>
                <key>Click Sound</key>
                <dict>
                    <key>value</key>
                    <string>2262</string>
                </dict>
            </dict>
            <dict>
                <key>id</key>
                <string>8841</string>
                <key>Image</key>
                <dict>
                    <key>value</key>
                    <string>1626</string>
                </dict>
                <key>Locked Image</key>
                <dict>
                    <key>value</key>
                    <string>1630</string>
                </dict>
                <key>Click Sound</key>
                <dict>
                    <key>value</key>
                    <string>2262</string>
                </dict>
            </dict>
            <dict>
                <key>id</key>
                <string>8851</string>
                <key>Image</key>
                <dict>
                    <key>value</key>
                    <string>1626</string>
                </dict>
                <key>Locked Image</key>
                <dict>
                    <key>value</key>
                    <string>1630</string>
                </dict>
                <key>Click Sound</key>
                <dict>
                    <key>value</key>
                    <string>2262</string>
                </dict>
            </dict>
            <dict>
                <key>id</key>
                <string>8861</string>
                <key>Image</key>
                <dict>
                    <key>value</key>
                    <string>1626</string>
                </dict>
                <key>Locked Image</key>
                <dict>
                    <key>value</key>
                    <string>1630</string>
                </dict>
                <key>Click Sound</key>
                <dict>
                    <key>value</key>
                    <string>2262</string>
                </dict>
            </dict>
        </array>
    </dict>
</plist>
