<?xml version="1.0" encoding="UTF-8"?>
<!DOCTYPE plist PUBLIC "-//Apple//DTD PLIST 1.0//EN" "http://www.apple.com/DTDs/PropertyList-1.0.dtd"/>

<plist version="1.0">
    <dict>
        <key>ROOT</key>
        <array>
            <dict>
                <key>id</key>
                <string>4315</string>
            </dict>
            <dict>
                <key>id</key>
                <string>4580</string>
            </dict>
            <dict>
                <key>id</key>
                <string>5446</string>
            </dict>
            <dict>
                <key>id</key>
                <string>6035</string>
            </dict>
            <dict>
                <key>id</key>
                <string>7628</string>
            </dict>
            <dict>
                <key>id</key>
                <string>9083</string>
            </dict>
            <dict>
                <key>id</key>
                <string>9534</string>
            </dict>
        </array>
    </dict>
</plist>
