<?xml version="1.0" encoding="UTF-8"?>
<!DOCTYPE plist PUBLIC "-//Apple//DTD PLIST 1.0//EN" "http://www.apple.com/DTDs/PropertyList-1.0.dtd"/>

<plist version="1.0">
    <dict>
        <key>ROOT</key>
        <array>
            <dict>
                <key>id</key>
                <string>101</string>
                <key>className</key>
                <string>PTNodeUI</string>
                <key>Name</key>
                <dict>
                    <key>value</key>
                    <string>World UI S01-Joystick</string>
                </dict>
                <key>Position</key>
                <dict>
                    <key>value</key>
                    <string>{606.000,-776.000}</string>
                </dict>
            </dict>
            <dict>
                <key>id</key>
                <string>331</string>
                <key>className</key>
                <string>PTNodeUI</string>
                <key>Name</key>
                <dict>
                    <key>value</key>
                    <string>Home</string>
                </dict>
                <key>Position</key>
                <dict>
                    <key>value</key>
                    <string>{-938.000,-402.000}</string>
                </dict>
            </dict>
            <dict>
                <key>id</key>
                <string>342</string>
                <key>className</key>
                <string>PTNodeUI</string>
                <key>Name</key>
                <dict>
                    <key>value</key>
                    <string>Game Over UI</string>
                </dict>
                <key>Position</key>
                <dict>
                    <key>value</key>
                    <string>{1085.000,-919.000}</string>
                </dict>
            </dict>
            <dict>
                <key>id</key>
                <string>1284</string>
                <key>className</key>
                <string>PTNodeUI</string>
                <key>Name</key>
                <dict>
                    <key>value</key>
                    <string>Select your car</string>
                </dict>
                <key>Position</key>
                <dict>
                    <key>value</key>
                    <string>{-743.000,-400.000}</string>
                </dict>
            </dict>
            <dict>
                <key>id</key>
                <string>1315</string>
                <key>className</key>
                <string>PTNodeUI</string>
                <key>Name</key>
                <dict>
                    <key>value</key>
                    <string>World UI S01-Manette</string>
                </dict>
                <key>Position</key>
                <dict>
                    <key>value</key>
                    <string>{606.000,-903.000}</string>
                </dict>
            </dict>
            <dict>
                <key>id</key>
                <string>1540</string>
                <key>className</key>
                <string>PTNodeUI</string>
                <key>Name</key>
                <dict>
                    <key>value</key>
                    <string>Stage 01</string>
                </dict>
                <key>Position</key>
                <dict>
                    <key>value</key>
                    <string>{3.000,-801.000}</string>
                </dict>
            </dict>
            <dict>
                <key>id</key>
                <string>1843</string>
                <key>className</key>
                <string>PTNodeUI</string>
                <key>Name</key>
                <dict>
                    <key>value</key>
                    <string>Pause</string>
                </dict>
                <key>Position</key>
                <dict>
                    <key>value</key>
                    <string>{1084.000,-834.000}</string>
                </dict>
            </dict>
            <dict>
                <key>id</key>
                <string>1900</string>
                <key>className</key>
                <string>PTNodeUI</string>
                <key>Name</key>
                <dict>
                    <key>value</key>
                    <string>YOU WIN - 20</string>
                </dict>
                <key>Position</key>
                <dict>
                    <key>value</key>
                    <string>{1082.000,-750.000}</string>
                </dict>
            </dict>
            <dict>
                <key>id</key>
                <string>1978</string>
                <key>className</key>
                <string>PTNodeUI</string>
                <key>Name</key>
                <dict>
                    <key>value</key>
                    <string>Select Stage</string>
                </dict>
                <key>Position</key>
                <dict>
                    <key>value</key>
                    <string>{-549.000,-402.000}</string>
                </dict>
            </dict>
            <dict>
                <key>id</key>
                <string>8833</string>
                <key>className</key>
                <string>PTNodeUI</string>
                <key>Name</key>
                <dict>
                    <key>value</key>
                    <string>Stage 02</string>
                </dict>
                <key>Position</key>
                <dict>
                    <key>value</key>
                    <string>{5.000,-526.000}</string>
                </dict>
            </dict>
            <dict>
                <key>id</key>
                <string>8843</string>
                <key>className</key>
                <string>PTNodeUI</string>
                <key>Name</key>
                <dict>
                    <key>value</key>
                    <string>Stage 03</string>
                </dict>
                <key>Position</key>
                <dict>
                    <key>value</key>
                    <string>{2.000,-230.000}</string>
                </dict>
            </dict>
            <dict>
                <key>id</key>
                <string>8853</string>
                <key>className</key>
                <string>PTNodeUI</string>
                <key>Name</key>
                <dict>
                    <key>value</key>
                    <string>Stage 04</string>
                </dict>
                <key>Position</key>
                <dict>
                    <key>value</key>
                    <string>{1.000,45.000}</string>
                </dict>
            </dict>
            <dict>
                <key>id</key>
                <string>9202</string>
                <key>className</key>
                <string>PTNodeUI</string>
                <key>Name</key>
                <dict>
                    <key>value</key>
                    <string>World UI S02-Manette</string>
                </dict>
                <key>Position</key>
                <dict>
                    <key>value</key>
                    <string>{606.000,-573.000}</string>
                </dict>
            </dict>
            <dict>
                <key>id</key>
                <string>9236</string>
                <key>className</key>
                <string>PTNodeUI</string>
                <key>Name</key>
                <dict>
                    <key>value</key>
                    <string>World UI S-02 Joystick</string>
                </dict>
                <key>Position</key>
                <dict>
                    <key>value</key>
                    <string>{609.000,-455.000}</string>
                </dict>
            </dict>
            <dict>
                <key>id</key>
                <string>9795</string>
                <key>className</key>
                <string>PTNodeUI</string>
                <key>Name</key>
                <dict>
                    <key>value</key>
                    <string>YOU WIN - 20</string>
                </dict>
                <key>Position</key>
                <dict>
                    <key>value</key>
                    <string>{1095.000,-431.000}</string>
                </dict>
            </dict>
            <dict>
                <key>id</key>
                <string>11287</string>
                <key>className</key>
                <string>PTNodeUI</string>
                <key>Name</key>
                <dict>
                    <key>value</key>
                    <string>World UI S03-Manette</string>
                </dict>
                <key>Position</key>
                <dict>
                    <key>value</key>
                    <string>{602.000,-277.000}</string>
                </dict>
            </dict>
            <dict>
                <key>id</key>
                <string>11321</string>
                <key>className</key>
                <string>PTNodeUI</string>
                <key>Name</key>
                <dict>
                    <key>value</key>
                    <string>World UI S-03 Joystick</string>
                </dict>
                <key>Position</key>
                <dict>
                    <key>value</key>
                    <string>{603.000,-164.000}</string>
                </dict>
            </dict>
            <dict>
                <key>id</key>
                <string>11340</string>
                <key>className</key>
                <string>PTNodeUI</string>
                <key>Name</key>
                <dict>
                    <key>value</key>
                    <string>World UI S04-Manette</string>
                </dict>
                <key>Position</key>
                <dict>
                    <key>value</key>
                    <string>{596.000,23.000}</string>
                </dict>
            </dict>
            <dict>
                <key>id</key>
                <string>11357</string>
                <key>className</key>
                <string>PTNodeUI</string>
                <key>Name</key>
                <dict>
                    <key>value</key>
                    <string>World UI S-04 Joystick</string>
                </dict>
                <key>Position</key>
                <dict>
                    <key>value</key>
                    <string>{595.000,136.000}</string>
                </dict>
            </dict>
            <dict>
                <key>id</key>
                <string>11480</string>
                <key>className</key>
                <string>PTNodeUI</string>
                <key>Name</key>
                <dict>
                    <key>value</key>
                    <string>YOU WIN - 20</string>
                </dict>
                <key>Position</key>
                <dict>
                    <key>value</key>
                    <string>{1095.000,-118.000}</string>
                </dict>
            </dict>
            <dict>
                <key>id</key>
                <string>11512</string>
                <key>className</key>
                <string>PTNodeUI</string>
                <key>Name</key>
                <dict>
                    <key>value</key>
                    <string>YOU WIN - 20</string>
                </dict>
                <key>Position</key>
                <dict>
                    <key>value</key>
                    <string>{1094.000,182.000}</string>
                </dict>
            </dict>
            <dict>
                <key>id</key>
                <string>11710</string>
                <key>className</key>
                <string>PTNodeUI</string>
                <key>Name</key>
                <dict>
                    <key>value</key>
                    <string>Pause</string>
                </dict>
                <key>Position</key>
                <dict>
                    <key>value</key>
                    <string>{1092.000,-508.000}</string>
                </dict>
            </dict>
            <dict>
                <key>id</key>
                <string>11736</string>
                <key>className</key>
                <string>PTNodeUI</string>
                <key>Name</key>
                <dict>
                    <key>value</key>
                    <string>Pause</string>
                </dict>
                <key>Position</key>
                <dict>
                    <key>value</key>
                    <string>{1095.000,-196.000}</string>
                </dict>
            </dict>
            <dict>
                <key>id</key>
                <string>11762</string>
                <key>className</key>
                <string>PTNodeUI</string>
                <key>Name</key>
                <dict>
                    <key>value</key>
                    <string>Pause</string>
                </dict>
                <key>Position</key>
                <dict>
                    <key>value</key>
                    <string>{1096.000,96.000}</string>
                </dict>
            </dict>
            <dict>
                <key>id</key>
                <string>11788</string>
                <key>className</key>
                <string>PTNodeUI</string>
                <key>Name</key>
                <dict>
                    <key>value</key>
                    <string>Game Over UI</string>
                </dict>
                <key>Position</key>
                <dict>
                    <key>value</key>
                    <string>{1092.000,-586.000}</string>
                </dict>
            </dict>
            <dict>
                <key>id</key>
                <string>11814</string>
                <key>className</key>
                <string>PTNodeUI</string>
                <key>Name</key>
                <dict>
                    <key>value</key>
                    <string>Game Over UI</string>
                </dict>
                <key>Position</key>
                <dict>
                    <key>value</key>
                    <string>{1094.000,-278.000}</string>
                </dict>
            </dict>
            <dict>
                <key>id</key>
                <string>11840</string>
                <key>className</key>
                <string>PTNodeUI</string>
                <key>Name</key>
                <dict>
                    <key>value</key>
                    <string>Game Over UI</string>
                </dict>
                <key>Position</key>
                <dict>
                    <key>value</key>
                    <string>{1095.000,19.000}</string>
                </dict>
            </dict>
        </array>
    </dict>
</plist>
