<?xml version="1.0" encoding="UTF-8"?>
<!DOCTYPE plist PUBLIC "-//Apple//DTD PLIST 1.0//EN" "http://www.apple.com/DTDs/PropertyList-1.0.dtd"/>

<plist version="1.0">
    <dict>
        <key>ROOT</key>
        <array>
            <dict>
                <key>id</key>
                <string>101</string>
                <key>Pause</key>
                <dict>
                    <key>connectedModelId</key>
                    <string>1843</string>
                    <key>attributeName</key>
                    <string>Load</string>
                    <key>isAction</key>
                    <string>true</string>
                </dict>
                <key>You win</key>
                <dict>
                    <key>connectedModelId</key>
                    <string>1900</string>
                    <key>attributeName</key>
                    <string>Load</string>
                    <key>isAction</key>
                    <string>true</string>
                </dict>
                <key>Game Over</key>
                <dict>
                    <key>connectedModelId</key>
                    <string>342</string>
                    <key>attributeName</key>
                    <string>Load</string>
                    <key>isAction</key>
                    <string>true</string>
                </dict>
                <key>modelId</key>
                <string>102</string>
                <key>attributesCount</key>
                <string>6</string>
            </dict>
            <dict>
                <key>id</key>
                <string>331</string>
                <key>Play</key>
                <dict>
                    <key>connectedModelId</key>
                    <string>1284</string>
                    <key>attributeName</key>
                    <string>Load</string>
                    <key>isAction</key>
                    <string>true</string>
                </dict>
                <key>modelId</key>
                <string>332</string>
                <key>attributesCount</key>
                <string>4</string>
            </dict>
            <dict>
                <key>id</key>
                <string>342</string>
                <key>modelId</key>
                <string>343</string>
                <key>attributesCount</key>
                <string>3</string>
            </dict>
            <dict>
                <key>id</key>
                <string>1284</string>
                <key>PLAY</key>
                <dict>
                    <key>connectedModelId</key>
                    <string>1978</string>
                    <key>attributeName</key>
                    <string>Load</string>
                    <key>isAction</key>
                    <string>true</string>
                </dict>
                <key>modelId</key>
                <string>1285</string>
                <key>attributesCount</key>
                <string>4</string>
            </dict>
            <dict>
                <key>id</key>
                <string>1315</string>
                <key>Game Over</key>
                <dict>
                    <key>connectedModelId</key>
                    <string>342</string>
                    <key>attributeName</key>
                    <string>Load</string>
                    <key>isAction</key>
                    <string>true</string>
                </dict>
                <key>Pause</key>
                <dict>
                    <key>connectedModelId</key>
                    <string>1843</string>
                    <key>attributeName</key>
                    <string>Load</string>
                    <key>isAction</key>
                    <string>true</string>
                </dict>
                <key>You win</key>
                <dict>
                    <key>connectedModelId</key>
                    <string>1900</string>
                    <key>attributeName</key>
                    <string>Load</string>
                    <key>isAction</key>
                    <string>true</string>
                </dict>
                <key>modelId</key>
                <string>1316</string>
                <key>attributesCount</key>
                <string>6</string>
            </dict>
            <dict>
                <key>id</key>
                <string>1540</string>
                <key>Manette</key>
                <dict>
                    <key>connectedModelId</key>
                    <string>3618</string>
                    <key>attributeName</key>
                    <string>Load</string>
                    <key>isAction</key>
                    <string>true</string>
                </dict>
                <key>joystick</key>
                <dict>
                    <key>connectedModelId</key>
                    <string>8863</string>
                    <key>attributeName</key>
                    <string>Load</string>
                    <key>isAction</key>
                    <string>true</string>
                </dict>
                <key>modelId</key>
                <string>1541</string>
                <key>attributesCount</key>
                <string>6</string>
            </dict>
            <dict>
                <key>id</key>
                <string>1843</string>
                <key>modelId</key>
                <string>1844</string>
                <key>attributesCount</key>
                <string>3</string>
            </dict>
            <dict>
                <key>id</key>
                <string>1900</string>
                <key>modelId</key>
                <string>1901</string>
                <key>attributesCount</key>
                <string>3</string>
            </dict>
            <dict>
                <key>id</key>
                <string>1978</string>
                <key>Stage 03</key>
                <dict>
                    <key>connectedModelId</key>
                    <string>8843</string>
                    <key>attributeName</key>
                    <string>Load</string>
                    <key>isAction</key>
                    <string>true</string>
                </dict>
                <key>Stage 04</key>
                <dict>
                    <key>connectedModelId</key>
                    <string>8853</string>
                    <key>attributeName</key>
                    <string>Load</string>
                    <key>isAction</key>
                    <string>true</string>
                </dict>
                <key>Stage 02</key>
                <dict>
                    <key>connectedModelId</key>
                    <string>8833</string>
                    <key>attributeName</key>
                    <string>Load</string>
                    <key>isAction</key>
                    <string>true</string>
                </dict>
                <key>Stage 01</key>
                <dict>
                    <key>connectedModelId</key>
                    <string>1540</string>
                    <key>attributeName</key>
                    <string>Load</string>
                    <key>isAction</key>
                    <string>true</string>
                </dict>
                <key>BACK</key>
                <dict>
                    <key>connectedModelId</key>
                    <string>1284</string>
                    <key>attributeName</key>
                    <string>Load</string>
                    <key>isAction</key>
                    <string>true</string>
                </dict>
                <key>modelId</key>
                <string>1979</string>
                <key>attributesCount</key>
                <string>8</string>
            </dict>
            <dict>
                <key>id</key>
                <string>8833</string>
                <key>Manette</key>
                <dict>
                    <key>connectedModelId</key>
                    <string>4357</string>
                    <key>attributeName</key>
                    <string>Load</string>
                    <key>isAction</key>
                    <string>true</string>
                </dict>
                <key>joystick</key>
                <dict>
                    <key>connectedModelId</key>
                    <string>9255</string>
                    <key>attributeName</key>
                    <string>Load</string>
                    <key>isAction</key>
                    <string>true</string>
                </dict>
                <key>modelId</key>
                <string>8834</string>
                <key>attributesCount</key>
                <string>6</string>
            </dict>
            <dict>
                <key>id</key>
                <string>8843</string>
                <key>Manette</key>
                <dict>
                    <key>connectedModelId</key>
                    <string>5707</string>
                    <key>attributeName</key>
                    <string>Load</string>
                    <key>isAction</key>
                    <string>true</string>
                </dict>
                <key>joystick</key>
                <dict>
                    <key>connectedModelId</key>
                    <string>9853</string>
                    <key>attributeName</key>
                    <string>Load</string>
                    <key>isAction</key>
                    <string>true</string>
                </dict>
                <key>modelId</key>
                <string>8844</string>
                <key>attributesCount</key>
                <string>6</string>
            </dict>
            <dict>
                <key>id</key>
                <string>8853</string>
                <key>Manette</key>
                <dict>
                    <key>connectedModelId</key>
                    <string>8009</string>
                    <key>attributeName</key>
                    <string>Load</string>
                    <key>isAction</key>
                    <string>true</string>
                </dict>
                <key>joystick</key>
                <dict>
                    <key>connectedModelId</key>
                    <string>10570</string>
                    <key>attributeName</key>
                    <string>Load</string>
                    <key>isAction</key>
                    <string>true</string>
                </dict>
                <key>modelId</key>
                <string>8854</string>
                <key>attributesCount</key>
                <string>6</string>
            </dict>
            <dict>
                <key>id</key>
                <string>9202</string>
                <key>Game Over</key>
                <dict>
                    <key>connectedModelId</key>
                    <string>11788</string>
                    <key>attributeName</key>
                    <string>Load</string>
                    <key>isAction</key>
                    <string>true</string>
                </dict>
                <key>Pause</key>
                <dict>
                    <key>connectedModelId</key>
                    <string>11710</string>
                    <key>attributeName</key>
                    <string>Load</string>
                    <key>isAction</key>
                    <string>true</string>
                </dict>
                <key>You win</key>
                <dict>
                    <key>connectedModelId</key>
                    <string>9795</string>
                    <key>attributeName</key>
                    <string>Load</string>
                    <key>isAction</key>
                    <string>true</string>
                </dict>
                <key>modelId</key>
                <string>9203</string>
                <key>attributesCount</key>
                <string>6</string>
            </dict>
            <dict>
                <key>id</key>
                <string>9236</string>
                <key>Pause</key>
                <dict>
                    <key>connectedModelId</key>
                    <string>11710</string>
                    <key>attributeName</key>
                    <string>Load</string>
                    <key>isAction</key>
                    <string>true</string>
                </dict>
                <key>You win</key>
                <dict>
                    <key>connectedModelId</key>
                    <string>9795</string>
                    <key>attributeName</key>
                    <string>Load</string>
                    <key>isAction</key>
                    <string>true</string>
                </dict>
                <key>Game Over</key>
                <dict>
                    <key>connectedModelId</key>
                    <string>11788</string>
                    <key>attributeName</key>
                    <string>Load</string>
                    <key>isAction</key>
                    <string>true</string>
                </dict>
                <key>modelId</key>
                <string>9237</string>
                <key>attributesCount</key>
                <string>6</string>
            </dict>
            <dict>
                <key>id</key>
                <string>9795</string>
                <key>modelId</key>
                <string>9796</string>
                <key>attributesCount</key>
                <string>3</string>
            </dict>
            <dict>
                <key>id</key>
                <string>11287</string>
                <key>Game Over</key>
                <dict>
                    <key>connectedModelId</key>
                    <string>11814</string>
                    <key>attributeName</key>
                    <string>Load</string>
                    <key>isAction</key>
                    <string>true</string>
                </dict>
                <key>Pause</key>
                <dict>
                    <key>connectedModelId</key>
                    <string>11736</string>
                    <key>attributeName</key>
                    <string>Load</string>
                    <key>isAction</key>
                    <string>true</string>
                </dict>
                <key>You win</key>
                <dict>
                    <key>connectedModelId</key>
                    <string>11480</string>
                    <key>attributeName</key>
                    <string>Load</string>
                    <key>isAction</key>
                    <string>true</string>
                </dict>
                <key>modelId</key>
                <string>11288</string>
                <key>attributesCount</key>
                <string>6</string>
            </dict>
            <dict>
                <key>id</key>
                <string>11321</string>
                <key>Pause</key>
                <dict>
                    <key>connectedModelId</key>
                    <string>11736</string>
                    <key>attributeName</key>
                    <string>Load</string>
                    <key>isAction</key>
                    <string>true</string>
                </dict>
                <key>You win</key>
                <dict>
                    <key>connectedModelId</key>
                    <string>11480</string>
                    <key>attributeName</key>
                    <string>Load</string>
                    <key>isAction</key>
                    <string>true</string>
                </dict>
                <key>Game Over</key>
                <dict>
                    <key>connectedModelId</key>
                    <string>11814</string>
                    <key>attributeName</key>
                    <string>Load</string>
                    <key>isAction</key>
                    <string>true</string>
                </dict>
                <key>modelId</key>
                <string>11322</string>
                <key>attributesCount</key>
                <string>6</string>
            </dict>
            <dict>
                <key>id</key>
                <string>11340</string>
                <key>Game Over</key>
                <dict>
                    <key>connectedModelId</key>
                    <string>11840</string>
                    <key>attributeName</key>
                    <string>Load</string>
                    <key>isAction</key>
                    <string>true</string>
                </dict>
                <key>Pause</key>
                <dict>
                    <key>connectedModelId</key>
                    <string>11762</string>
                    <key>attributeName</key>
                    <string>Load</string>
                    <key>isAction</key>
                    <string>true</string>
                </dict>
                <key>You win</key>
                <dict>
                    <key>connectedModelId</key>
                    <string>11512</string>
                    <key>attributeName</key>
                    <string>Load</string>
                    <key>isAction</key>
                    <string>true</string>
                </dict>
                <key>modelId</key>
                <string>11341</string>
                <key>attributesCount</key>
                <string>6</string>
            </dict>
            <dict>
                <key>id</key>
                <string>11357</string>
                <key>Pause</key>
                <dict>
                    <key>connectedModelId</key>
                    <string>11762</string>
                    <key>attributeName</key>
                    <string>Load</string>
                    <key>isAction</key>
                    <string>true</string>
                </dict>
                <key>You win</key>
                <dict>
                    <key>connectedModelId</key>
                    <string>11512</string>
                    <key>attributeName</key>
                    <string>Load</string>
                    <key>isAction</key>
                    <string>true</string>
                </dict>
                <key>Game Over</key>
                <dict>
                    <key>connectedModelId</key>
                    <string>11840</string>
                    <key>attributeName</key>
                    <string>Load</string>
                    <key>isAction</key>
                    <string>true</string>
                </dict>
                <key>modelId</key>
                <string>11358</string>
                <key>attributesCount</key>
                <string>6</string>
            </dict>
            <dict>
                <key>id</key>
                <string>11480</string>
                <key>modelId</key>
                <string>11481</string>
                <key>attributesCount</key>
                <string>3</string>
            </dict>
            <dict>
                <key>id</key>
                <string>11512</string>
                <key>modelId</key>
                <string>11513</string>
                <key>attributesCount</key>
                <string>3</string>
            </dict>
            <dict>
                <key>id</key>
                <string>11710</string>
                <key>modelId</key>
                <string>11711</string>
                <key>attributesCount</key>
                <string>3</string>
            </dict>
            <dict>
                <key>id</key>
                <string>11736</string>
                <key>modelId</key>
                <string>11737</string>
                <key>attributesCount</key>
                <string>3</string>
            </dict>
            <dict>
                <key>id</key>
                <string>11762</string>
                <key>modelId</key>
                <string>11763</string>
                <key>attributesCount</key>
                <string>3</string>
            </dict>
            <dict>
                <key>id</key>
                <string>11788</string>
                <key>modelId</key>
                <string>11789</string>
                <key>attributesCount</key>
                <string>3</string>
            </dict>
            <dict>
                <key>id</key>
                <string>11814</string>
                <key>modelId</key>
                <string>11815</string>
                <key>attributesCount</key>
                <string>3</string>
            </dict>
            <dict>
                <key>id</key>
                <string>11840</string>
                <key>modelId</key>
                <string>11841</string>
                <key>attributesCount</key>
                <string>3</string>
            </dict>
        </array>
    </dict>
</plist>
