<?xml version="1.0" encoding="UTF-8"?>
<!DOCTYPE plist PUBLIC "-//Apple//DTD PLIST 1.0//EN" "http://www.apple.com/DTDs/PropertyList-1.0.dtd"/>

<plist version="1.0">
    <dict>
        <key>ROOT</key>
        <array>
            <dict>
                <key>id</key>
                <string>99</string>
                <key>className</key>
                <string>PTNodeScene</string>
                <key>Name</key>
                <dict>
                    <key>value</key>
                    <string>Stage 03 Manette</string>
                </dict>
                <key>Position</key>
                <dict>
                    <key>value</key>
                    <string>{2017.000,542.000}</string>
                </dict>
            </dict>
            <dict>
                <key>id</key>
                <string>1572</string>
                <key>className</key>
                <string>PTNodeScene</string>
                <key>Name</key>
                <dict>
                    <key>value</key>
                    <string>stage 01 joystick</string>
                </dict>
                <key>Position</key>
                <dict>
                    <key>value</key>
                    <string>{2135.000,-1147.000}</string>
                </dict>
            </dict>
            <dict>
                <key>id</key>
                <string>3618</string>
                <key>className</key>
                <string>PTNodeScene</string>
                <key>Name</key>
                <dict>
                    <key>value</key>
                    <string>Stage 01  Manette</string>
                </dict>
                <key>Position</key>
                <dict>
                    <key>value</key>
                    <string>{305.000,-872.000}</string>
                </dict>
            </dict>
            <dict>
                <key>id</key>
                <string>4357</string>
                <key>className</key>
                <string>PTNodeScene</string>
                <key>Name</key>
                <dict>
                    <key>value</key>
                    <string>Stage 02  Manette</string>
                </dict>
                <key>Position</key>
                <dict>
                    <key>value</key>
                    <string>{300.000,-548.000}</string>
                </dict>
            </dict>
            <dict>
                <key>id</key>
                <string>5707</string>
                <key>className</key>
                <string>PTNodeScene</string>
                <key>Name</key>
                <dict>
                    <key>value</key>
                    <string>Stage 03 Manette</string>
                </dict>
                <key>Position</key>
                <dict>
                    <key>value</key>
                    <string>{301.000,-251.000}</string>
                </dict>
            </dict>
            <dict>
                <key>id</key>
                <string>8009</string>
                <key>className</key>
                <string>PTNodeScene</string>
                <key>Name</key>
                <dict>
                    <key>value</key>
                    <string>Stage 04 Manette</string>
                </dict>
                <key>Position</key>
                <dict>
                    <key>value</key>
                    <string>{303.000,38.000}</string>
                </dict>
            </dict>
            <dict>
                <key>id</key>
                <string>8863</string>
                <key>className</key>
                <string>PTNodeScene</string>
                <key>Name</key>
                <dict>
                    <key>value</key>
                    <string>Stage 01  Joystick</string>
                </dict>
                <key>Position</key>
                <dict>
                    <key>value</key>
                    <string>{303.000,-768.000}</string>
                </dict>
            </dict>
            <dict>
                <key>id</key>
                <string>9255</string>
                <key>className</key>
                <string>PTNodeScene</string>
                <key>Name</key>
                <dict>
                    <key>value</key>
                    <string>Stage 02  Joystick</string>
                </dict>
                <key>Position</key>
                <dict>
                    <key>value</key>
                    <string>{300.000,-464.000}</string>
                </dict>
            </dict>
            <dict>
                <key>id</key>
                <string>9853</string>
                <key>className</key>
                <string>PTNodeScene</string>
                <key>Name</key>
                <dict>
                    <key>value</key>
                    <string>Stage 03 Joystick</string>
                </dict>
                <key>Position</key>
                <dict>
                    <key>value</key>
                    <string>{303.000,-173.000}</string>
                </dict>
            </dict>
            <dict>
                <key>id</key>
                <string>10570</string>
                <key>className</key>
                <string>PTNodeScene</string>
                <key>Name</key>
                <dict>
                    <key>value</key>
                    <string>Stage 04 Joystick</string>
                </dict>
                <key>Position</key>
                <dict>
                    <key>value</key>
                    <string>{302.000,113.000}</string>
                </dict>
            </dict>
        </array>
    </dict>
</plist>
